{
	"credit": "Made with Blockbench",
	"texture_size": [64, 64],
	"textures": {
		"5": "zombie/cap",
		"particle": "zombie/cap"
	},
	"elements": [
		{
			"from": [1, 6.3125, 1],
			"to": [15, 6.8125, 15],
			"faces": {
				"north": {"uv": [11.25, 10, 14.75, 10.125], "texture": "#5"},
				"east": {"uv": [11.25, 10.25, 14.75, 10.375], "texture": "#5"},
				"south": {"uv": [11.25, 10.5, 14.75, 10.625], "texture": "#5"},
				"west": {"uv": [11.25, 10.75, 14.75, 10.875], "texture": "#5"},
				"up": {"uv": [3.5, 3.5, 0, 0], "texture": "#5"},
				"down": {"uv": [3.5, 3.5, 0, 7], "texture": "#5"}
			}
		},
		{
			"from": [1, 0, -7.375],
			"to": [15, 0.5, 0.125],
			"faces": {
				"north": {"uv": [11.25, 11, 14.75, 11.125], "texture": "#5"},
				"east": {"uv": [12, 1.25, 13.875, 1.375], "texture": "#5"},
				"south": {"uv": [11.25, 11.25, 14.75, 11.375], "texture": "#5"},
				"west": {"uv": [12, 1.25, 13.875, 1.375], "texture": "#5"},
				"up": {"uv": [10.5, 5.375, 7.25, 3.5], "texture": "#5"},
				"down": {"uv": [10.5, 5.375, 7.25, 3.5], "texture": "#5"}
			}
		},
		{
			"from": [0.5, 0, 0.5],
			"to": [1.5, 6.5, 15.5],
			"faces": {
				"north": {"uv": [11.25, 11.5, 11.5, 13.125], "texture": "#5"},
				"east": {"uv": [3.5, 4, 7.25, 5.625], "texture": "#5"},
				"south": {"uv": [11.5, 11.5, 11.75, 13.125], "texture": "#5"},
				"west": {"uv": [3.5, 5.75, 7.25, 7.375], "texture": "#5"},
				"up": {"uv": [9.5, 14.75, 9.25, 11], "texture": "#5"},
				"down": {"uv": [9.75, 11, 9.5, 14.75], "texture": "#5"}
			}
		},
		{
			"from": [14.5, 0, 0.5],
			"to": [15.5, 6.5, 15.5],
			"faces": {
				"north": {"uv": [11.75, 0, 12, 1.625], "texture": "#5"},
				"east": {"uv": [7, 0, 10.75, 1.625], "texture": "#5"},
				"south": {"uv": [11.75, 1.75, 12, 3.375], "texture": "#5"},
				"west": {"uv": [7, 1.75, 10.75, 3.375], "texture": "#5"},
				"up": {"uv": [10, 14.75, 9.75, 11], "texture": "#5"},
				"down": {"uv": [10.25, 11, 10, 14.75], "texture": "#5"}
			}
		},
		{
			"from": [1.5, 0, 0.5],
			"to": [15, 6.5, 1.5],
			"faces": {
				"north": {"uv": [7.25, 5.5, 10.625, 7.125], "texture": "#5"},
				"east": {"uv": [3.5, 11.75, 3.75, 13.375], "texture": "#5"},
				"south": {"uv": [7.25, 7.25, 10.625, 8.875], "texture": "#5"},
				"up": {"uv": [14.625, 9.25, 11.25, 9], "texture": "#5"},
				"down": {"uv": [14.625, 9.25, 11.25, 9.5], "texture": "#5"}
			}
		},
		{
			"from": [1.5, 0, 14.5],
			"to": [5.5, 6.5, 15.5],
			"faces": {
				"north": {"uv": [10.25, 9, 11.25, 10.625], "texture": "#5"},
				"east": {"uv": [3.75, 11.75, 4, 13.375], "texture": "#5"},
				"south": {"uv": [10.5, 3.5, 11.5, 5.125], "texture": "#5"},
				"up": {"uv": [12.75, 12, 11.75, 11.75], "texture": "#5"},
				"down": {"uv": [13, 0, 12, 0.25], "texture": "#5"}
			}
		},
		{
			"from": [10.5, 0, 14.5],
			"to": [14.5, 6.5, 15.5],
			"faces": {
				"north": {"uv": [10.75, 0, 11.75, 1.625], "texture": "#5"},
				"south": {"uv": [10.75, 1.75, 11.75, 3.375], "texture": "#5"},
				"west": {"uv": [11.75, 3.75, 12, 5.375], "texture": "#5"},
				"up": {"uv": [13, 0.5, 12, 0.25], "texture": "#5"},
				"down": {"uv": [13, 0.5, 12, 0.75], "texture": "#5"}
			}
		},
		{
			"from": [5.5, 2.5, 15],
			"to": [10.5, 6.5, 15.5],
			"faces": {
				"north": {"uv": [8, 11, 9.25, 12], "texture": "#5"},
				"south": {"uv": [0, 11.25, 1.25, 12.25], "texture": "#5"},
				"up": {"uv": [13.25, 2.375, 12, 2.25], "texture": "#5"},
				"down": {"uv": [13.25, 2.5, 12, 2.625], "texture": "#5"}
			}
		},
		{
			"from": [5.5, 0.25, 15.25],
			"to": [10.5, 1.25, 15.3125],
			"faces": {
				"north": {"uv": [5, 11.75, 6.25, 12], "texture": "#5"},
				"south": {"uv": [11.75, 7.75, 13, 8], "texture": "#5"},
				"up": {"uv": [13.25, 8.51563, 12, 8.5], "texture": "#5"},
				"down": {"uv": [13.25, 8.75, 12, 8.76563], "texture": "#5"}
			}
		},
		{
			"from": [5.5, 2, 15],
			"to": [6, 2.5, 15.5],
			"faces": {
				"north": {"uv": [8.5, 12, 8.625, 12.125], "texture": "#5"},
				"east": {"uv": [8.75, 12, 8.875, 12.125], "texture": "#5"},
				"south": {"uv": [9, 12, 9.125, 12.125], "texture": "#5"},
				"down": {"uv": [11.875, 12, 11.75, 12.125], "texture": "#5"}
			}
		},
		{
			"from": [10, 2, 15],
			"to": [10.5, 2.5, 15.5],
			"faces": {
				"north": {"uv": [12, 12, 12.125, 12.125], "texture": "#5"},
				"south": {"uv": [0, 12.25, 0.125, 12.375], "texture": "#5"},
				"west": {"uv": [0.25, 12.25, 0.375, 12.375], "texture": "#5"},
				"down": {"uv": [0.625, 12.25, 0.5, 12.375], "texture": "#5"}
			}
		},
		{
			"from": [0, 0, 1],
			"to": [0.5, 5, 15],
			"faces": {
				"north": {"uv": [2.25, 12, 2.375, 13.25], "texture": "#5"},
				"south": {"uv": [12, 3.75, 12.125, 5], "texture": "#5"},
				"west": {"uv": [3.25, 7.5, 6.75, 8.75], "texture": "#5"},
				"up": {"uv": [2.625, 14.75, 2.5, 11.25], "texture": "#5"},
				"down": {"uv": [2.875, 11.25, 2.75, 14.75], "texture": "#5"}
			}
		},
		{
			"from": [0.125, 4.875, 1.5],
			"to": [0.625, 5.875, 14.5],
			"faces": {
				"north": {"uv": [6, 12, 6.125, 12.25], "texture": "#5"},
				"east": {"uv": [0, 9.75, 3.25, 10], "texture": "#5"},
				"south": {"uv": [8, 12, 8.125, 12.25], "texture": "#5"},
				"west": {"uv": [3.5, 10, 6.75, 10.25], "texture": "#5"},
				"up": {"uv": [4.125, 15, 4, 11.75], "texture": "#5"},
				"down": {"uv": [4.375, 11.75, 4.25, 15], "texture": "#5"}
			}
		},
		{
			"from": [15.375, 0, 1],
			"to": [15.875, 5, 15],
			"faces": {
				"north": {"uv": [5, 12, 5.125, 13.25], "texture": "#5"},
				"east": {"uv": [3.25, 8.75, 6.75, 10], "texture": "#5"},
				"south": {"uv": [5.25, 12, 5.375, 13.25], "texture": "#5"},
				"west": {"uv": [6.75, 9, 10.25, 10.25], "texture": "#5"},
				"up": {"uv": [3.125, 14.75, 3, 11.25], "texture": "#5"},
				"down": {"uv": [3.375, 11.25, 3.25, 14.75], "texture": "#5"}
			}
		},
		{
			"from": [15.3125, 5, 1.5],
			"to": [15.8125, 6, 14.5],
			"faces": {
				"north": {"uv": [8.25, 12, 8.375, 12.25], "texture": "#5"},
				"east": {"uv": [11.25, 9.5, 14.5, 9.75], "texture": "#5"},
				"south": {"uv": [12, 8.25, 12.125, 8.5], "texture": "#5"},
				"west": {"uv": [11.25, 9.75, 14.5, 10], "texture": "#5"},
				"up": {"uv": [4.625, 15, 4.5, 11.75], "texture": "#5"},
				"down": {"uv": [4.875, 11.75, 4.75, 15], "texture": "#5"}
			}
		},
		{
			"from": [11, 0, 15.125],
			"to": [15, 5.5, 15.625],
			"faces": {
				"north": {"uv": [10.75, 5.25, 11.75, 6.625], "texture": "#5"},
				"east": {"uv": [11.5, 3.75, 11.625, 5.125], "texture": "#5"},
				"south": {"uv": [10.75, 6.75, 11.75, 8.125], "texture": "#5"},
				"west": {"uv": [1.5, 12, 1.625, 13.375], "texture": "#5"},
				"up": {"uv": [13, 2.875, 12, 2.75], "texture": "#5"},
				"down": {"uv": [13, 3, 12, 3.125], "texture": "#5"}
			}
		},
		{
			"from": [1, 0, 15.125],
			"to": [5, 5.5, 15.625],
			"faces": {
				"north": {"uv": [10.25, 10.75, 11.25, 12.125], "texture": "#5"},
				"east": {"uv": [1.75, 12, 1.875, 13.375], "texture": "#5"},
				"south": {"uv": [7, 11, 8, 12.375], "texture": "#5"},
				"west": {"uv": [2, 12, 2.125, 13.375], "texture": "#5"},
				"up": {"uv": [13, 3.375, 12, 3.25], "texture": "#5"},
				"down": {"uv": [13, 5, 12, 5.125], "texture": "#5"}
			}
		},
		{
			"from": [1.5, 3, 15.1875],
			"to": [14.5, 6, 15.6875],
			"faces": {
				"north": {"uv": [0, 9, 3.25, 9.75], "texture": "#5"},
				"east": {"uv": [6.75, 8.25, 6.875, 9], "texture": "#5"},
				"south": {"uv": [7, 10.25, 10.25, 11], "texture": "#5"},
				"west": {"uv": [7, 8.25, 7.125, 9], "texture": "#5"},
				"up": {"uv": [15, 5.625, 11.75, 5.5], "texture": "#5"},
				"down": {"uv": [15, 5.75, 11.75, 5.875], "texture": "#5"}
			}
		},
		{
			"from": [5, 2.5, 15.1875],
			"to": [5.5, 3, 15.6875],
			"faces": {
				"north": {"uv": [0.75, 12.25, 0.875, 12.375], "texture": "#5"},
				"east": {"uv": [1, 12.25, 1.125, 12.375], "texture": "#5"},
				"south": {"uv": [12.25, 3.75, 12.375, 3.875], "texture": "#5"},
				"west": {"uv": [12.25, 4, 12.375, 4.125], "texture": "#5"},
				"down": {"uv": [12.375, 4.25, 12.25, 4.375], "texture": "#5"}
			}
		},
		{
			"from": [10.5, 2.5, 15.125],
			"to": [11, 3, 15.625],
			"faces": {
				"north": {"uv": [12.25, 4.5, 12.375, 4.625], "texture": "#5"},
				"south": {"uv": [12.25, 4.75, 12.375, 4.875], "texture": "#5"},
				"west": {"uv": [12.25, 5.25, 12.375, 5.375], "texture": "#5"},
				"up": {"uv": [6.125, 12.375, 6, 12.25], "texture": "#5"},
				"down": {"uv": [8.125, 12.25, 8, 12.375], "texture": "#5"}
			}
		},
		{
			"from": [1, 0, 0.125],
			"to": [15, 5, 0.625],
			"faces": {
				"north": {"uv": [0, 10, 3.5, 11.25], "texture": "#5"},
				"east": {"uv": [5.5, 12, 5.625, 13.25], "texture": "#5"},
				"south": {"uv": [3.5, 10.25, 7, 11.5], "texture": "#5"},
				"west": {"uv": [5.75, 12, 5.875, 13.25], "texture": "#5"},
				"up": {"uv": [7, 11.625, 3.5, 11.5], "texture": "#5"},
				"down": {"uv": [15, 3.5, 11.5, 3.625], "texture": "#5"}
			}
		},
		{
			"from": [1.5, 5, 0.125],
			"to": [14.5, 5.5, 0.625],
			"faces": {
				"north": {"uv": [11.75, 6, 15, 6.125], "texture": "#5"},
				"east": {"uv": [8.25, 12.25, 8.375, 12.375], "texture": "#5"},
				"south": {"uv": [11.75, 6.25, 15, 6.375], "texture": "#5"},
				"west": {"uv": [12.25, 8.25, 12.375, 8.375], "texture": "#5"},
				"up": {"uv": [15, 6.625, 11.75, 6.5], "texture": "#5"}
			}
		},
		{
			"from": [15, 0, -6.5],
			"to": [15.5, 0.5, 0.5],
			"faces": {
				"north": {"uv": [8.5, 12.25, 8.625, 12.375], "texture": "#5"},
				"east": {"uv": [12, 1.75, 13.75, 1.875], "texture": "#5"},
				"up": {"uv": [6.375, 13.5, 6.25, 11.75], "texture": "#5"},
				"down": {"uv": [6.625, 11.75, 6.5, 13.5], "texture": "#5"}
			}
		},
		{
			"from": [0.5, 0, -6.5],
			"to": [1, 0.5, 0.5],
			"faces": {
				"north": {"uv": [8.75, 12.25, 8.875, 12.375], "texture": "#5"},
				"west": {"uv": [12, 2, 13.75, 2.125], "texture": "#5"},
				"up": {"uv": [6.875, 13.5, 6.75, 11.75], "texture": "#5"},
				"down": {"uv": [1.375, 12, 1.25, 13.75], "texture": "#5"}
			}
		},
		{
			"from": [2, 0, -4.5],
			"to": [14, 0.5, -4],
			"faces": {
				"north": {"uv": [11.75, 7, 14.75, 7.125], "texture": "#5"},
				"east": {"uv": [9, 12.25, 9.125, 12.375], "texture": "#5"},
				"west": {"uv": [10.25, 12.25, 10.375, 12.375], "texture": "#5"},
				"up": {"uv": [14.75, 7.375, 11.75, 7.25], "texture": "#5"},
				"down": {"uv": [14.75, 7.5, 11.75, 7.625], "texture": "#5"}
			}
		},
		{
			"from": [1.5, 0.25, -7],
			"to": [14.5, 0.75, 0.5],
			"faces": {
				"north": {"uv": [11.75, 6.75, 15, 6.875], "texture": "#5"},
				"east": {"uv": [12, 1.25, 13.875, 1.375], "texture": "#5"},
				"west": {"uv": [12, 1.5, 13.875, 1.625], "texture": "#5"},
				"up": {"uv": [3.25, 8.875, 0, 7], "texture": "#5"},
				"down": {"uv": [10.5, 3.5, 7.25, 5.375], "texture": "#5"}
			}
		},
		{
			"from": [7.5, 6, 7.5],
			"to": [8.5, 7, 8.5],
			"faces": {
				"north": {"uv": [3.25, 7, 3.5, 7.25], "texture": "#5"},
				"east": {"uv": [7, 3.5, 7.25, 3.75], "texture": "#5"},
				"south": {"uv": [7, 3.75, 7.25, 4], "texture": "#5"},
				"west": {"uv": [3.25, 7.25, 3.5, 7.5], "texture": "#5"},
				"up": {"uv": [10.75, 5.5, 10.5, 5.25], "texture": "#5"},
				"down": {"uv": [12.25, 5.25, 12, 5.5], "texture": "#5"}
			}
		},
		{
			"from": [6, 1.375, 0],
			"to": [10.5, 4.375, 1],
			"faces": {
				"north": {"uv": [10.75, 8.25, 11.875, 9], "texture": "#5"},
				"east": {"uv": [6.75, 7.5, 7, 8.25], "texture": "#5"},
				"south": {"uv": [1.25, 11.25, 2.375, 12], "texture": "#5"},
				"west": {"uv": [7, 7.5, 7.25, 8.25], "texture": "#5"},
				"up": {"uv": [12.875, 8.25, 11.75, 8], "texture": "#5"},
				"down": {"uv": [12.875, 11.5, 11.75, 11.75], "texture": "#5"}
			}
		}
	],
	"display": {
		"thirdperson_righthand": {
			"rotation": [21, 20, 0],
			"translation": [0, -0.19, 1.7],
			"scale": [0.5, 0.5, 0.5]
		},
		"thirdperson_lefthand": {
			"rotation": [21, 20, 0],
			"translation": [0, -0.19, 1.7],
			"scale": [0.5, 0.5, 0.5]
		},
		"firstperson_righthand": {
			"rotation": [3, 62, 3],
			"translation": [0, 3.02, 0],
			"scale": [0.75, 0.75, 0.75]
		},
		"firstperson_lefthand": {
			"rotation": [3, 62, 3],
			"translation": [0, 3.02, 0],
			"scale": [0.75, 0.75, 0.75]
		},
		"ground": {
			"translation": [0, 5.67, 0],
			"scale": [0.5, 0.5, 0.5]
		},
		"gui": {
			"rotation": [20, 130, 0],
			"translation": [1.51, 2.46, 0],
			"scale": [0.55, 0.55, 0.55]
		},
		"head": {
			"rotation": [3, 0, 0],
			"translation": [0, 9, 0.25],
			"scale": [0.98, 1, 1.03]
		},
		"fixed": {
			"rotation": [-74, -65, 0],
			"translation": [-1.89, 2.08, -4.35],
			"scale": [0.64, 0.64, 0.64]
		}
	}
}