{
	"credit": "Made with Blockbench",
	"texture_size": [64, 64],
	"textures": {
		"0": "custom/backpack",
		"particle": "custom/backpack"
	},
	"elements": [
		{
			"from": [8, 13, 4.5],
			"to": [16, 21, 4.5],
			"rotation": {"angle": 22.5, "axis": "x", "origin": [10, 15, -1]},
			"faces": {
				"north": {"uv": [3, 4, 5, 6], "texture": "#0"},
				"east": {"uv": [0, 0, 0, 2], "texture": "#0"},
				"south": {"uv": [5, 0, 7, 2], "texture": "#0"},
				"west": {"uv": [0, 0, 0, 2], "texture": "#0"},
				"up": {"uv": [2, 0, 0, 0], "texture": "#0"},
				"down": {"uv": [2, 0, 0, 0], "texture": "#0"}
			}
		},
		{
			"from": [9.5, 14.5, 2.5],
			"to": [14.5, 19.5, 4.5],
			"rotation": {"angle": 22.5, "axis": "x", "origin": [10, 15, -1]},
			"faces": {
				"north": {"uv": [7.5, 3.5, 8.75, 4.75], "texture": "#0"},
				"east": {"uv": [2.75, 10.75, 3.25, 12], "texture": "#0"},
				"south": {"uv": [5, 8.5, 6.25, 9.75], "texture": "#0"},
				"west": {"uv": [3.25, 10.75, 3.75, 12], "texture": "#0"},
				"up": {"uv": [11.75, 6.5, 10.5, 6], "texture": "#0"},
				"down": {"uv": [7.25, 10.75, 6, 11.25], "texture": "#0"}
			}
		},
		{
			"from": [2, 15, 7],
			"to": [14, 19, 11],
			"faces": {
				"north": {"uv": [7, 0, 10, 1], "texture": "#0"},
				"east": {"uv": [10, 0, 11, 1], "texture": "#0"},
				"south": {"uv": [7, 1, 10, 2], "texture": "#0"},
				"west": {"uv": [10, 1, 11, 2], "texture": "#0"},
				"up": {"uv": [10, 6, 7, 5], "texture": "#0"},
				"down": {"uv": [10, 6, 7, 7], "texture": "#0"}
			}
		},
		{
			"from": [3, -1, 5],
			"to": [13, 15, 11],
			"faces": {
				"north": {"uv": [0, 0, 2.5, 4], "texture": "#0"},
				"east": {"uv": [0, 4, 1.5, 8], "texture": "#0"},
				"south": {"uv": [2.5, 0, 5, 4], "texture": "#0"},
				"west": {"uv": [1.5, 4, 3, 8], "texture": "#0"},
				"up": {"uv": [7.5, 3.5, 5, 2], "texture": "#0"},
				"down": {"uv": [7.5, 3.5, 5, 5], "texture": "#0"}
			}
		},
		{
			"from": [3.5, 0, 11],
			"to": [5.5, 14, 15],
			"faces": {
				"north": {"uv": [0, 8, 0.5, 11.5], "texture": "#0"},
				"east": {"uv": [5, 5, 6, 8.5], "texture": "#0"},
				"south": {"uv": [0.5, 8, 1, 11.5], "texture": "#0"},
				"west": {"uv": [3, 6, 4, 9.5], "texture": "#0"},
				"up": {"uv": [7.75, 12, 7.25, 11], "texture": "#0"},
				"down": {"uv": [8.25, 11, 7.75, 12], "texture": "#0"}
			}
		},
		{
			"from": [10.5, 0, 11],
			"to": [12.5, 14, 15],
			"faces": {
				"north": {"uv": [1, 8, 1.5, 11.5], "texture": "#0"},
				"east": {"uv": [4, 6, 5, 9.5], "texture": "#0"},
				"south": {"uv": [1.5, 8, 2, 11.5], "texture": "#0"},
				"west": {"uv": [6, 5, 7, 8.5], "texture": "#0"},
				"up": {"uv": [8.75, 12, 8.25, 11], "texture": "#0"},
				"down": {"uv": [9.25, 11, 8.75, 12], "texture": "#0"}
			}
		},
		{
			"from": [4, 0, 2],
			"to": [12, 6, 5],
			"faces": {
				"north": {"uv": [7, 7, 9, 8.5], "texture": "#0"},
				"east": {"uv": [9.75, 3.25, 10.5, 4.75], "texture": "#0"},
				"south": {"uv": [7.5, 2, 9.5, 3.5], "texture": "#0"},
				"west": {"uv": [4.75, 9.75, 5.5, 11.25], "texture": "#0"},
				"up": {"uv": [8.25, 9.25, 6.25, 8.5], "texture": "#0"},
				"down": {"uv": [10.25, 8.5, 8.25, 9.25], "texture": "#0"}
			}
		},
		{
			"from": [6, 9, 4],
			"to": [10, 11, 5],
			"faces": {
				"north": {"uv": [10.75, 8.25, 11.75, 8.75], "texture": "#0"},
				"east": {"uv": [10, 7.75, 10.25, 8.25], "texture": "#0"},
				"south": {"uv": [11, 3, 12, 3.5], "texture": "#0"},
				"west": {"uv": [10.25, 8.75, 10.5, 9.25], "texture": "#0"},
				"up": {"uv": [8.5, 5, 7.5, 4.75], "texture": "#0"},
				"down": {"uv": [12, 9.25, 11, 9.5], "texture": "#0"}
			}
		},
		{
			"from": [1, 7, 6],
			"to": [3, 12, 10],
			"faces": {
				"north": {"uv": [10.5, 8.75, 11, 10], "texture": "#0"},
				"east": {"uv": [9.5, 2, 10.5, 3.25], "texture": "#0"},
				"south": {"uv": [9.5, 10.5, 10, 11.75], "texture": "#0"},
				"west": {"uv": [2.75, 9.5, 3.75, 10.75], "texture": "#0"},
				"up": {"uv": [11.25, 8.25, 10.75, 7.25], "texture": "#0"},
				"down": {"uv": [11.5, 0, 11, 1], "texture": "#0"}
			}
		},
		{
			"from": [0.5, 5, 7],
			"to": [2.5, 6, 9],
			"faces": {
				"north": {"uv": [2, 11.25, 2.5, 11.5], "texture": "#0"},
				"east": {"uv": [4.5, 11.25, 5, 11.5], "texture": "#0"},
				"south": {"uv": [5, 11.25, 5.5, 11.5], "texture": "#0"},
				"west": {"uv": [6, 11.25, 6.5, 11.5], "texture": "#0"},
				"up": {"uv": [11.5, 10, 11, 9.5], "texture": "#0"},
				"down": {"uv": [11.5, 10, 11, 10.5], "texture": "#0"}
			}
		},
		{
			"from": [0, -2, 6.5],
			"to": [3, 5, 9.5],
			"faces": {
				"north": {"uv": [7.25, 9.25, 8, 11], "texture": "#0"},
				"east": {"uv": [8, 9.25, 8.75, 11], "texture": "#0"},
				"south": {"uv": [8.75, 9.25, 9.5, 11], "texture": "#0"},
				"west": {"uv": [2, 9.5, 2.75, 11.25], "texture": "#0"},
				"up": {"uv": [4.5, 11.5, 3.75, 10.75], "texture": "#0"},
				"down": {"uv": [11.5, 6.5, 10.75, 7.25], "texture": "#0"}
			}
		},
		{
			"from": [13, -1, 6],
			"to": [17, 5, 10],
			"faces": {
				"north": {"uv": [2, 8, 3, 9.5], "texture": "#0"},
				"east": {"uv": [8.75, 3.5, 9.75, 5], "texture": "#0"},
				"south": {"uv": [9, 7, 10, 8.5], "texture": "#0"},
				"west": {"uv": [6.25, 9.25, 7.25, 10.75], "texture": "#0"},
				"up": {"uv": [11.5, 5, 10.5, 4], "texture": "#0"},
				"down": {"uv": [11.5, 5, 10.5, 6], "texture": "#0"}
			}
		},
		{
			"from": [14, -2, 7],
			"to": [16, 6, 9],
			"faces": {
				"north": {"uv": [5.5, 9.75, 6, 11.75], "texture": "#0"},
				"east": {"uv": [10, 4.75, 10.5, 6.75], "texture": "#0"},
				"south": {"uv": [10.25, 6.75, 10.75, 8.75], "texture": "#0"},
				"west": {"uv": [10.5, 2, 11, 4], "texture": "#0"},
				"up": {"uv": [11.5, 11, 11, 10.5], "texture": "#0"},
				"down": {"uv": [11.5, 11, 11, 11.5], "texture": "#0"}
			}
		},
		{
			"from": [14.5, 5, 6],
			"to": [15.5, 7, 10],
			"faces": {
				"north": {"uv": [4.5, 10.75, 4.75, 11.25], "texture": "#0"},
				"east": {"uv": [11, 3.5, 12, 4], "texture": "#0"},
				"south": {"uv": [9.25, 11, 9.5, 11.5], "texture": "#0"},
				"west": {"uv": [11, 8.75, 12, 9.25], "texture": "#0"},
				"up": {"uv": [6.25, 10.75, 6, 9.75], "texture": "#0"},
				"down": {"uv": [10.25, 6.75, 10, 7.75], "texture": "#0"}
			}
		},
		{
			"from": [13, 7, 6],
			"to": [15, 12, 10],
			"faces": {
				"north": {"uv": [10, 10.5, 10.5, 11.75], "texture": "#0"},
				"east": {"uv": [3.75, 9.5, 4.75, 10.75], "texture": "#0"},
				"south": {"uv": [10.5, 10, 11, 11.25], "texture": "#0"},
				"west": {"uv": [9.5, 9.25, 10.5, 10.5], "texture": "#0"},
				"up": {"uv": [11.5, 2, 11, 1], "texture": "#0"},
				"down": {"uv": [11.5, 2, 11, 3], "texture": "#0"}
			}
		}
	],
	"display": {
		"thirdperson_righthand": {
			"rotation": [75, 45, 0],
			"translation": [0, 2.5, 0],
			"scale": [0.375, 0.375, 0.375]
		},
		"thirdperson_lefthand": {
			"rotation": [75, 45, 0],
			"translation": [0, 2.5, 0],
			"scale": [0.375, 0.375, 0.375]
		},
		"firstperson_righthand": {
			"rotation": [0, 45, 0],
			"scale": [0.4, 0.4, 0.4]
		},
		"firstperson_lefthand": {
			"rotation": [0, 225, 0],
			"scale": [0.4, 0.4, 0.4]
		},
		"ground": {
			"translation": [0, 3, 0],
			"scale": [0.25, 0.25, 0.25]
		},
		"gui": {
			"rotation": [30, 225, 0],
			"scale": [0.625, 0.625, 0.625]
		},
		"fixed": {
			"scale": [0.5, 0.5, 0.5]
		}
	}
}