{
	"credit": "Made with Blockbench",
	"textures": {
		"1": "custom/skins/dusdavid_skin"
	},
	"elements": [
		{
			"from": [10.1, 5.8, -1.2],
			"to": [12.2, 12.3, 1.5],
			"faces": {
				"north": {"uv": [6.99983, 3.99986, 8.749, 4.99943], "texture": "#1"},
				"west": {"uv": [6.99983, 3.99986, 8.749, 4.99943], "texture": "#1"},
				"down": {"uv": [6.99983, 3.99986, 8.749, 4.99943], "texture": "#1"}
			}
		},
		{
			"from": [14.4, 10.1, -1.2],
			"to": [16.5, 12.5, -0.4],
			"faces": {
				"north": {"uv": [3.74504, 1.99594, 3.99477, 2.24535], "texture": "#1"},
				"east": {"uv": [3.74504, 1.99594, 3.99477, 2.24535], "texture": "#1"},
				"down": {"uv": [3.74536, 2.24599, 3.99509, 2.49573], "texture": "#1"}
			}
		},
		{
			"from": [10.1, 14.4, -1.2],
			"to": [12.2, 16.8, -0.4],
			"faces": {
				"north": {"uv": [3.74504, 1.99594, 3.99477, 2.24535], "texture": "#1"},
				"up": {"uv": [3.74504, 1.99594, 3.99477, 2.24535], "texture": "#1"}
			}
		},
		{
			"from": [14.4, 12.2, -1.8],
			"to": [16.5, 14.3, -0.4],
			"faces": {
				"north": {"uv": [3.74504, 1.99594, 3.99477, 2.24535], "texture": "#1"},
				"east": {"uv": [3.74504, 1.99594, 3.99477, 2.24535], "texture": "#1"},
				"west": {"uv": [3.74504, 1.99594, 3.99477, 2.24535], "texture": "#1"},
				"up": {"uv": [3.74504, 1.99594, 3.99477, 2.24535], "texture": "#1"},
				"down": {"uv": [3.74536, 2.24599, 3.99509, 2.49573], "texture": "#1"}
			}
		},
		{
			"from": [5.9, 12.3, -2.1],
			"to": [8, 14.3, -0.4],
			"faces": {
				"north": {"uv": [3.74504, 1.99594, 3.99477, 2.24535], "texture": "#1"},
				"east": {"uv": [3.74504, 1.99594, 3.99477, 2.24535], "texture": "#1"},
				"up": {"uv": [3.74504, 1.99594, 3.99477, 2.24535], "texture": "#1"},
				"down": {"uv": [3.74536, 2.24599, 3.99509, 2.49573], "texture": "#1"}
			}
		},
		{
			"from": [8, 12.3, -1.8],
			"to": [10.1, 14.3, -0.4],
			"faces": {
				"north": {"uv": [3.74504, 1.99594, 3.99477, 2.24535], "texture": "#1"},
				"up": {"uv": [3.74504, 1.99594, 3.99477, 2.24535], "texture": "#1"},
				"down": {"uv": [3.74536, 2.24599, 3.99509, 2.49573], "texture": "#1"}
			}
		},
		{
			"from": [3.7, 14.4, -1.8],
			"to": [5.8, 17.1, -0.4],
			"faces": {
				"north": {"uv": [3.74504, 1.99594, 3.99477, 2.24535], "texture": "#1"},
				"east": {"uv": [3.74504, 1.99594, 3.99477, 2.24535], "texture": "#1"},
				"south": {"uv": [3.74536, 2.24599, 3.99509, 2.49573], "texture": "#1"},
				"west": {"uv": [3.74504, 1.99594, 3.99477, 2.24535], "texture": "#1"},
				"up": {"uv": [3.74504, 1.99594, 3.99477, 2.24535], "texture": "#1"}
			}
		},
		{
			"from": [-0.7, 15.8, -0.6],
			"to": [1.6, 17, 1.6],
			"rotation": {"angle": 0, "axis": "x", "origin": [8, 7.4, -7]},
			"faces": {
				"north": {"uv": [3.74536, 2.24599, 3.99509, 2.49573], "rotation": 180, "texture": "#1"},
				"east": {"uv": [3.74504, 1.99594, 3.99477, 2.24535], "rotation": 270, "texture": "#1"},
				"south": {"uv": [3.74504, 1.99594, 3.99477, 2.24535], "texture": "#1"},
				"west": {"uv": [3.74504, 1.99594, 3.99477, 2.24535], "rotation": 90, "texture": "#1"},
				"up": {"uv": [3.74504, 1.99594, 3.99477, 2.24535], "rotation": 180, "texture": "#1"},
				"down": {"uv": [3.74536, 2.24599, 3.99509, 2.49573], "texture": "#1"}
			}
		},
		{
			"from": [16, 13.9, 13.4],
			"to": [16.8, 16.6, 16.1],
			"rotation": {"angle": 0, "axis": "y", "origin": [25.2, 8, 8.6]},
			"faces": {
				"east": {"uv": [3.74536, 2.24599, 3.99509, 2.49573], "texture": "#1"},
				"south": {"uv": [3.74504, 1.99594, 3.99477, 2.24535], "texture": "#1"},
				"west": {"uv": [3.74504, 1.99594, 3.99477, 2.24535], "texture": "#1"},
				"up": {"uv": [3.74504, 1.99594, 3.99477, 2.24535], "rotation": 270, "texture": "#1"},
				"down": {"uv": [3.74536, 2.24599, 3.99509, 2.49573], "rotation": 90, "texture": "#1"}
			}
		},
		{
			"from": [-1.2, 13.9, 11.8],
			"to": [-0.4, 16.6, 15.5],
			"rotation": {"angle": 0, "axis": "y", "origin": [8, 8, 7]},
			"faces": {
				"north": {"uv": [3.74504, 1.99594, 3.99477, 2.24535], "texture": "#1"},
				"east": {"uv": [3.74536, 2.24599, 3.99509, 2.49573], "texture": "#1"},
				"south": {"uv": [3.74504, 1.99594, 3.99477, 2.24535], "texture": "#1"},
				"west": {"uv": [3.74504, 1.99594, 3.99477, 2.24535], "texture": "#1"},
				"up": {"uv": [3.74504, 1.99594, 3.99477, 2.24535], "rotation": 270, "texture": "#1"},
				"down": {"uv": [3.74536, 2.24599, 3.99509, 2.49573], "rotation": 90, "texture": "#1"}
			}
		},
		{
			"from": [16, 5.9, 8.4],
			"to": [16.8, 11.6, 14.1],
			"rotation": {"angle": 0, "axis": "y", "origin": [25.2, 3, 4.6]},
			"faces": {
				"north": {"uv": [3.74504, 1.99594, 3.99477, 2.24535], "texture": "#1"},
				"east": {"uv": [3.74536, 2.24599, 3.99509, 2.49573], "texture": "#1"},
				"up": {"uv": [3.74504, 1.99594, 3.99477, 2.24535], "rotation": 270, "texture": "#1"},
				"down": {"uv": [3.74536, 2.24599, 3.99509, 2.49573], "rotation": 90, "texture": "#1"}
			}
		},
		{
			"from": [-1.2, 5.9, 7.4],
			"to": [-0.4, 11.6, 13.1],
			"rotation": {"angle": 0, "axis": "y", "origin": [8, 3, 3.6]},
			"faces": {
				"north": {"uv": [3.74504, 1.99594, 3.99477, 2.24535], "texture": "#1"},
				"south": {"uv": [3.74504, 1.99594, 3.99477, 2.24535], "texture": "#1"},
				"west": {"uv": [3.74504, 1.99594, 3.99477, 2.24535], "texture": "#1"},
				"up": {"uv": [3.74504, 1.99594, 3.99477, 2.24535], "rotation": 270, "texture": "#1"},
				"down": {"uv": [3.74536, 2.24599, 3.99509, 2.49573], "rotation": 90, "texture": "#1"}
			}
		},
		{
			"from": [16.3, 6.9, 12.1],
			"to": [17.1, 11.6, 15.8],
			"rotation": {"angle": 0, "axis": "y", "origin": [25.5, 4, 7.3]},
			"faces": {
				"north": {"uv": [3.74504, 1.99594, 3.99477, 2.24535], "texture": "#1"},
				"east": {"uv": [3.74536, 2.24599, 3.99509, 2.49573], "texture": "#1"},
				"south": {"uv": [3.74504, 1.99594, 3.99477, 2.24535], "texture": "#1"}
			}
		},
		{
			"from": [14, 8.6, 15.2],
			"to": [16.5, 13.6, 16],
			"rotation": {"angle": 0, "axis": "y", "origin": [8, 4, 6.8]},
			"faces": {
				"east": {"uv": [3.74504, 1.99594, 3.99477, 2.24535], "texture": "#1"},
				"south": {"uv": [3.74504, 1.99594, 3.99477, 2.24535], "texture": "#1"},
				"up": {"uv": [3.74504, 1.99594, 3.99477, 2.24535], "rotation": 180, "texture": "#1"}
			}
		},
		{
			"from": [-1.2, 6.9, 11.4],
			"to": [-0.4, 12.6, 15.1],
			"rotation": {"angle": 0, "axis": "y", "origin": [8, 4, 6.6]},
			"faces": {
				"south": {"uv": [3.74504, 1.99594, 3.99477, 2.24535], "texture": "#1"},
				"west": {"uv": [3.74504, 1.99594, 3.99477, 2.24535], "texture": "#1"},
				"down": {"uv": [3.74536, 2.24599, 3.99509, 2.49573], "rotation": 90, "texture": "#1"}
			}
		},
		{
			"from": [-0.5, 14.4, -1.6],
			"to": [1.6, 16.6, -0.4],
			"faces": {
				"north": {"uv": [3.74504, 1.99594, 3.99477, 2.24535], "texture": "#1"},
				"south": {"uv": [3.74536, 2.24599, 3.99509, 2.49573], "texture": "#1"},
				"west": {"uv": [3.74504, 1.99594, 3.99477, 2.24535], "texture": "#1"},
				"up": {"uv": [3.74504, 1.99594, 3.99477, 2.24535], "texture": "#1"},
				"down": {"uv": [3.74536, 2.24599, 3.99509, 2.49573], "texture": "#1"}
			}
		},
		{
			"from": [14.3, 5.7, -0.9],
			"to": [16.5, 10.1, 0.2],
			"faces": {
				"north": {"uv": [4.7443, 0.24973, 5.4935, 1.49905], "texture": "#1"},
				"east": {"uv": [4.7443, 0.24973, 5.4935, 1.49905], "texture": "#1"}
			}
		},
		{
			"from": [5.9, 1.7, -0.9],
			"to": [10.1, 12.2, 0.2],
			"faces": {
				"north": {"uv": [4.7443, 0.24973, 5.4935, 1.49905], "texture": "#1"},
				"up": {"uv": [4.7443, 0.24973, 5.4935, 1.49905], "texture": "#1"},
				"down": {"uv": [4.7443, 0.24973, 5.4935, 1.49905], "texture": "#1"}
			}
		},
		{
			"from": [-0.5, 5.7, -0.9],
			"to": [1.6, 10.1, 0.2],
			"faces": {
				"north": {"uv": [4.7443, 0.24973, 5.4935, 1.49905], "texture": "#1"},
				"west": {"uv": [4.7443, 0.24973, 5.4935, 1.49905], "texture": "#1"}
			}
		},
		{
			"from": [10.1, 0, -0.9],
			"to": [16.5, 5.8, -0.4],
			"faces": {
				"north": {"uv": [4.7443, 0.24973, 5.4935, 1.49905], "texture": "#1"},
				"east": {"uv": [4.7443, 0.24973, 5.4935, 1.49905], "texture": "#1"},
				"west": {"uv": [4.7443, 0.24973, 5.4935, 1.49905], "texture": "#1"},
				"down": {"uv": [4.7443, 0.24973, 5.4935, 1.49905], "texture": "#1"}
			}
		},
		{
			"from": [-0.5, 0, -0.9],
			"to": [5.9, 5.8, -0.4],
			"faces": {
				"north": {"uv": [4.7443, 0.24973, 5.4935, 1.49905], "texture": "#1"},
				"east": {"uv": [4.7443, 0.24973, 5.4935, 1.49905], "texture": "#1"},
				"west": {"uv": [4.7443, 0.24973, 5.4935, 1.49905], "texture": "#1"},
				"down": {"uv": [4.7443, 0.24973, 5.4935, 1.49905], "texture": "#1"}
			}
		},
		{
			"from": [-0.5, 12.3, -1.5],
			"to": [1.6, 14.5, -0.4],
			"faces": {
				"north": {"uv": [3.74536, 2.24599, 3.99509, 2.49573], "texture": "#1"},
				"west": {"uv": [3.74536, 2.24599, 3.99509, 2.49573], "texture": "#1"}
			}
		},
		{
			"from": [13.4, 14.4, 6.6],
			"to": [16.5, 16.6, 10.7],
			"rotation": {"angle": 0, "axis": "x", "origin": [9.8, 6, 0.1]},
			"faces": {
				"up": {"uv": [3.74504, 1.99594, 3.99477, 2.24535], "rotation": 180, "texture": "#1"}
			}
		},
		{
			"from": [10.3, 14.7, 13],
			"to": [16.5, 16.9, 16],
			"rotation": {"angle": 0, "axis": "x", "origin": [6.7, 6.3, 6.5]},
			"faces": {
				"north": {"uv": [3.74504, 1.99594, 3.99477, 2.24535], "rotation": 180, "texture": "#1"},
				"east": {"uv": [3.74536, 2.24599, 3.99509, 2.49573], "rotation": 270, "texture": "#1"},
				"south": {"uv": [3.74536, 2.24599, 3.99509, 2.49573], "texture": "#1"},
				"west": {"uv": [3.74504, 1.99594, 3.99477, 2.24535], "rotation": 90, "texture": "#1"},
				"up": {"uv": [3.74504, 1.99594, 3.99477, 2.24535], "rotation": 180, "texture": "#1"},
				"down": {"uv": [3.74536, 2.24599, 3.99509, 2.49573], "texture": "#1"}
			}
		},
		{
			"from": [10.3, 15.7, 2.6],
			"to": [13.4, 17.2, 6.7],
			"rotation": {"angle": 0, "axis": "x", "origin": [6.7, 7.3, -3.9]},
			"faces": {
				"north": {"uv": [3.74504, 1.99594, 3.99477, 2.24535], "rotation": 180, "texture": "#1"},
				"east": {"uv": [3.74536, 2.24599, 3.99509, 2.49573], "rotation": 270, "texture": "#1"},
				"south": {"uv": [3.74536, 2.24599, 3.99509, 2.49573], "texture": "#1"},
				"west": {"uv": [3.74504, 1.99594, 3.99477, 2.24535], "rotation": 90, "texture": "#1"},
				"up": {"uv": [3.74504, 1.99594, 3.99477, 2.24535], "rotation": 180, "texture": "#1"},
				"down": {"uv": [3.74536, 2.24599, 3.99509, 2.49573], "texture": "#1"}
			}
		},
		{
			"from": [-0.7, 14.4, 6.3],
			"to": [3.6, 16.6, 10.4],
			"rotation": {"angle": 0, "axis": "x", "origin": [-3.1, 6, -0.2]},
			"faces": {
				"north": {"uv": [3.74504, 1.99594, 3.99477, 2.24535], "rotation": 180, "texture": "#1"},
				"west": {"uv": [3.74504, 1.99594, 3.99477, 2.24535], "rotation": 90, "texture": "#1"},
				"up": {"uv": [3.74504, 1.99594, 3.99477, 2.24535], "rotation": 180, "texture": "#1"},
				"down": {"uv": [3.74536, 2.24599, 3.99509, 2.49573], "texture": "#1"}
			}
		},
		{
			"from": [4.1, 13.6, 10.6],
			"to": [10.3, 16.1, 14.7],
			"rotation": {"angle": 0, "axis": "x", "origin": [3.6, 5.2, 4.1]},
			"faces": {
				"east": {"uv": [3.74536, 2.24599, 3.99509, 2.49573], "rotation": 270, "texture": "#1"},
				"up": {"uv": [3.74504, 1.99594, 3.99477, 2.24535], "rotation": 180, "texture": "#1"}
			}
		},
		{
			"from": [4.1, 1.4, 13.4],
			"to": [10.3, 5.5, 15.9],
			"rotation": {"angle": 0, "axis": "x", "origin": [3.6, 12, 5]},
			"faces": {
				"east": {"uv": [3.74536, 2.24599, 3.99509, 2.49573], "rotation": 180, "texture": "#1"},
				"south": {"uv": [3.74504, 1.99594, 3.99477, 2.24535], "rotation": 180, "texture": "#1"},
				"west": {"uv": [3.74504, 1.99594, 3.99477, 2.24535], "rotation": 180, "texture": "#1"},
				"up": {"uv": [3.74504, 1.99594, 3.99477, 2.24535], "texture": "#1"},
				"down": {"uv": [3.74536, 2.24599, 3.99509, 2.49573], "texture": "#1"}
			}
		},
		{
			"from": [4.1, 13, 14.2],
			"to": [10.3, 17.1, 15.7],
			"rotation": {"angle": 0, "axis": "x", "origin": [3.6, 23.6, 5.8]},
			"faces": {
				"north": {"uv": [3.74536, 2.24599, 3.99509, 2.49573], "rotation": 180, "texture": "#1"},
				"east": {"uv": [3.74536, 2.24599, 3.99509, 2.49573], "rotation": 180, "texture": "#1"},
				"south": {"uv": [3.74504, 1.99594, 3.99477, 2.24535], "rotation": 180, "texture": "#1"},
				"west": {"uv": [3.74504, 1.99594, 3.99477, 2.24535], "rotation": 180, "texture": "#1"},
				"up": {"uv": [3.74504, 1.99594, 3.99477, 2.24535], "texture": "#1"},
				"down": {"uv": [3.74536, 2.24599, 3.99509, 2.49573], "texture": "#1"}
			}
		},
		{
			"from": [5.2, 14.4, 4.6],
			"to": [9.3, 16.6, 8.7],
			"rotation": {"angle": 0, "axis": "x", "origin": [2.6, 6, -1.9]},
			"faces": {
				"north": {"uv": [3.74504, 1.99594, 3.99477, 2.24535], "rotation": 180, "texture": "#1"},
				"east": {"uv": [3.74536, 2.24599, 3.99509, 2.49573], "rotation": 270, "texture": "#1"},
				"west": {"uv": [3.74504, 1.99594, 3.99477, 2.24535], "rotation": 90, "texture": "#1"},
				"up": {"uv": [3.74504, 1.99594, 3.99477, 2.24535], "rotation": 180, "texture": "#1"}
			}
		},
		{
			"from": [15.1, 9.6, -0.4],
			"to": [16.8, 14.7, 4.4],
			"rotation": {"angle": 0, "axis": "z", "origin": [25.2, 8, -6.9]},
			"faces": {
				"north": {"uv": [3.74504, 1.99594, 3.99477, 2.24535], "rotation": 270, "texture": "#1"},
				"east": {"uv": [3.74536, 2.24599, 3.99509, 2.49573], "rotation": 270, "texture": "#1"},
				"south": {"uv": [3.74536, 2.24599, 3.99509, 2.49573], "rotation": 270, "texture": "#1"},
				"up": {"uv": [3.74536, 2.24599, 3.99509, 2.49573], "rotation": 180, "texture": "#1"},
				"down": {"uv": [3.74504, 1.99594, 3.99477, 2.24535], "texture": "#1"}
			}
		},
		{
			"from": [-0.9, 9.6, -0.4],
			"to": [0.8, 14.7, 4.4],
			"rotation": {"angle": 0, "axis": "z", "origin": [9.2, 8, -6.9]},
			"faces": {
				"north": {"uv": [3.74504, 1.99594, 3.99477, 2.24535], "rotation": 270, "texture": "#1"},
				"south": {"uv": [3.74536, 2.24599, 3.99509, 2.49573], "rotation": 270, "texture": "#1"},
				"west": {"uv": [3.74504, 1.99594, 3.99477, 2.24535], "rotation": 90, "texture": "#1"},
				"down": {"uv": [3.74504, 1.99594, 3.99477, 2.24535], "texture": "#1"}
			}
		},
		{
			"from": [11.6, 14.9, -0.5],
			"to": [14.4, 17.1, 3.6],
			"rotation": {"angle": 0, "axis": "x", "origin": [8, 6.5, -7]},
			"faces": {
				"north": {"uv": [3.74504, 1.99594, 3.99477, 2.24535], "rotation": 180, "texture": "#1"},
				"east": {"uv": [3.74536, 2.24599, 3.99509, 2.49573], "rotation": 270, "texture": "#1"},
				"south": {"uv": [3.74536, 2.24599, 3.99509, 2.49573], "texture": "#1"},
				"west": {"uv": [3.74504, 1.99594, 3.99477, 2.24535], "rotation": 90, "texture": "#1"},
				"up": {"uv": [3.74504, 1.99594, 3.99477, 2.24535], "rotation": 180, "texture": "#1"}
			}
		},
		{
			"from": [12.1, 14.5, -2.3],
			"to": [14.4, 17.1, -0.4],
			"faces": {
				"north": {"uv": [3.74504, 1.99594, 3.99477, 2.24535], "texture": "#1"},
				"east": {"uv": [3.74536, 2.24599, 3.99509, 2.49573], "texture": "#1"},
				"west": {"uv": [3.74504, 1.99594, 3.99477, 2.24535], "texture": "#1"},
				"up": {"uv": [3.74536, 2.24599, 3.99509, 2.49573], "texture": "#1"},
				"down": {"uv": [3.74504, 1.99594, 3.99477, 2.24535], "texture": "#1"}
			}
		},
		{
			"from": [-0.6, 14.9, 8.5],
			"to": [6.6, 16.7, 13.2],
			"rotation": {"angle": 0, "axis": "x", "origin": [5.9, 6.5, 3]},
			"faces": {
				"north": {"uv": [3.24815, 2.24825, 3.49756, 2.49766], "rotation": 180, "texture": "#1"},
				"south": {"uv": [3.74536, 2.24599, 3.99509, 2.49573], "texture": "#1"},
				"west": {"uv": [3.74987, 2.49991, 3.99928, 2.74932], "rotation": 90, "texture": "#1"},
				"up": {"uv": [3.74987, 2.24986, 3.99928, 2.49927], "rotation": 180, "texture": "#1"}
			}
		},
		{
			"from": [3.4, 14.9, 8.5],
			"to": [10.6, 16.7, 12.4],
			"rotation": {"angle": 0, "axis": "x", "origin": [9.9, 6.5, 3]},
			"faces": {
				"north": {"uv": [3.24815, 2.24825, 3.49756, 2.49766], "rotation": 180, "texture": "#1"},
				"south": {"uv": [3.74536, 2.24599, 3.99509, 2.49573], "texture": "#1"},
				"up": {"uv": [3.74987, 2.24986, 3.99928, 2.49927], "rotation": 180, "texture": "#1"}
			}
		},
		{
			"from": [1.5, 16, 1.5],
			"to": [8.7, 17.8, 5.4],
			"rotation": {"angle": 0, "axis": "x", "origin": [8, 7.6, -4]},
			"faces": {
				"north": {"uv": [3.74987, 2.49991, 3.99928, 2.74932], "texture": "#1"},
				"east": {"uv": [3.74536, 2.24599, 3.99509, 2.49573], "rotation": 270, "texture": "#1"},
				"south": {"uv": [3.74536, 2.24599, 3.99509, 2.49573], "texture": "#1"},
				"west": {"uv": [3.74987, 2.49991, 3.99928, 2.74932], "rotation": 90, "texture": "#1"},
				"up": {"uv": [3.74987, 2.24986, 3.99928, 2.49927], "rotation": 180, "texture": "#1"},
				"down": {"uv": [3.74536, 2.24599, 3.99509, 2.49573], "texture": "#1"}
			}
		},
		{
			"from": [1.5, 15.4, -0.7],
			"to": [5.6, 16.8, 2.4],
			"rotation": {"angle": 0, "axis": "x", "origin": [8, 7, -7]},
			"faces": {
				"east": {"uv": [3.74536, 2.24599, 3.99509, 2.49573], "rotation": 270, "texture": "#1"},
				"south": {"uv": [3.74536, 2.24599, 3.99509, 2.49573], "texture": "#1"},
				"west": {"uv": [3.74987, 2.49991, 3.99928, 2.74932], "texture": "#1"},
				"up": {"uv": [3.74987, 2.24986, 3.99928, 2.49927], "rotation": 180, "texture": "#1"}
			}
		},
		{
			"from": [16.4, 8.3, 5.5],
			"to": [17.1, 12.6, 9.5],
			"rotation": {"angle": 0, "axis": "y", "origin": [25.5, 3, 3]},
			"faces": {
				"north": {"uv": [3.74536, 2.24599, 3.99509, 2.49573], "texture": "#1"},
				"east": {"uv": [3.74536, 2.24599, 3.99509, 2.49573], "texture": "#1"},
				"south": {"uv": [3.74987, 2.49991, 3.99928, 2.74932], "texture": "#1"},
				"up": {"uv": [3.74536, 2.24599, 3.99509, 2.49573], "rotation": 270, "texture": "#1"},
				"down": {"uv": [3.74987, 2.49991, 3.99928, 2.74932], "texture": "#1"}
			}
		},
		{
			"from": [5.75, -0.1, 14.4],
			"to": [12.45, 4.2, 14.85],
			"rotation": {"angle": 0, "axis": "y", "origin": [3.25, -5.4, 6]},
			"faces": {
				"north": {"uv": [3.74536, 2.24599, 3.99509, 2.49573], "texture": "#1"},
				"east": {"uv": [3.74987, 2.49991, 3.99928, 2.74932], "texture": "#1"},
				"south": {"uv": [3.74987, 2.49991, 3.99928, 2.74932], "texture": "#1"},
				"west": {"uv": [3.74536, 2.24599, 3.99509, 2.49573], "texture": "#1"},
				"down": {"uv": [3.74987, 2.49991, 3.99928, 2.74932], "rotation": 90, "texture": "#1"}
			}
		},
		{
			"from": [5.75, 9.3, 15.3],
			"to": [9.75, 13.6, 15.95],
			"rotation": {"angle": 0, "axis": "y", "origin": [3.25, 4, 7.6]},
			"faces": {
				"south": {"uv": [3.74987, 2.49991, 3.99928, 2.74932], "texture": "#1"},
				"west": {"uv": [3.74536, 2.24599, 3.99509, 2.49573], "texture": "#1"},
				"up": {"uv": [3.74536, 2.24599, 3.99509, 2.49573], "rotation": 180, "texture": "#1"},
				"down": {"uv": [3.74987, 2.49991, 3.99928, 2.74932], "texture": "#1"}
			}
		},
		{
			"from": [0.5, 1.3, 14.8],
			"to": [4.5, 5.6, 15.5],
			"rotation": {"angle": 0, "axis": "y", "origin": [-2, -4, 6.4]},
			"faces": {
				"south": {"uv": [3.74987, 2.49991, 3.99928, 2.74932], "texture": "#1"},
				"west": {"uv": [3.74536, 2.24599, 3.99509, 2.49573], "texture": "#1"}
			}
		},
		{
			"from": [0.5, 8.3, 14.8],
			"to": [4.5, 12.6, 15.5],
			"rotation": {"angle": 0, "axis": "y", "origin": [-2, 3, 6.4]},
			"faces": {
				"east": {"uv": [3.74987, 2.49991, 3.99928, 2.74932], "texture": "#1"},
				"south": {"uv": [3.74987, 2.49991, 3.99928, 2.74932], "texture": "#1"},
				"west": {"uv": [3.74536, 2.24599, 3.99509, 2.49573], "texture": "#1"},
				"up": {"uv": [3.74536, 2.24599, 3.99509, 2.49573], "rotation": 180, "texture": "#1"},
				"down": {"uv": [3.74987, 2.49991, 3.99928, 2.74932], "texture": "#1"}
			}
		},
		{
			"from": [-1.1, 8.3, 5.5],
			"to": [-0.4, 12.6, 9.5],
			"rotation": {"angle": 0, "axis": "y", "origin": [8, 3, 3]},
			"faces": {
				"north": {"uv": [3.74536, 2.24599, 3.99509, 2.49573], "texture": "#1"},
				"south": {"uv": [3.74987, 2.49991, 3.99928, 2.74932], "texture": "#1"},
				"west": {"uv": [3.74987, 2.49991, 3.99928, 2.74932], "texture": "#1"},
				"up": {"uv": [3.74536, 2.24599, 3.99509, 2.49573], "rotation": 270, "texture": "#1"},
				"down": {"uv": [3.74987, 2.49991, 3.99928, 2.74932], "texture": "#1"}
			}
		},
		{
			"from": [16.5, 12.3, 11.5],
			"to": [17.2, 16.6, 14.5],
			"rotation": {"angle": 0, "axis": "y", "origin": [25.6, 7, 8]},
			"faces": {
				"east": {"uv": [3.74536, 2.24599, 3.99509, 2.49573], "texture": "#1"},
				"south": {"uv": [3.74987, 2.49991, 3.99928, 2.74932], "texture": "#1"},
				"up": {"uv": [3.74536, 2.24599, 3.99509, 2.49573], "rotation": 270, "texture": "#1"}
			}
		},
		{
			"from": [9.75, 12.3, 14.95],
			"to": [15.25, 16.6, 15.45],
			"rotation": {"angle": 0, "axis": "y", "origin": [8, 7, 7.55]},
			"faces": {
				"south": {"uv": [3.74987, 2.49991, 3.99928, 2.74932], "texture": "#1"}
			}
		},
		{
			"from": [3.5, 8.7, 15.3],
			"to": [6.5, 12.4, 16],
			"rotation": {"angle": 0, "axis": "y", "origin": [0, 3.4, 6.9]},
			"faces": {
				"east": {"uv": [3.74987, 2.49991, 3.99928, 2.74932], "texture": "#1"},
				"south": {"uv": [3.74987, 2.49991, 3.99928, 2.74932], "texture": "#1"},
				"west": {"uv": [3.74536, 2.24599, 3.99509, 2.49573], "texture": "#1"},
				"up": {"uv": [3.74536, 2.24599, 3.99509, 2.49573], "rotation": 180, "texture": "#1"},
				"down": {"uv": [3.74987, 2.49991, 3.99928, 2.74932], "texture": "#1"}
			}
		},
		{
			"from": [-1.1, 11.8, 11.5],
			"to": [-0.4, 16.1, 14.5],
			"rotation": {"angle": 0, "axis": "y", "origin": [8, 6.5, 8]},
			"faces": {
				"north": {"uv": [3.74536, 2.24599, 3.99509, 2.49573], "texture": "#1"},
				"west": {"uv": [3.74987, 2.49991, 3.99928, 2.74932], "texture": "#1"},
				"up": {"uv": [3.74536, 2.24599, 3.99509, 2.49573], "rotation": 270, "texture": "#1"}
			}
		},
		{
			"from": [1.5, 14.3, -1.7],
			"to": [3.8, 16.8, -0.4],
			"faces": {
				"north": {"uv": [3.74987, 2.49991, 3.99928, 2.74932], "texture": "#1"},
				"west": {"uv": [3.74987, 2.49991, 3.99928, 2.74932], "texture": "#1"},
				"up": {"uv": [3.74536, 2.24599, 3.99509, 2.49573], "texture": "#1"},
				"down": {"uv": [3.74987, 2.49991, 3.99928, 2.74932], "texture": "#1"}
			}
		},
		{
			"from": [16.3, 10.8, 10],
			"to": [17.4, 13.7, 15.9],
			"rotation": {"angle": 0, "axis": "y", "origin": [25.8, 9.8, 7.3]},
			"faces": {
				"north": {"uv": [3.74536, 2.24599, 3.99509, 2.49573], "texture": "#1"},
				"east": {"uv": [3.74536, 2.24599, 3.99509, 2.49573], "rotation": 270, "texture": "#1"},
				"south": {"uv": [3.74987, 2.49991, 3.99928, 2.74932], "texture": "#1"},
				"west": {"uv": [3.74987, 2.49991, 3.99928, 2.74932], "texture": "#1"},
				"up": {"uv": [3.74536, 2.24599, 3.99509, 2.49573], "rotation": 270, "texture": "#1"},
				"down": {"uv": [3.74987, 2.49991, 3.99928, 2.74932], "texture": "#1"}
			}
		},
		{
			"from": [11.3, 6.5, 14.6],
			"to": [15.5, 8.7, 16.2],
			"rotation": {"angle": 0, "axis": "y", "origin": [7, 4.4, 7]},
			"faces": {
				"east": {"uv": [3.74987, 2.49991, 3.99928, 2.74932], "texture": "#1"},
				"south": {"uv": [3.74987, 2.49991, 3.99928, 2.74932], "texture": "#1"},
				"west": {"uv": [3.74536, 2.24599, 3.99509, 2.49573], "texture": "#1"},
				"up": {"uv": [3.74536, 2.24599, 3.99509, 2.49573], "rotation": 180, "texture": "#1"},
				"down": {"uv": [3.74987, 2.49991, 3.99928, 2.74932], "rotation": 90, "texture": "#1"}
			}
		},
		{
			"from": [11.3, 13.5, 15.4],
			"to": [15.5, 15.7, 15.7],
			"rotation": {"angle": 0, "axis": "y", "origin": [7, 11.4, 7]},
			"faces": {
				"east": {"uv": [3.74987, 2.49991, 3.99928, 2.74932], "texture": "#1"},
				"south": {"uv": [3.74987, 2.49991, 3.99928, 2.74932], "texture": "#1"},
				"west": {"uv": [3.74536, 2.24599, 3.99509, 2.49573], "texture": "#1"}
			}
		},
		{
			"from": [-1.5, 11.9, 10.9],
			"to": [-0.4, 14.1, 15.1],
			"rotation": {"angle": 0, "axis": "y", "origin": [8, 9.8, 6.6]},
			"faces": {
				"north": {"uv": [3.74536, 2.24599, 3.99509, 2.49573], "texture": "#1"},
				"south": {"uv": [3.74987, 2.49991, 3.99928, 2.74932], "texture": "#1"},
				"west": {"uv": [3.74987, 2.49991, 3.99928, 2.74932], "texture": "#1"},
				"up": {"uv": [3.74536, 2.24599, 3.99509, 2.49573], "rotation": 270, "texture": "#1"},
				"down": {"uv": [3.74987, 2.49991, 3.99928, 2.74932], "texture": "#1"}
			}
		},
		{
			"from": [-0.5, 10.1, -1.7],
			"to": [1.6, 12.3, -0.4],
			"faces": {
				"north": {"uv": [3.74987, 2.49991, 3.99928, 2.74932], "texture": "#1"},
				"east": {"uv": [3.74536, 2.24599, 3.99509, 2.49573], "texture": "#1"},
				"west": {"uv": [3.74987, 2.49991, 3.99928, 2.74932], "texture": "#1"},
				"up": {"uv": [3.74536, 2.24599, 3.99509, 2.49573], "texture": "#1"},
				"down": {"uv": [3.74987, 2.49991, 3.99928, 2.74932], "texture": "#1"}
			}
		},
		{
			"from": [3.8, 12.3, -2.2],
			"to": [5.9, 14.5, -0.4],
			"faces": {
				"north": {"uv": [3.49627, 2.24664, 3.746, 2.49637], "texture": "#1"},
				"east": {"uv": [3.24815, 2.24825, 3.49756, 2.49766], "texture": "#1"},
				"west": {"uv": [3.49627, 2.24664, 3.746, 2.49637], "texture": "#1"},
				"up": {"uv": [3.49627, 2.24664, 3.746, 2.49637], "texture": "#1"},
				"down": {"uv": [3.49627, 2.24664, 3.746, 2.49637], "texture": "#1"}
			}
		},
		{
			"from": [8.4, 16.2, 1.3],
			"to": [11.7, 17.4, 3.7],
			"rotation": {"angle": 0, "axis": "x", "origin": [11.8, 7.8, -5]},
			"faces": {
				"north": {"uv": [3.49627, 2.24664, 3.746, 2.49637], "rotation": 180, "texture": "#1"},
				"east": {"uv": [3.24815, 2.24825, 3.49756, 2.49766], "rotation": 270, "texture": "#1"},
				"south": {"uv": [3.49627, 2.24664, 3.746, 2.49637], "texture": "#1"},
				"west": {"uv": [3.49627, 2.24664, 3.746, 2.49637], "rotation": 90, "texture": "#1"},
				"up": {"uv": [3.49627, 2.24664, 3.746, 2.49637], "rotation": 180, "texture": "#1"},
				"down": {"uv": [3.74536, 2.24599, 3.99509, 2.49573], "texture": "#1"}
			}
		},
		{
			"from": [10.5, 15, 6.1],
			"to": [13.8, 16.8, 13.6],
			"rotation": {"angle": 0, "axis": "x", "origin": [13.9, 6.6, 2]},
			"faces": {
				"north": {"uv": [3.49627, 2.24664, 3.746, 2.49637], "rotation": 180, "texture": "#1"},
				"east": {"uv": [3.24815, 2.24825, 3.49756, 2.49766], "rotation": 270, "texture": "#1"},
				"west": {"uv": [3.49627, 2.24664, 3.746, 2.49637], "rotation": 90, "texture": "#1"},
				"up": {"uv": [3.49627, 2.24664, 3.746, 2.49637], "rotation": 180, "texture": "#1"}
			}
		},
		{
			"from": [8.4, 15.5, -0.7],
			"to": [11.7, 17.3, 1.7],
			"rotation": {"angle": 0, "axis": "x", "origin": [11.8, 7.1, -7]},
			"faces": {
				"north": {"uv": [3.49627, 2.24664, 3.746, 2.49637], "rotation": 180, "texture": "#1"},
				"east": {"uv": [3.24815, 2.24825, 3.49756, 2.49766], "rotation": 270, "texture": "#1"},
				"south": {"uv": [3.49627, 2.24664, 3.746, 2.49637], "texture": "#1"},
				"west": {"uv": [3.49627, 2.24664, 3.746, 2.49637], "rotation": 90, "texture": "#1"},
				"up": {"uv": [3.49627, 2.24664, 3.746, 2.49637], "rotation": 180, "texture": "#1"}
			}
		},
		{
			"from": [-0.6, 14.7, 1.4],
			"to": [2.8, 16.8, 3.8],
			"rotation": {"angle": 0, "axis": "x", "origin": [2.4, 6.3, -4.9]},
			"faces": {
				"north": {"uv": [3.49627, 2.24664, 3.746, 2.49637], "rotation": 180, "texture": "#1"},
				"east": {"uv": [3.24815, 2.24825, 3.49756, 2.49766], "rotation": 270, "texture": "#1"},
				"south": {"uv": [3.49627, 2.24664, 3.746, 2.49637], "texture": "#1"},
				"west": {"uv": [3.49627, 2.24664, 3.746, 2.49637], "rotation": 90, "texture": "#1"},
				"up": {"uv": [3.49627, 2.24664, 3.746, 2.49637], "rotation": 180, "texture": "#1"}
			}
		},
		{
			"from": [13.2, 14.1, 10.2],
			"to": [16.5, 16.8, 14.9],
			"rotation": {"angle": 0, "axis": "x", "origin": [16.1, 5.7, 5.5]},
			"faces": {
				"north": {"uv": [3.74987, 2.49991, 3.99928, 2.74932], "texture": "#1"},
				"east": {"uv": [3.49627, 2.24664, 3.746, 2.49637], "rotation": 180, "texture": "#1"},
				"up": {"uv": [3.49627, 2.24664, 3.746, 2.49637], "rotation": 180, "texture": "#1"}
			}
		},
		{
			"from": [12, 14, 1.8],
			"to": [15.3, 16.7, 4.2],
			"rotation": {"angle": 0, "axis": "x", "origin": [14.9, 5.6, -4.5]},
			"faces": {
				"north": {"uv": [3.74987, 2.49991, 3.99928, 2.74932], "texture": "#1"},
				"east": {"uv": [3.74987, 2.49991, 3.99928, 2.74932], "texture": "#1"},
				"south": {"uv": [3.49627, 2.24664, 3.746, 2.49637], "texture": "#1"},
				"west": {"uv": [3.49627, 2.24664, 3.746, 2.49637], "rotation": 90, "texture": "#1"},
				"up": {"uv": [3.49627, 2.24664, 3.746, 2.49637], "rotation": 180, "texture": "#1"}
			}
		},
		{
			"from": [-0.8, 10.4, 3.3],
			"to": [4.7, 12.6, 6.5],
			"rotation": {"angle": 0, "axis": "x", "origin": [2.4, 2, -3]},
			"faces": {
				"west": {"uv": [3.49627, 2.24664, 3.746, 2.49637], "rotation": 90, "texture": "#1"},
				"up": {"uv": [3.49627, 2.24664, 3.746, 2.49637], "rotation": 180, "texture": "#1"},
				"down": {"uv": [3.74536, 2.24599, 3.99509, 2.49573], "texture": "#1"}
			}
		},
		{
			"from": [-0.8, 15.2, 3.3],
			"to": [4.7, 16.4, 6.5],
			"rotation": {"angle": 0, "axis": "x", "origin": [2.4, 6.8, -3]},
			"faces": {
				"north": {"uv": [3.49627, 2.24664, 3.746, 2.49637], "rotation": 180, "texture": "#1"},
				"east": {"uv": [3.24815, 2.24825, 3.49756, 2.49766], "rotation": 270, "texture": "#1"},
				"south": {"uv": [3.49627, 2.24664, 3.746, 2.49637], "texture": "#1"},
				"west": {"uv": [3.49627, 2.24664, 3.746, 2.49637], "rotation": 90, "texture": "#1"},
				"up": {"uv": [3.49627, 2.24664, 3.746, 2.49637], "rotation": 180, "texture": "#1"},
				"down": {"uv": [3.74536, 2.24599, 3.99509, 2.49573], "texture": "#1"}
			}
		},
		{
			"from": [5.1, 14.9, -0.7],
			"to": [8.4, 17, 1.7],
			"rotation": {"angle": 0, "axis": "x", "origin": [8, 6.5, -7]},
			"faces": {
				"north": {"uv": [3.49627, 2.24664, 3.746, 2.49637], "rotation": 180, "texture": "#1"},
				"south": {"uv": [3.49627, 2.24664, 3.746, 2.49637], "texture": "#1"},
				"west": {"uv": [3.49627, 2.24664, 3.746, 2.49637], "rotation": 90, "texture": "#1"},
				"up": {"uv": [3.49627, 2.24664, 3.746, 2.49637], "rotation": 180, "texture": "#1"}
			}
		},
		{
			"from": [2.3, 14.6, 10.7],
			"to": [7.6, 16.7, 15.1],
			"rotation": {"angle": 0, "axis": "x", "origin": [5.2, 6.2, 6.4]},
			"faces": {
				"east": {"uv": [3.24815, 2.24825, 3.49756, 2.49766], "rotation": 270, "texture": "#1"},
				"south": {"uv": [3.49627, 2.24664, 3.746, 2.49637], "texture": "#1"},
				"up": {"uv": [3.49627, 2.24664, 3.746, 2.49637], "rotation": 180, "texture": "#1"}
			}
		},
		{
			"from": [2.3, 14.6, 5.3],
			"to": [7.6, 16.9, 9.7],
			"rotation": {"angle": 0, "axis": "x", "origin": [5.2, 6.2, 1]},
			"faces": {
				"north": {"uv": [3.49627, 2.24664, 3.746, 2.49637], "rotation": 180, "texture": "#1"},
				"east": {"uv": [3.24815, 2.24825, 3.49756, 2.49766], "rotation": 270, "texture": "#1"},
				"south": {"uv": [3.49627, 2.24664, 3.746, 2.49637], "texture": "#1"},
				"west": {"uv": [3.49627, 2.24664, 3.746, 2.49637], "rotation": 90, "texture": "#1"},
				"up": {"uv": [3.49627, 2.24664, 3.746, 2.49637], "rotation": 180, "texture": "#1"}
			}
		},
		{
			"from": [7.1, 15.4, 13.1],
			"to": [10.5, 17, 16.2],
			"rotation": {"angle": 0, "axis": "x", "origin": [10, 7, 8.4]},
			"faces": {
				"north": {"uv": [3.49627, 2.24664, 3.746, 2.49637], "rotation": 180, "texture": "#1"},
				"east": {"uv": [3.24815, 2.24825, 3.49756, 2.49766], "rotation": 270, "texture": "#1"},
				"south": {"uv": [3.49627, 2.24664, 3.746, 2.49637], "texture": "#1"},
				"west": {"uv": [3.49627, 2.24664, 3.746, 2.49637], "rotation": 90, "texture": "#1"},
				"up": {"uv": [3.49627, 2.24664, 3.746, 2.49637], "rotation": 180, "texture": "#1"},
				"down": {"uv": [3.74536, 2.24599, 3.99509, 2.49573], "texture": "#1"}
			}
		},
		{
			"from": [7.1, 14.8, 3.3],
			"to": [10.4, 16.9, 5.7],
			"rotation": {"angle": 0, "axis": "x", "origin": [10, 6.4, -3]},
			"faces": {
				"north": {"uv": [3.49627, 2.24664, 3.746, 2.49637], "rotation": 180, "texture": "#1"},
				"east": {"uv": [3.24815, 2.24825, 3.49756, 2.49766], "rotation": 270, "texture": "#1"},
				"south": {"uv": [3.49627, 2.24664, 3.746, 2.49637], "texture": "#1"},
				"west": {"uv": [3.49627, 2.24664, 3.746, 2.49637], "rotation": 90, "texture": "#1"},
				"up": {"uv": [3.49627, 2.24664, 3.746, 2.49637], "rotation": 180, "texture": "#1"}
			}
		},
		{
			"from": [5.8, 14.3, -2.2],
			"to": [7.9, 16.7, -0.4],
			"faces": {
				"north": {"uv": [3.49627, 2.24664, 3.746, 2.49637], "texture": "#1"},
				"east": {"uv": [3.24815, 2.24825, 3.49756, 2.49766], "texture": "#1"},
				"west": {"uv": [3.49627, 2.24664, 3.746, 2.49637], "texture": "#1"},
				"up": {"uv": [3.49627, 2.24664, 3.746, 2.49637], "texture": "#1"},
				"down": {"uv": [3.49627, 2.24664, 3.746, 2.49637], "texture": "#1"}
			}
		},
		{
			"from": [10, 12.3, -1.9],
			"to": [12.1, 14.5, -0.4],
			"faces": {
				"north": {"uv": [3.49627, 2.24664, 3.746, 2.49637], "texture": "#1"},
				"east": {"uv": [3.24815, 2.24825, 3.49756, 2.49766], "texture": "#1"},
				"west": {"uv": [3.49627, 2.24664, 3.746, 2.49637], "texture": "#1"},
				"up": {"uv": [3.49627, 2.24664, 3.746, 2.49637], "texture": "#1"},
				"down": {"uv": [3.49627, 2.24664, 3.746, 2.49637], "texture": "#1"}
			}
		},
		{
			"from": [14.4, 2, 7.7],
			"to": [16.8, 5.7, 13],
			"rotation": {"angle": 0, "axis": "y", "origin": [23.4, -2.3, 5.6]},
			"faces": {
				"north": {"uv": [3.24815, 2.24825, 3.49756, 2.49766], "texture": "#1"},
				"east": {"uv": [3.49627, 2.24664, 3.746, 2.49637], "rotation": 270, "texture": "#1"},
				"south": {"uv": [3.49627, 2.24664, 3.746, 2.49637], "texture": "#1"},
				"up": {"uv": [3.49627, 2.24664, 3.746, 2.49637], "rotation": 270, "texture": "#1"},
				"down": {"uv": [3.49627, 2.24664, 3.746, 2.49637], "rotation": 90, "texture": "#1"}
			}
		},
		{
			"from": [0.1, 3.5, 13.2],
			"to": [7.4, 7.7, 15.6],
			"rotation": {"angle": 0, "axis": "y", "origin": [0, -0.3, 6.6]},
			"faces": {
				"south": {"uv": [3.49627, 2.24664, 3.746, 2.49637], "texture": "#1"},
				"west": {"uv": [3.24815, 2.24825, 3.49756, 2.49766], "texture": "#1"},
				"up": {"uv": [3.49627, 2.24664, 3.746, 2.49637], "rotation": 180, "texture": "#1"},
				"down": {"uv": [3.49627, 2.24664, 3.746, 2.49637], "rotation": 180, "texture": "#1"}
			}
		},
		{
			"from": [9.1, 2, 13.3],
			"to": [15.4, 6.7, 15.7],
			"rotation": {"angle": 0, "axis": "y", "origin": [8, -2.3, 6.7]},
			"faces": {
				"east": {"uv": [3.49627, 2.24664, 3.746, 2.49637], "texture": "#1"},
				"south": {"uv": [3.49627, 2.24664, 3.746, 2.49637], "texture": "#1"},
				"down": {"uv": [3.49627, 2.24664, 3.746, 2.49637], "rotation": 180, "texture": "#1"}
			}
		},
		{
			"from": [-1, 2, 9.4],
			"to": [1.4, 5.7, 14.7],
			"rotation": {"angle": 0, "axis": "y", "origin": [8, -2.3, 7.3]},
			"faces": {
				"north": {"uv": [3.24815, 2.24825, 3.49756, 2.49766], "texture": "#1"},
				"south": {"uv": [3.49627, 2.24664, 3.746, 2.49637], "texture": "#1"},
				"west": {"uv": [3.49627, 2.24664, 3.746, 2.49637], "texture": "#1"},
				"up": {"uv": [3.49627, 2.24664, 3.746, 2.49637], "rotation": 270, "texture": "#1"},
				"down": {"uv": [3.49627, 2.24664, 3.746, 2.49637], "rotation": 90, "texture": "#1"}
			}
		},
		{
			"from": [14.8, 5, 11.7],
			"to": [17.2, 8.7, 16],
			"rotation": {"angle": 0, "axis": "y", "origin": [23.8, 0.7, 9.6]},
			"faces": {
				"north": {"uv": [3.24815, 2.24825, 3.49756, 2.49766], "texture": "#1"},
				"east": {"uv": [3.49627, 2.24664, 3.746, 2.49637], "texture": "#1"},
				"south": {"uv": [3.49627, 2.24664, 3.746, 2.49637], "texture": "#1"},
				"west": {"uv": [3.49627, 2.24664, 3.746, 2.49637], "texture": "#1"},
				"up": {"uv": [3.49627, 2.24664, 3.746, 2.49637], "rotation": 270, "texture": "#1"},
				"down": {"uv": [3.49627, 2.24664, 3.746, 2.49637], "rotation": 90, "texture": "#1"}
			}
		},
		{
			"from": [4.1, 5, 13.45],
			"to": [11.4, 8.95, 15.85],
			"rotation": {"angle": 0, "axis": "y", "origin": [3, 0.7, 6.85]},
			"faces": {
				"east": {"uv": [3.49627, 2.24664, 3.746, 2.49637], "texture": "#1"},
				"south": {"uv": [3.49627, 2.24664, 3.746, 2.49637], "texture": "#1"},
				"west": {"uv": [3.24815, 2.24825, 3.49756, 2.49766], "texture": "#1"},
				"up": {"uv": [3.49627, 2.24664, 3.746, 2.49637], "rotation": 180, "texture": "#1"},
				"down": {"uv": [3.49627, 2.24664, 3.746, 2.49637], "rotation": 180, "texture": "#1"}
			}
		},
		{
			"from": [-1, 5.7, 11.1],
			"to": [1.4, 8.7, 15.4],
			"rotation": {"angle": 0, "axis": "y", "origin": [8, 0.7, 9]},
			"faces": {
				"north": {"uv": [3.24815, 2.24825, 3.49756, 2.49766], "texture": "#1"},
				"south": {"uv": [3.49627, 2.24664, 3.746, 2.49637], "texture": "#1"},
				"west": {"uv": [3.49627, 2.24664, 3.746, 2.49637], "texture": "#1"},
				"up": {"uv": [3.49627, 2.24664, 3.746, 2.49637], "rotation": 270, "texture": "#1"},
				"down": {"uv": [3.49627, 2.24664, 3.746, 2.49637], "rotation": 90, "texture": "#1"}
			}
		},
		{
			"from": [-1, 13, 7.7],
			"to": [1.4, 16.7, 12],
			"rotation": {"angle": 0, "axis": "y", "origin": [8, 8.7, 5.6]},
			"faces": {
				"north": {"uv": [3.24815, 2.24825, 3.49756, 2.49766], "texture": "#1"},
				"east": {"uv": [3.24815, 2.24825, 3.49756, 2.49766], "rotation": 180, "texture": "#1"},
				"south": {"uv": [3.49627, 2.24664, 3.746, 2.49637], "texture": "#1"},
				"west": {"uv": [3.49627, 2.24664, 3.746, 2.49637], "texture": "#1"},
				"up": {"uv": [3.49627, 2.24664, 3.746, 2.49637], "rotation": 270, "texture": "#1"}
			}
		},
		{
			"from": [15, 13.6, 7.7],
			"to": [17.4, 16.7, 12],
			"rotation": {"angle": 0, "axis": "y", "origin": [24, 8.7, 5.6]},
			"faces": {
				"north": {"uv": [3.24815, 2.24825, 3.49756, 2.49766], "texture": "#1"},
				"east": {"uv": [3.24815, 2.24825, 3.49756, 2.49766], "texture": "#1"},
				"south": {"uv": [3.49627, 2.24664, 3.746, 2.49637], "texture": "#1"},
				"west": {"uv": [3.49627, 2.24664, 3.746, 2.49637], "texture": "#1"},
				"up": {"uv": [3.49627, 2.24664, 3.746, 2.49637], "rotation": 270, "texture": "#1"},
				"down": {"uv": [3.49627, 2.24664, 3.746, 2.49637], "rotation": 90, "texture": "#1"}
			}
		},
		{
			"from": [-1, 11.3, 6.1],
			"to": [0.5, 13.5, 11.5],
			"rotation": {"angle": 0, "axis": "y", "origin": [9.9, 7, 2]},
			"faces": {
				"north": {"uv": [3.24815, 2.24825, 3.49756, 2.49766], "texture": "#1"},
				"west": {"uv": [3.49627, 2.24664, 3.746, 2.49637], "texture": "#1"},
				"up": {"uv": [3.49627, 2.24664, 3.746, 2.49637], "rotation": 270, "texture": "#1"}
			}
		},
		{
			"from": [15.1, 14.4, -0.9],
			"to": [16.6, 16.6, 4.5],
			"rotation": {"angle": 0, "axis": "y", "origin": [26, 10.1, -5]},
			"faces": {
				"north": {"uv": [3.24815, 2.24825, 3.49756, 2.49766], "texture": "#1"},
				"east": {"uv": [3.49627, 2.24664, 3.746, 2.49637], "rotation": 270, "texture": "#1"},
				"west": {"uv": [3.49627, 2.24664, 3.746, 2.49637], "texture": "#1"},
				"up": {"uv": [3.49627, 2.24664, 3.746, 2.49637], "rotation": 270, "texture": "#1"},
				"down": {"uv": [3.49627, 2.24664, 3.746, 2.49637], "rotation": 90, "texture": "#1"}
			}
		},
		{
			"from": [-0.7, 0.1, 14.7],
			"to": [4.7, 2.2, 15.6],
			"rotation": {"angle": 0, "axis": "y", "origin": [-4.8, -4.3, 4.7]},
			"faces": {
				"north": {"uv": [3.24815, 2.24825, 3.49756, 2.49766], "texture": "#1"},
				"east": {"uv": [3.49627, 2.24664, 3.746, 2.49637], "texture": "#1"},
				"south": {"uv": [3.49627, 2.24664, 3.746, 2.49637], "texture": "#1"},
				"west": {"uv": [3.24815, 2.24825, 3.49756, 2.49766], "texture": "#1"},
				"up": {"uv": [3.49627, 2.24664, 3.746, 2.49637], "rotation": 180, "texture": "#1"},
				"down": {"uv": [3.49627, 2.24664, 3.746, 2.49637], "rotation": 180, "texture": "#1"}
			}
		},
		{
			"from": [-1, 14.3, -0.9],
			"to": [0.5, 16.5, 4.5],
			"rotation": {"angle": 0, "axis": "y", "origin": [9.9, 10, -5]},
			"faces": {
				"north": {"uv": [3.24815, 2.24825, 3.49756, 2.49766], "texture": "#1"},
				"east": {"uv": [3.249, 2.4994, 3.49708, 2.74748], "texture": "#1"},
				"south": {"uv": [3.49627, 2.24664, 3.746, 2.49637], "texture": "#1"},
				"west": {"uv": [3.49627, 2.24664, 3.746, 2.49637], "texture": "#1"},
				"up": {"uv": [3.49627, 2.24664, 3.746, 2.49637], "rotation": 270, "texture": "#1"},
				"down": {"uv": [3.49627, 2.24664, 3.746, 2.49637], "rotation": 90, "texture": "#1"}
			}
		},
		{
			"from": [1.6, 12.3, -1.9],
			"to": [3.9, 14.5, -0.4],
			"faces": {
				"north": {"uv": [3.49627, 2.24664, 3.746, 2.49637], "texture": "#1"},
				"west": {"uv": [3.49627, 2.24664, 3.746, 2.49637], "texture": "#1"},
				"up": {"uv": [3.49627, 2.24664, 3.746, 2.49637], "texture": "#1"},
				"down": {"uv": [3.49627, 2.24664, 3.746, 2.49637], "texture": "#1"}
			}
		},
		{
			"from": [11.9, 12.3, -1.4],
			"to": [14.4, 14.5, -0.4],
			"faces": {
				"north": {"uv": [3.24815, 2.24825, 3.49756, 2.49766], "texture": "#1"},
				"down": {"uv": [3.24815, 2.24825, 3.49756, 2.49766], "texture": "#1"}
			}
		},
		{
			"from": [-0.35, 14.8, 10.8],
			"to": [2.85, 16.9, 15.1],
			"rotation": {"angle": 0, "axis": "x", "origin": [-5.65, 6.4, 2.9]},
			"faces": {
				"north": {"uv": [3.24815, 2.24825, 3.49756, 2.49766], "rotation": 180, "texture": "#1"},
				"east": {"uv": [3.24815, 2.24825, 3.49756, 2.49766], "rotation": 270, "texture": "#1"},
				"south": {"uv": [3.24815, 2.24825, 3.49756, 2.49766], "texture": "#1"},
				"west": {"uv": [3.24815, 2.24825, 3.49756, 2.49766], "rotation": 90, "texture": "#1"},
				"up": {"uv": [3.24815, 2.24825, 3.49756, 2.49766], "rotation": 180, "texture": "#1"}
			}
		},
		{
			"from": [9.1, 14.7, 5.2],
			"to": [12.5, 16, 9.5],
			"rotation": {"angle": 0, "axis": "x", "origin": [4, 6.3, -2.7]},
			"faces": {
				"north": {"uv": [3.24815, 2.24825, 3.49756, 2.49766], "rotation": 180, "texture": "#1"},
				"east": {"uv": [3.24815, 2.24825, 3.49756, 2.49766], "rotation": 270, "texture": "#1"},
				"up": {"uv": [3.24815, 2.24825, 3.49756, 2.49766], "rotation": 180, "texture": "#1"}
			}
		},
		{
			"from": [13.1, 15.4, 3.2],
			"to": [16.5, 16.9, 7.5],
			"rotation": {"angle": 0, "axis": "x", "origin": [8, 7, -4.7]},
			"faces": {
				"north": {"uv": [3.24815, 2.24825, 3.49756, 2.49766], "rotation": 180, "texture": "#1"},
				"east": {"uv": [3.24815, 2.24825, 3.49756, 2.49766], "rotation": 270, "texture": "#1"},
				"south": {"uv": [3.24815, 2.24825, 3.49756, 2.49766], "texture": "#1"},
				"west": {"uv": [3.24815, 2.24825, 3.49756, 2.49766], "rotation": 90, "texture": "#1"},
				"up": {"uv": [3.24815, 2.24825, 3.49756, 2.49766], "rotation": 180, "texture": "#1"}
			}
		},
		{
			"from": [13.7, 14.9, -0.5],
			"to": [16.5, 16.4, 3.4],
			"rotation": {"angle": 0, "axis": "x", "origin": [8, 6.5, -8.8]},
			"faces": {
				"up": {"uv": [3.24815, 2.24825, 3.49756, 2.49766], "rotation": 180, "texture": "#1"}
			}
		},
		{
			"from": [14.3, 14.3, -1.6],
			"to": [16.5, 17, -0.4],
			"faces": {
				"north": {"uv": [3.24815, 2.24825, 3.49756, 2.49766], "texture": "#1"},
				"east": {"uv": [3.24815, 2.24825, 3.49756, 2.49766], "texture": "#1"},
				"south": {"uv": [3.74536, 2.24599, 3.99509, 2.49573], "texture": "#1"},
				"west": {"uv": [3.24815, 2.24825, 3.49756, 2.49766], "texture": "#1"},
				"up": {"uv": [3.24815, 2.24825, 3.49756, 2.49766], "texture": "#1"},
				"down": {"uv": [3.24815, 2.24825, 3.49756, 2.49766], "texture": "#1"}
			}
		},
		{
			"from": [7.9, 14.3, -1.6],
			"to": [10.1, 17, -0.4],
			"faces": {
				"north": {"uv": [3.24815, 2.24825, 3.49756, 2.49766], "texture": "#1"},
				"east": {"uv": [3.24815, 2.24825, 3.49756, 2.49766], "texture": "#1"},
				"west": {"uv": [3.24815, 2.24825, 3.49756, 2.49766], "texture": "#1"},
				"up": {"uv": [3.24815, 2.24825, 3.49756, 2.49766], "texture": "#1"}
			}
		},
		{
			"from": [9.7, 8.6, 14.9],
			"to": [14.3, 13.6, 16.2],
			"rotation": {"angle": 0, "axis": "y", "origin": [2, 4, 8.1]},
			"faces": {
				"east": {"uv": [3.24815, 2.24825, 3.49756, 2.49766], "texture": "#1"},
				"south": {"uv": [3.24815, 2.24825, 3.49756, 2.49766], "texture": "#1"},
				"west": {"uv": [3.24815, 2.24825, 3.49756, 2.49766], "texture": "#1"},
				"up": {"uv": [3.24815, 2.24825, 3.49756, 2.49766], "rotation": 180, "texture": "#1"},
				"down": {"uv": [3.74987, 2.49991, 3.99928, 2.74932], "rotation": 90, "texture": "#1"}
			}
		},
		{
			"from": [-1.4, 8.3, 10.1],
			"to": [-0.6, 13.6, 14.7],
			"rotation": {"angle": 0, "axis": "y", "origin": [7, 4, 2.4]},
			"faces": {
				"north": {"uv": [3.24815, 2.24825, 3.49756, 2.49766], "texture": "#1"},
				"south": {"uv": [3.24815, 2.24825, 3.49756, 2.49766], "texture": "#1"},
				"west": {"uv": [3.24815, 2.24825, 3.49756, 2.49766], "texture": "#1"},
				"up": {"uv": [3.24815, 2.24825, 3.49756, 2.49766], "rotation": 270, "texture": "#1"},
				"down": {"uv": [3.74987, 2.49991, 3.99928, 2.74932], "texture": "#1"}
			}
		},
		{
			"from": [16.4, 12.3, 4.1],
			"to": [17.2, 16.6, 7.7],
			"rotation": {"angle": 0, "axis": "y", "origin": [24.8, 8, -3.6]},
			"faces": {
				"north": {"uv": [3.24815, 2.24825, 3.49756, 2.49766], "texture": "#1"},
				"east": {"uv": [3.24815, 2.24825, 3.49756, 2.49766], "texture": "#1"},
				"south": {"uv": [3.24815, 2.24825, 3.49756, 2.49766], "texture": "#1"},
				"up": {"uv": [3.24815, 2.24825, 3.49756, 2.49766], "rotation": 270, "texture": "#1"},
				"down": {"uv": [3.74987, 2.49991, 3.99928, 2.74932], "texture": "#1"}
			}
		},
		{
			"from": [1.7, 12.55, 15.2],
			"to": [5.3, 16.85, 16],
			"rotation": {"angle": 0, "axis": "y", "origin": [-6, 8.25, 7.6]},
			"faces": {
				"north": {"uv": [3.24815, 2.24825, 3.49756, 2.49766], "rotation": 180, "texture": "#1"},
				"east": {"uv": [3.24815, 2.24825, 3.49756, 2.49766], "texture": "#1"},
				"south": {"uv": [3.24815, 2.24825, 3.49756, 2.49766], "texture": "#1"},
				"west": {"uv": [3.24815, 2.24825, 3.49756, 2.49766], "texture": "#1"},
				"up": {"uv": [3.24815, 2.24825, 3.49756, 2.49766], "rotation": 180, "texture": "#1"},
				"down": {"uv": [3.74987, 2.49991, 3.99928, 2.74932], "rotation": 90, "texture": "#1"}
			}
		},
		{
			"from": [-1.4, 11.7, 4.1],
			"to": [-0.6, 16, 7.7],
			"rotation": {"angle": 0, "axis": "y", "origin": [7, 7.4, -3.6]},
			"faces": {
				"north": {"uv": [3.24815, 2.24825, 3.49756, 2.49766], "texture": "#1"},
				"east": {"uv": [3.249, 2.4994, 3.49708, 2.74748], "texture": "#1"},
				"south": {"uv": [3.24815, 2.24825, 3.49756, 2.49766], "texture": "#1"},
				"west": {"uv": [3.24815, 2.24825, 3.49756, 2.49766], "texture": "#1"},
				"up": {"uv": [3.24815, 2.24825, 3.49756, 2.49766], "rotation": 270, "texture": "#1"},
				"down": {"uv": [3.74987, 2.49991, 3.99928, 2.74932], "texture": "#1"}
			}
		},
		{
			"from": [1.6, 5.8, -1.2],
			"to": [3.7, 12.3, 1.5],
			"faces": {
				"north": {"uv": [6.99983, 3.99986, 8.749, 4.99943], "texture": "#1"},
				"west": {"uv": [3.49992, 2.49972, 3.74926, 3.24963], "texture": "#1"},
				"down": {"uv": [3.49992, 2.49972, 3.74926, 3.24963], "texture": "#1"}
			}
		},
		{
			"from": [12.1, 5.8, -1.2],
			"to": [14.4, 8, 1.5],
			"faces": {
				"north": {"uv": [6.99983, 3.99986, 8.749, 4.99943], "texture": "#1"},
				"east": {"uv": [3.49645, 2.4994, 3.74642, 3.24743], "texture": "#1"},
				"down": {"uv": [6.99983, 3.99986, 8.749, 4.99943], "texture": "#1"}
			}
		},
		{
			"from": [3.7, 5.8, -1.2],
			"to": [5.9, 8, 1.5],
			"faces": {
				"north": {"uv": [6.99983, 3.99986, 8.749, 4.99943], "texture": "#1"},
				"east": {"uv": [6.99983, 3.99986, 8.749, 4.99943], "texture": "#1"},
				"down": {"uv": [6.99983, 3.99986, 8.749, 4.99943], "texture": "#1"}
			}
		},
		{
			"from": [3.7, 8, -1.2],
			"to": [5.9, 10.2, 1.5],
			"faces": {
				"north": {"uv": [2.24974, 2.74969, 2.4994, 2.99934], "texture": "#1"},
				"east": {"uv": [2.24974, 2.74969, 2.4994, 2.99934], "texture": "#1"}
			}
		},
		{
			"from": [3.7, 10.2, -1.2],
			"to": [5.9, 12.3, 1.5],
			"faces": {
				"north": {"uv": [3.24994, 2.49972, 3.49929, 2.74937], "texture": "#1"},
				"east": {"uv": [3.24994, 2.49972, 3.49929, 2.74937], "texture": "#1"}
			}
		},
		{
			"from": [12.2, 10.1, -1.2],
			"to": [14.4, 12.3, 1.5],
			"faces": {
				"north": {"uv": [3.24994, 2.49972, 3.49929, 2.74937], "texture": "#1"}
			}
		},
		{
			"from": [12.2, 8, -1.2],
			"to": [14.4, 10.1, 1.5],
			"faces": {
				"north": {"uv": [2.24974, 2.74969, 2.4994, 2.99934], "texture": "#1"},
				"east": {"uv": [2.24974, 2.74969, 2.4994, 2.99934], "texture": "#1"}
			}
		},
		{
			"from": [-0.5, 0, -0.4],
			"to": [16.5, 15.5, 15.4],
			"faces": {
				"north": {"uv": [1.99996, 1.99996, 3.9992, 3.9992], "texture": "#1"},
				"east": {"uv": [0, 1.99996, 1.99924, 3.9992], "texture": "#1"},
				"south": {"uv": [5.99988, 1.99996, 7.99912, 3.9992], "texture": "#1"},
				"west": {"uv": [3.99992, 1.99996, 5.99916, 3.9992], "texture": "#1"},
				"up": {"uv": [1.99996, 0, 3.9992, 1.99924], "texture": "#1"},
				"down": {"uv": [3.99992, 0, 5.99916, 1.99924], "texture": "#1"}
			}
		}
	],
	"display": {
		"thirdperson_righthand": {
			"rotation": [75, 45, 0],
			"translation": [0, 2.5, 0],
			"scale": [0.375, 0.375, 0.375]
		},
		"thirdperson_lefthand": {
			"rotation": [75, 45, 0],
			"translation": [0, 2.5, 0],
			"scale": [0.375, 0.375, 0.375]
		},
		"firstperson_righthand": {
			"rotation": [-3, 116, 10],
			"translation": [4, 3.5, -6.5],
			"scale": [0.675, 0.825, 0.675]
		},
		"firstperson_lefthand": {
			"rotation": [-3, 116, 10],
			"translation": [7.5, 3.5, -10.5],
			"scale": [0.8, 1, 1]
		},
		"gui": {
			"rotation": [30, 145, 0],
			"scale": [0.55, 0.55, 0.55]
		},
		"fixed": {
			"scale": [0.5, 0.5, 0.5]
		}
	}
}