{
	"credit": "Made with Blockbench",
	"textures": {
		"3": "custom/overige/kerst5",
		"gold": "custom/overige/case_gold"
	},
	"elements": [
		{
			"name": "Cube1",
			"from": [4.375, 0, 2],
			"to": [9, 10.75, 16.125],
			"faces": {
				"north": {"uv": [7, 5.25, 11.625, 16], "texture": "#3"},
				"south": {"uv": [4.375, 5.25, 9, 16], "texture": "#3"},
				"west": {"uv": [2, 5.25, 16, 16], "texture": "#3"},
				"up": {"uv": [4.375, 2, 9, 16], "texture": "#3"},
				"down": {"uv": [4.375, 0, 9, 14], "texture": "#3"}
			}
		},
		{
			"name": "Cube1",
			"from": [9, -0.125, 1.875],
			"to": [10, 10.875, 16.25],
			"faces": {
				"north": {"uv": [7, 2, 11, 16], "texture": "#3"},
				"east": {"uv": [2, 2, 14, 16], "texture": "#3"},
				"south": {"uv": [5, 2, 9, 16], "texture": "#3"},
				"west": {"uv": [2, 2, 14, 16], "texture": "#3"},
				"up": {"uv": [5, 2, 9, 14], "texture": "#3"},
				"down": {"uv": [5, 2, 9, 14], "texture": "#3"}
			}
		},
		{
			"name": "Voxels-FFFF55",
			"from": [4.25, -0.125, 1.875],
			"to": [5.25, 0.25, 2],
			"faces": {
				"north": {"uv": [4.96, 0.96, 7.04, 3.04], "texture": "#gold"},
				"east": {"uv": [4.96, 0.96, 7.04, 3.04], "texture": "#gold"},
				"west": {"uv": [4.96, 0.96, 7.04, 3.04], "texture": "#gold"},
				"up": {"uv": [4.96, 0.96, 7.04, 3.04], "texture": "#gold"},
				"down": {"uv": [4.96, 0.96, 7.04, 3.04], "texture": "#gold"}
			}
		},
		{
			"name": "Voxels-FFFF55",
			"from": [4.25, -0.125, 2],
			"to": [5.25, 0, 2.25],
			"faces": {
				"east": {"uv": [4.96, 0.96, 7.04, 3.04], "texture": "#gold"},
				"south": {"uv": [4.96, 0.96, 7.04, 3.04], "texture": "#gold"},
				"west": {"uv": [4.96, 0.96, 7.04, 3.04], "texture": "#gold"},
				"down": {"uv": [4.96, 0.96, 7.04, 3.04], "texture": "#gold"}
			}
		},
		{
			"name": "Voxels-FFFF55",
			"from": [4.25, -0.125, 2.25],
			"to": [5.125, 0, 2.5],
			"faces": {
				"east": {"uv": [4.96, 0.96, 7.04, 3.04], "texture": "#gold"},
				"south": {"uv": [4.96, 0.96, 7.04, 3.04], "texture": "#gold"},
				"west": {"uv": [4.96, 0.96, 7.04, 3.04], "texture": "#gold"},
				"down": {"uv": [4.96, 0.96, 7.04, 3.04], "texture": "#gold"}
			}
		},
		{
			"name": "Voxels-FFFF55",
			"from": [4.25, -0.125, 2.5],
			"to": [5, 0, 2.625],
			"faces": {
				"east": {"uv": [4.96, 0.96, 7.04, 3.04], "texture": "#gold"},
				"south": {"uv": [4.96, 0.96, 7.04, 3.04], "texture": "#gold"},
				"west": {"uv": [4.96, 0.96, 7.04, 3.04], "texture": "#gold"},
				"down": {"uv": [4.96, 0.96, 7.04, 3.04], "texture": "#gold"}
			}
		},
		{
			"name": "Voxels-FFFF55",
			"from": [4.25, -0.125, 2.625],
			"to": [4.875, 0, 2.75],
			"faces": {
				"east": {"uv": [4.96, 0.96, 7.04, 3.04], "texture": "#gold"},
				"south": {"uv": [4.96, 0.96, 7.04, 3.04], "texture": "#gold"},
				"west": {"uv": [4.96, 0.96, 7.04, 3.04], "texture": "#gold"},
				"down": {"uv": [4.96, 0.96, 7.04, 3.04], "texture": "#gold"}
			}
		},
		{
			"name": "Voxels-FFFF55",
			"from": [4.25, -0.125, 2.75],
			"to": [4.625, 0, 2.875],
			"faces": {
				"east": {"uv": [4.96, 0.96, 7.04, 3.04], "texture": "#gold"},
				"south": {"uv": [4.96, 0.96, 7.04, 3.04], "texture": "#gold"},
				"west": {"uv": [4.96, 0.96, 7.04, 3.04], "texture": "#gold"},
				"down": {"uv": [4.96, 0.96, 7.04, 3.04], "texture": "#gold"}
			}
		},
		{
			"name": "Voxels-FFFF55",
			"from": [4.25, 0, 2],
			"to": [4.375, 0.875, 2.25],
			"faces": {
				"south": {"uv": [4.96, 0.96, 7.04, 3.04], "texture": "#gold"},
				"west": {"uv": [4.96, 0.96, 7.04, 3.04], "texture": "#gold"},
				"up": {"uv": [4.96, 0.96, 7.04, 3.04], "texture": "#gold"}
			}
		},
		{
			"name": "Voxels-FFFF55",
			"from": [4.25, 0, 2.25],
			"to": [4.375, 0.75, 2.5],
			"faces": {
				"south": {"uv": [4.96, 0.96, 7.04, 3.04], "texture": "#gold"},
				"west": {"uv": [4.96, 0.96, 7.04, 3.04], "texture": "#gold"},
				"up": {"uv": [4.96, 0.96, 7.04, 3.04], "texture": "#gold"}
			}
		},
		{
			"name": "Voxels-FFFF55",
			"from": [4.25, 0, 2.5],
			"to": [4.375, 0.625, 2.625],
			"faces": {
				"south": {"uv": [4.96, 0.96, 7.04, 3.04], "texture": "#gold"},
				"west": {"uv": [4.96, 0.96, 7.04, 3.04], "texture": "#gold"},
				"up": {"uv": [4.96, 0.96, 7.04, 3.04], "texture": "#gold"}
			}
		},
		{
			"name": "Voxels-FFFF55",
			"from": [4.25, 0, 2.625],
			"to": [4.375, 0.5, 2.75],
			"faces": {
				"south": {"uv": [4.96, 0.96, 7.04, 3.04], "texture": "#gold"},
				"west": {"uv": [4.96, 0.96, 7.04, 3.04], "texture": "#gold"},
				"up": {"uv": [4.96, 0.96, 7.04, 3.04], "texture": "#gold"}
			}
		},
		{
			"name": "Voxels-FFFF55",
			"from": [4.25, 0, 2.75],
			"to": [4.375, 0.25, 2.875],
			"faces": {
				"south": {"uv": [4.96, 0.96, 7.04, 3.04], "texture": "#gold"},
				"west": {"uv": [4.96, 0.96, 7.04, 3.04], "texture": "#gold"},
				"up": {"uv": [4.96, 0.96, 7.04, 3.04], "texture": "#gold"}
			}
		},
		{
			"name": "Voxels-FFFF55",
			"from": [4.25, 0.25, 1.875],
			"to": [5.125, 0.5, 2],
			"faces": {
				"north": {"uv": [4.96, 0.96, 7.04, 3.04], "texture": "#gold"},
				"east": {"uv": [4.96, 0.96, 7.04, 3.04], "texture": "#gold"},
				"west": {"uv": [4.96, 0.96, 7.04, 3.04], "texture": "#gold"},
				"up": {"uv": [4.96, 0.96, 7.04, 3.04], "texture": "#gold"}
			}
		},
		{
			"name": "Voxels-FFFF55",
			"from": [4.25, 0.5, 1.875],
			"to": [5, 0.625, 2],
			"faces": {
				"north": {"uv": [4.96, 0.96, 7.04, 3.04], "texture": "#gold"},
				"east": {"uv": [4.96, 0.96, 7.04, 3.04], "texture": "#gold"},
				"west": {"uv": [4.96, 0.96, 7.04, 3.04], "texture": "#gold"},
				"up": {"uv": [4.96, 0.96, 7.04, 3.04], "texture": "#gold"}
			}
		},
		{
			"name": "Voxels-FFFF55",
			"from": [4.25, 0.625, 1.875],
			"to": [4.875, 0.75, 2],
			"faces": {
				"north": {"uv": [4.96, 0.96, 7.04, 3.04], "texture": "#gold"},
				"east": {"uv": [4.96, 0.96, 7.04, 3.04], "texture": "#gold"},
				"west": {"uv": [4.96, 0.96, 7.04, 3.04], "texture": "#gold"},
				"up": {"uv": [4.96, 0.96, 7.04, 3.04], "texture": "#gold"}
			}
		},
		{
			"name": "Voxels-FFFF55",
			"from": [4.25, 0.75, 1.875],
			"to": [4.625, 0.875, 2],
			"faces": {
				"north": {"uv": [4.96, 0.96, 7.04, 3.04], "texture": "#gold"},
				"east": {"uv": [4.96, 0.96, 7.04, 3.04], "texture": "#gold"},
				"west": {"uv": [4.96, 0.96, 7.04, 3.04], "texture": "#gold"},
				"up": {"uv": [4.96, 0.96, 7.04, 3.04], "texture": "#gold"}
			}
		},
		{
			"name": "Voxels-FFFF55",
			"from": [4.25, 9.875, 1.875],
			"to": [4.625, 10.875, 2],
			"faces": {
				"north": {"uv": [4.96, 0.96, 7.04, 3.04], "texture": "#gold"},
				"east": {"uv": [4.96, 0.96, 7.04, 3.04], "texture": "#gold"},
				"west": {"uv": [4.96, 0.96, 7.04, 3.04], "texture": "#gold"},
				"up": {"uv": [4.96, 0.96, 7.04, 3.04], "texture": "#gold"},
				"down": {"uv": [4.96, 0.96, 7.04, 3.04], "texture": "#gold"}
			}
		},
		{
			"name": "Voxels-FFFF55",
			"from": [4.25, 9.875, 2],
			"to": [4.375, 10.875, 2.25],
			"faces": {
				"south": {"uv": [4.96, 0.96, 7.04, 3.04], "texture": "#gold"},
				"west": {"uv": [4.96, 0.96, 7.04, 3.04], "texture": "#gold"},
				"up": {"uv": [4.96, 0.96, 7.04, 3.04], "texture": "#gold"},
				"down": {"uv": [4.96, 0.96, 7.04, 3.04], "texture": "#gold"}
			}
		},
		{
			"name": "Voxels-FFFF55",
			"from": [4.25, 10, 2.25],
			"to": [4.375, 10.875, 2.5],
			"faces": {
				"south": {"uv": [4.96, 0.96, 7.04, 3.04], "texture": "#gold"},
				"west": {"uv": [4.96, 0.96, 7.04, 3.04], "texture": "#gold"},
				"up": {"uv": [4.96, 0.96, 7.04, 3.04], "texture": "#gold"},
				"down": {"uv": [4.96, 0.96, 7.04, 3.04], "texture": "#gold"}
			}
		},
		{
			"name": "Voxels-FFFF55",
			"from": [4.25, 10.125, 2.5],
			"to": [4.375, 10.875, 2.625],
			"faces": {
				"south": {"uv": [4.96, 0.96, 7.04, 3.04], "texture": "#gold"},
				"west": {"uv": [4.96, 0.96, 7.04, 3.04], "texture": "#gold"},
				"up": {"uv": [4.96, 0.96, 7.04, 3.04], "texture": "#gold"},
				"down": {"uv": [4.96, 0.96, 7.04, 3.04], "texture": "#gold"}
			}
		},
		{
			"name": "Voxels-FFFF55",
			"from": [4.25, 10.25, 2.625],
			"to": [4.375, 10.875, 2.75],
			"faces": {
				"south": {"uv": [4.96, 0.96, 7.04, 3.04], "texture": "#gold"},
				"west": {"uv": [4.96, 0.96, 7.04, 3.04], "texture": "#gold"},
				"up": {"uv": [4.96, 0.96, 7.04, 3.04], "texture": "#gold"},
				"down": {"uv": [4.96, 0.96, 7.04, 3.04], "texture": "#gold"}
			}
		},
		{
			"name": "Voxels-FFFF55",
			"from": [4.25, 10.5, 2.75],
			"to": [4.375, 10.875, 2.875],
			"faces": {
				"south": {"uv": [4.96, 0.96, 7.04, 3.04], "texture": "#gold"},
				"west": {"uv": [4.96, 0.96, 7.04, 3.04], "texture": "#gold"},
				"up": {"uv": [4.96, 0.96, 7.04, 3.04], "texture": "#gold"},
				"down": {"uv": [4.96, 0.96, 7.04, 3.04], "texture": "#gold"}
			}
		},
		{
			"name": "Voxels-FFFF55",
			"from": [4.375, 10.75, 2],
			"to": [5.25, 10.875, 2.25],
			"faces": {
				"east": {"uv": [4.96, 0.96, 7.04, 3.04], "texture": "#gold"},
				"south": {"uv": [4.96, 0.96, 7.04, 3.04], "texture": "#gold"},
				"up": {"uv": [4.96, 0.96, 7.04, 3.04], "texture": "#gold"}
			}
		},
		{
			"name": "Voxels-FFFF55",
			"from": [4.375, 10.75, 2.25],
			"to": [5.125, 10.875, 2.5],
			"faces": {
				"east": {"uv": [4.96, 0.96, 7.04, 3.04], "texture": "#gold"},
				"south": {"uv": [4.96, 0.96, 7.04, 3.04], "texture": "#gold"},
				"up": {"uv": [4.96, 0.96, 7.04, 3.04], "texture": "#gold"}
			}
		},
		{
			"name": "Voxels-FFFF55",
			"from": [4.375, 10.75, 2.5],
			"to": [5, 10.875, 2.625],
			"faces": {
				"east": {"uv": [4.96, 0.96, 7.04, 3.04], "texture": "#gold"},
				"south": {"uv": [4.96, 0.96, 7.04, 3.04], "texture": "#gold"},
				"up": {"uv": [4.96, 0.96, 7.04, 3.04], "texture": "#gold"}
			}
		},
		{
			"name": "Voxels-FFFF55",
			"from": [4.375, 10.75, 2.625],
			"to": [4.875, 10.875, 2.75],
			"faces": {
				"east": {"uv": [4.96, 0.96, 7.04, 3.04], "texture": "#gold"},
				"south": {"uv": [4.96, 0.96, 7.04, 3.04], "texture": "#gold"},
				"up": {"uv": [4.96, 0.96, 7.04, 3.04], "texture": "#gold"}
			}
		},
		{
			"name": "Voxels-FFFF55",
			"from": [4.375, 10.75, 2.75],
			"to": [4.625, 10.875, 2.875],
			"faces": {
				"east": {"uv": [4.96, 0.96, 7.04, 3.04], "texture": "#gold"},
				"south": {"uv": [4.96, 0.96, 7.04, 3.04], "texture": "#gold"},
				"up": {"uv": [4.96, 0.96, 7.04, 3.04], "texture": "#gold"}
			}
		},
		{
			"name": "Voxels-FFFF55",
			"from": [4.625, 10, 1.875],
			"to": [4.875, 10.875, 2],
			"faces": {
				"north": {"uv": [4.96, 0.96, 7.04, 3.04], "texture": "#gold"},
				"east": {"uv": [4.96, 0.96, 7.04, 3.04], "texture": "#gold"},
				"up": {"uv": [4.96, 0.96, 7.04, 3.04], "texture": "#gold"},
				"down": {"uv": [4.96, 0.96, 7.04, 3.04], "texture": "#gold"}
			}
		},
		{
			"name": "Voxels-FFFF55",
			"from": [4.875, 10.125, 1.875],
			"to": [5, 10.875, 2],
			"faces": {
				"north": {"uv": [4.96, 0.96, 7.04, 3.04], "texture": "#gold"},
				"east": {"uv": [4.96, 0.96, 7.04, 3.04], "texture": "#gold"},
				"up": {"uv": [4.96, 0.96, 7.04, 3.04], "texture": "#gold"},
				"down": {"uv": [4.96, 0.96, 7.04, 3.04], "texture": "#gold"}
			}
		},
		{
			"name": "Voxels-FFFF55",
			"from": [5, 10.25, 1.875],
			"to": [5.125, 10.875, 2],
			"faces": {
				"north": {"uv": [4.96, 0.96, 7.04, 3.04], "texture": "#gold"},
				"east": {"uv": [4.96, 0.96, 7.04, 3.04], "texture": "#gold"},
				"up": {"uv": [4.96, 0.96, 7.04, 3.04], "texture": "#gold"},
				"down": {"uv": [4.96, 0.96, 7.04, 3.04], "texture": "#gold"}
			}
		},
		{
			"name": "Voxels-FFFF55",
			"from": [5.125, 10.5, 1.875],
			"to": [5.25, 10.875, 2],
			"faces": {
				"north": {"uv": [4.96, 0.96, 7.04, 3.04], "texture": "#gold"},
				"east": {"uv": [4.96, 0.96, 7.04, 3.04], "texture": "#gold"},
				"up": {"uv": [4.96, 0.96, 7.04, 3.04], "texture": "#gold"},
				"down": {"uv": [4.96, 0.96, 7.04, 3.04], "texture": "#gold"}
			}
		},
		{
			"name": "Voxels-FFFF55",
			"from": [4.25, 10.5, 16.125],
			"to": [5.25, 10.875, 16.25],
			"faces": {
				"east": {"uv": [4.96, 0.96, 7.04, 3.04], "rotation": 180, "texture": "#gold"},
				"south": {"uv": [7.04, 3.04, 4.96, 0.96], "texture": "#gold"},
				"west": {"uv": [4.96, 0.96, 7.04, 3.04], "rotation": 180, "texture": "#gold"},
				"up": {"uv": [4.96, 0.96, 7.04, 3.04], "texture": "#gold"},
				"down": {"uv": [4.96, 0.96, 7.04, 3.04], "texture": "#gold"}
			}
		},
		{
			"name": "Voxels-FFFF55",
			"from": [4.25, 10.75, 15.875],
			"to": [5.25, 10.875, 16.125],
			"faces": {
				"north": {"uv": [7.04, 3.04, 4.96, 0.96], "texture": "#gold"},
				"east": {"uv": [4.96, 0.96, 7.04, 3.04], "rotation": 180, "texture": "#gold"},
				"west": {"uv": [4.96, 0.96, 7.04, 3.04], "rotation": 180, "texture": "#gold"},
				"up": {"uv": [4.96, 0.96, 7.04, 3.04], "texture": "#gold"}
			}
		},
		{
			"name": "Voxels-FFFF55",
			"from": [4.25, 10.75, 15.625],
			"to": [5.125, 10.875, 15.875],
			"faces": {
				"north": {"uv": [7.04, 3.04, 4.96, 0.96], "texture": "#gold"},
				"east": {"uv": [4.96, 0.96, 7.04, 3.04], "rotation": 180, "texture": "#gold"},
				"west": {"uv": [4.96, 0.96, 7.04, 3.04], "rotation": 180, "texture": "#gold"},
				"up": {"uv": [4.96, 0.96, 7.04, 3.04], "texture": "#gold"}
			}
		},
		{
			"name": "Voxels-FFFF55",
			"from": [4.25, 10.75, 15.5],
			"to": [5, 10.875, 15.625],
			"faces": {
				"north": {"uv": [7.04, 3.04, 4.96, 0.96], "texture": "#gold"},
				"east": {"uv": [4.96, 0.96, 7.04, 3.04], "rotation": 180, "texture": "#gold"},
				"west": {"uv": [4.96, 0.96, 7.04, 3.04], "rotation": 180, "texture": "#gold"},
				"up": {"uv": [4.96, 0.96, 7.04, 3.04], "texture": "#gold"}
			}
		},
		{
			"name": "Voxels-FFFF55",
			"from": [4.25, 10.75, 15.375],
			"to": [4.875, 10.875, 15.5],
			"faces": {
				"north": {"uv": [7.04, 3.04, 4.96, 0.96], "texture": "#gold"},
				"east": {"uv": [4.96, 0.96, 7.04, 3.04], "rotation": 180, "texture": "#gold"},
				"west": {"uv": [4.96, 0.96, 7.04, 3.04], "rotation": 180, "texture": "#gold"},
				"up": {"uv": [4.96, 0.96, 7.04, 3.04], "texture": "#gold"}
			}
		},
		{
			"name": "Voxels-FFFF55",
			"from": [4.25, 10.75, 15.25],
			"to": [4.625, 10.875, 15.375],
			"faces": {
				"north": {"uv": [7.04, 3.04, 4.96, 0.96], "texture": "#gold"},
				"east": {"uv": [4.96, 0.96, 7.04, 3.04], "rotation": 180, "texture": "#gold"},
				"west": {"uv": [4.96, 0.96, 7.04, 3.04], "rotation": 180, "texture": "#gold"},
				"up": {"uv": [4.96, 0.96, 7.04, 3.04], "texture": "#gold"}
			}
		},
		{
			"name": "Voxels-FFFF55",
			"from": [4.25, 9.875, 15.875],
			"to": [4.375, 10.75, 16.125],
			"faces": {
				"north": {"uv": [7.04, 3.04, 4.96, 0.96], "texture": "#gold"},
				"west": {"uv": [4.96, 0.96, 7.04, 3.04], "rotation": 180, "texture": "#gold"},
				"down": {"uv": [4.96, 0.96, 7.04, 3.04], "texture": "#gold"}
			}
		},
		{
			"name": "Voxels-FFFF55",
			"from": [4.25, 10, 15.625],
			"to": [4.375, 10.75, 15.875],
			"faces": {
				"north": {"uv": [7.04, 3.04, 4.96, 0.96], "texture": "#gold"},
				"west": {"uv": [4.96, 0.96, 7.04, 3.04], "rotation": 180, "texture": "#gold"},
				"down": {"uv": [4.96, 0.96, 7.04, 3.04], "texture": "#gold"}
			}
		},
		{
			"name": "Voxels-FFFF55",
			"from": [4.25, 10.125, 15.5],
			"to": [4.375, 10.75, 15.625],
			"faces": {
				"north": {"uv": [7.04, 3.04, 4.96, 0.96], "texture": "#gold"},
				"west": {"uv": [4.96, 0.96, 7.04, 3.04], "rotation": 180, "texture": "#gold"},
				"down": {"uv": [4.96, 0.96, 7.04, 3.04], "texture": "#gold"}
			}
		},
		{
			"name": "Voxels-FFFF55",
			"from": [4.25, 10.25, 15.375],
			"to": [4.375, 10.75, 15.5],
			"faces": {
				"north": {"uv": [7.04, 3.04, 4.96, 0.96], "texture": "#gold"},
				"west": {"uv": [4.96, 0.96, 7.04, 3.04], "rotation": 180, "texture": "#gold"},
				"down": {"uv": [4.96, 0.96, 7.04, 3.04], "texture": "#gold"}
			}
		},
		{
			"name": "Voxels-FFFF55",
			"from": [4.25, 10.5, 15.25],
			"to": [4.375, 10.75, 15.375],
			"faces": {
				"north": {"uv": [7.04, 3.04, 4.96, 0.96], "texture": "#gold"},
				"west": {"uv": [4.96, 0.96, 7.04, 3.04], "rotation": 180, "texture": "#gold"},
				"down": {"uv": [4.96, 0.96, 7.04, 3.04], "texture": "#gold"}
			}
		},
		{
			"name": "Voxels-FFFF55",
			"from": [4.25, 10.25, 16.125],
			"to": [5.125, 10.5, 16.25],
			"faces": {
				"east": {"uv": [4.96, 0.96, 7.04, 3.04], "rotation": 180, "texture": "#gold"},
				"south": {"uv": [7.04, 3.04, 4.96, 0.96], "texture": "#gold"},
				"west": {"uv": [4.96, 0.96, 7.04, 3.04], "rotation": 180, "texture": "#gold"},
				"down": {"uv": [4.96, 0.96, 7.04, 3.04], "texture": "#gold"}
			}
		},
		{
			"name": "Voxels-FFFF55",
			"from": [4.25, 10.125, 16.125],
			"to": [5, 10.25, 16.25],
			"faces": {
				"east": {"uv": [4.96, 0.96, 7.04, 3.04], "rotation": 180, "texture": "#gold"},
				"south": {"uv": [7.04, 3.04, 4.96, 0.96], "texture": "#gold"},
				"west": {"uv": [4.96, 0.96, 7.04, 3.04], "rotation": 180, "texture": "#gold"},
				"down": {"uv": [4.96, 0.96, 7.04, 3.04], "texture": "#gold"}
			}
		},
		{
			"name": "Voxels-FFFF55",
			"from": [4.25, 10, 16.125],
			"to": [4.875, 10.125, 16.25],
			"faces": {
				"east": {"uv": [4.96, 0.96, 7.04, 3.04], "rotation": 180, "texture": "#gold"},
				"south": {"uv": [7.04, 3.04, 4.96, 0.96], "texture": "#gold"},
				"west": {"uv": [4.96, 0.96, 7.04, 3.04], "rotation": 180, "texture": "#gold"},
				"down": {"uv": [4.96, 0.96, 7.04, 3.04], "texture": "#gold"}
			}
		},
		{
			"name": "Voxels-FFFF55",
			"from": [4.25, 9.875, 16.125],
			"to": [4.625, 10, 16.25],
			"faces": {
				"east": {"uv": [4.96, 0.96, 7.04, 3.04], "rotation": 180, "texture": "#gold"},
				"south": {"uv": [7.04, 3.04, 4.96, 0.96], "texture": "#gold"},
				"west": {"uv": [4.96, 0.96, 7.04, 3.04], "rotation": 180, "texture": "#gold"},
				"down": {"uv": [4.96, 0.96, 7.04, 3.04], "texture": "#gold"}
			}
		},
		{
			"name": "Voxels-FFFF55",
			"from": [4.25, -0.125, 16.125],
			"to": [4.625, 0.875, 16.25],
			"faces": {
				"east": {"uv": [4.96, 0.96, 7.04, 3.04], "rotation": 180, "texture": "#gold"},
				"south": {"uv": [7.04, 3.04, 4.96, 0.96], "texture": "#gold"},
				"west": {"uv": [4.96, 0.96, 7.04, 3.04], "rotation": 180, "texture": "#gold"},
				"up": {"uv": [4.96, 0.96, 7.04, 3.04], "texture": "#gold"},
				"down": {"uv": [4.96, 0.96, 7.04, 3.04], "texture": "#gold"}
			}
		},
		{
			"name": "Voxels-FFFF55",
			"from": [4.25, -0.125, 15.875],
			"to": [4.375, 0.875, 16.125],
			"faces": {
				"north": {"uv": [7.04, 3.04, 4.96, 0.96], "texture": "#gold"},
				"west": {"uv": [4.96, 0.96, 7.04, 3.04], "rotation": 180, "texture": "#gold"},
				"up": {"uv": [4.96, 0.96, 7.04, 3.04], "texture": "#gold"},
				"down": {"uv": [4.96, 0.96, 7.04, 3.04], "texture": "#gold"}
			}
		},
		{
			"name": "Voxels-FFFF55",
			"from": [4.25, -0.125, 15.625],
			"to": [4.375, 0.75, 15.875],
			"faces": {
				"north": {"uv": [7.04, 3.04, 4.96, 0.96], "texture": "#gold"},
				"west": {"uv": [4.96, 0.96, 7.04, 3.04], "rotation": 180, "texture": "#gold"},
				"up": {"uv": [4.96, 0.96, 7.04, 3.04], "texture": "#gold"},
				"down": {"uv": [4.96, 0.96, 7.04, 3.04], "texture": "#gold"}
			}
		},
		{
			"name": "Voxels-FFFF55",
			"from": [4.25, -0.125, 15.5],
			"to": [4.375, 0.625, 15.625],
			"faces": {
				"north": {"uv": [7.04, 3.04, 4.96, 0.96], "texture": "#gold"},
				"west": {"uv": [4.96, 0.96, 7.04, 3.04], "rotation": 180, "texture": "#gold"},
				"up": {"uv": [4.96, 0.96, 7.04, 3.04], "texture": "#gold"},
				"down": {"uv": [4.96, 0.96, 7.04, 3.04], "texture": "#gold"}
			}
		},
		{
			"name": "Voxels-FFFF55",
			"from": [4.25, -0.125, 15.375],
			"to": [4.375, 0.5, 15.5],
			"faces": {
				"north": {"uv": [7.04, 3.04, 4.96, 0.96], "texture": "#gold"},
				"west": {"uv": [4.96, 0.96, 7.04, 3.04], "rotation": 180, "texture": "#gold"},
				"up": {"uv": [4.96, 0.96, 7.04, 3.04], "texture": "#gold"},
				"down": {"uv": [4.96, 0.96, 7.04, 3.04], "texture": "#gold"}
			}
		},
		{
			"name": "Voxels-FFFF55",
			"from": [4.25, -0.125, 15.25],
			"to": [4.375, 0.25, 15.375],
			"faces": {
				"north": {"uv": [7.04, 3.04, 4.96, 0.96], "texture": "#gold"},
				"west": {"uv": [4.96, 0.96, 7.04, 3.04], "rotation": 180, "texture": "#gold"},
				"up": {"uv": [4.96, 0.96, 7.04, 3.04], "texture": "#gold"},
				"down": {"uv": [4.96, 0.96, 7.04, 3.04], "texture": "#gold"}
			}
		},
		{
			"name": "Voxels-FFFF55",
			"from": [4.375, -0.125, 15.875],
			"to": [5.25, 0, 16.125],
			"faces": {
				"north": {"uv": [7.04, 3.04, 4.96, 0.96], "texture": "#gold"},
				"east": {"uv": [4.96, 0.96, 7.04, 3.04], "rotation": 180, "texture": "#gold"},
				"down": {"uv": [4.96, 0.96, 7.04, 3.04], "texture": "#gold"}
			}
		},
		{
			"name": "Voxels-FFFF55",
			"from": [4.375, -0.125, 15.625],
			"to": [5.125, 0, 15.875],
			"faces": {
				"north": {"uv": [7.04, 3.04, 4.96, 0.96], "texture": "#gold"},
				"east": {"uv": [4.96, 0.96, 7.04, 3.04], "rotation": 180, "texture": "#gold"},
				"down": {"uv": [4.96, 0.96, 7.04, 3.04], "texture": "#gold"}
			}
		},
		{
			"name": "Voxels-FFFF55",
			"from": [4.375, -0.125, 15.5],
			"to": [5, 0, 15.625],
			"faces": {
				"north": {"uv": [7.04, 3.04, 4.96, 0.96], "texture": "#gold"},
				"east": {"uv": [4.96, 0.96, 7.04, 3.04], "rotation": 180, "texture": "#gold"},
				"down": {"uv": [4.96, 0.96, 7.04, 3.04], "texture": "#gold"}
			}
		},
		{
			"name": "Voxels-FFFF55",
			"from": [4.375, -0.125, 15.375],
			"to": [4.875, 0, 15.5],
			"faces": {
				"north": {"uv": [7.04, 3.04, 4.96, 0.96], "texture": "#gold"},
				"east": {"uv": [4.96, 0.96, 7.04, 3.04], "rotation": 180, "texture": "#gold"},
				"down": {"uv": [4.96, 0.96, 7.04, 3.04], "texture": "#gold"}
			}
		},
		{
			"name": "Voxels-FFFF55",
			"from": [4.375, -0.125, 15.25],
			"to": [4.625, 0, 15.375],
			"faces": {
				"north": {"uv": [7.04, 3.04, 4.96, 0.96], "texture": "#gold"},
				"east": {"uv": [4.96, 0.96, 7.04, 3.04], "rotation": 180, "texture": "#gold"},
				"down": {"uv": [4.96, 0.96, 7.04, 3.04], "texture": "#gold"}
			}
		},
		{
			"name": "Voxels-FFFF55",
			"from": [4.625, -0.125, 16.125],
			"to": [4.875, 0.75, 16.25],
			"faces": {
				"east": {"uv": [4.96, 0.96, 7.04, 3.04], "rotation": 180, "texture": "#gold"},
				"south": {"uv": [7.04, 3.04, 4.96, 0.96], "texture": "#gold"},
				"up": {"uv": [4.96, 0.96, 7.04, 3.04], "texture": "#gold"},
				"down": {"uv": [4.96, 0.96, 7.04, 3.04], "texture": "#gold"}
			}
		},
		{
			"name": "Voxels-FFFF55",
			"from": [4.875, -0.125, 16.125],
			"to": [5, 0.625, 16.25],
			"faces": {
				"east": {"uv": [4.96, 0.96, 7.04, 3.04], "rotation": 180, "texture": "#gold"},
				"south": {"uv": [7.04, 3.04, 4.96, 0.96], "texture": "#gold"},
				"up": {"uv": [4.96, 0.96, 7.04, 3.04], "texture": "#gold"},
				"down": {"uv": [4.96, 0.96, 7.04, 3.04], "texture": "#gold"}
			}
		},
		{
			"name": "Voxels-FFFF55",
			"from": [5, -0.125, 16.125],
			"to": [5.125, 0.5, 16.25],
			"faces": {
				"east": {"uv": [4.96, 0.96, 7.04, 3.04], "rotation": 180, "texture": "#gold"},
				"south": {"uv": [7.04, 3.04, 4.96, 0.96], "texture": "#gold"},
				"up": {"uv": [4.96, 0.96, 7.04, 3.04], "texture": "#gold"},
				"down": {"uv": [4.96, 0.96, 7.04, 3.04], "texture": "#gold"}
			}
		},
		{
			"name": "Voxels-FFFF55",
			"from": [5.125, -0.125, 16.125],
			"to": [5.25, 0.25, 16.25],
			"faces": {
				"east": {"uv": [4.96, 0.96, 7.04, 3.04], "rotation": 180, "texture": "#gold"},
				"south": {"uv": [7.04, 3.04, 4.96, 0.96], "texture": "#gold"},
				"up": {"uv": [4.96, 0.96, 7.04, 3.04], "texture": "#gold"},
				"down": {"uv": [4.96, 0.96, 7.04, 3.04], "texture": "#gold"}
			}
		},
		{
			"name": "Voxels-FFFF55",
			"from": [9.125, -0.25, 16.25],
			"to": [10.125, 0.125, 16.375],
			"faces": {
				"east": {"uv": [4.96, 0.96, 7.04, 3.04], "texture": "#gold"},
				"south": {"uv": [4.96, 0.96, 7.04, 3.04], "texture": "#gold"},
				"west": {"uv": [4.96, 0.96, 7.04, 3.04], "texture": "#gold"},
				"up": {"uv": [4.96, 0.96, 7.04, 3.04], "rotation": 180, "texture": "#gold"},
				"down": {"uv": [4.96, 0.96, 7.04, 3.04], "rotation": 180, "texture": "#gold"}
			}
		},
		{
			"name": "Voxels-FFFF55",
			"from": [9.125, -0.25, 16],
			"to": [10.125, -0.125, 16.25],
			"faces": {
				"north": {"uv": [4.96, 0.96, 7.04, 3.04], "texture": "#gold"},
				"east": {"uv": [4.96, 0.96, 7.04, 3.04], "texture": "#gold"},
				"west": {"uv": [4.96, 0.96, 7.04, 3.04], "texture": "#gold"},
				"down": {"uv": [4.96, 0.96, 7.04, 3.04], "rotation": 180, "texture": "#gold"}
			}
		},
		{
			"name": "Voxels-FFFF55",
			"from": [9.25, -0.25, 15.75],
			"to": [10.125, -0.125, 16],
			"faces": {
				"north": {"uv": [4.96, 0.96, 7.04, 3.04], "texture": "#gold"},
				"east": {"uv": [4.96, 0.96, 7.04, 3.04], "texture": "#gold"},
				"west": {"uv": [4.96, 0.96, 7.04, 3.04], "texture": "#gold"},
				"down": {"uv": [4.96, 0.96, 7.04, 3.04], "rotation": 180, "texture": "#gold"}
			}
		},
		{
			"name": "Voxels-FFFF55",
			"from": [9.375, -0.25, 15.625],
			"to": [10.125, -0.125, 15.75],
			"faces": {
				"north": {"uv": [4.96, 0.96, 7.04, 3.04], "texture": "#gold"},
				"east": {"uv": [4.96, 0.96, 7.04, 3.04], "texture": "#gold"},
				"west": {"uv": [4.96, 0.96, 7.04, 3.04], "texture": "#gold"},
				"down": {"uv": [4.96, 0.96, 7.04, 3.04], "rotation": 180, "texture": "#gold"}
			}
		},
		{
			"name": "Voxels-FFFF55",
			"from": [9.5, -0.25, 15.5],
			"to": [10.125, -0.125, 15.625],
			"faces": {
				"north": {"uv": [4.96, 0.96, 7.04, 3.04], "texture": "#gold"},
				"east": {"uv": [4.96, 0.96, 7.04, 3.04], "texture": "#gold"},
				"west": {"uv": [4.96, 0.96, 7.04, 3.04], "texture": "#gold"},
				"down": {"uv": [4.96, 0.96, 7.04, 3.04], "rotation": 180, "texture": "#gold"}
			}
		},
		{
			"name": "Voxels-FFFF55",
			"from": [9.75, -0.25, 15.375],
			"to": [10.125, -0.125, 15.5],
			"faces": {
				"north": {"uv": [4.96, 0.96, 7.04, 3.04], "texture": "#gold"},
				"east": {"uv": [4.96, 0.96, 7.04, 3.04], "texture": "#gold"},
				"west": {"uv": [4.96, 0.96, 7.04, 3.04], "texture": "#gold"},
				"down": {"uv": [4.96, 0.96, 7.04, 3.04], "rotation": 180, "texture": "#gold"}
			}
		},
		{
			"name": "Voxels-FFFF55",
			"from": [10, -0.125, 16],
			"to": [10.125, 0.75, 16.25],
			"faces": {
				"north": {"uv": [4.96, 0.96, 7.04, 3.04], "texture": "#gold"},
				"east": {"uv": [4.96, 0.96, 7.04, 3.04], "texture": "#gold"},
				"up": {"uv": [4.96, 0.96, 7.04, 3.04], "rotation": 180, "texture": "#gold"}
			}
		},
		{
			"name": "Voxels-FFFF55",
			"from": [10, -0.125, 15.75],
			"to": [10.125, 0.625, 16],
			"faces": {
				"north": {"uv": [4.96, 0.96, 7.04, 3.04], "texture": "#gold"},
				"east": {"uv": [4.96, 0.96, 7.04, 3.04], "texture": "#gold"},
				"up": {"uv": [4.96, 0.96, 7.04, 3.04], "rotation": 180, "texture": "#gold"}
			}
		},
		{
			"name": "Voxels-FFFF55",
			"from": [10, -0.125, 15.625],
			"to": [10.125, 0.5, 15.75],
			"faces": {
				"north": {"uv": [4.96, 0.96, 7.04, 3.04], "texture": "#gold"},
				"east": {"uv": [4.96, 0.96, 7.04, 3.04], "texture": "#gold"},
				"up": {"uv": [4.96, 0.96, 7.04, 3.04], "rotation": 180, "texture": "#gold"}
			}
		},
		{
			"name": "Voxels-FFFF55",
			"from": [10, -0.125, 15.5],
			"to": [10.125, 0.375, 15.625],
			"faces": {
				"north": {"uv": [4.96, 0.96, 7.04, 3.04], "texture": "#gold"},
				"east": {"uv": [4.96, 0.96, 7.04, 3.04], "texture": "#gold"},
				"up": {"uv": [4.96, 0.96, 7.04, 3.04], "rotation": 180, "texture": "#gold"}
			}
		},
		{
			"name": "Voxels-FFFF55",
			"from": [10, -0.125, 15.375],
			"to": [10.125, 0.125, 15.5],
			"faces": {
				"north": {"uv": [4.96, 0.96, 7.04, 3.04], "texture": "#gold"},
				"east": {"uv": [4.96, 0.96, 7.04, 3.04], "texture": "#gold"},
				"up": {"uv": [4.96, 0.96, 7.04, 3.04], "rotation": 180, "texture": "#gold"}
			}
		},
		{
			"name": "Voxels-FFFF55",
			"from": [9.25, 0.125, 16.25],
			"to": [10.125, 0.375, 16.375],
			"faces": {
				"east": {"uv": [4.96, 0.96, 7.04, 3.04], "texture": "#gold"},
				"south": {"uv": [4.96, 0.96, 7.04, 3.04], "texture": "#gold"},
				"west": {"uv": [4.96, 0.96, 7.04, 3.04], "texture": "#gold"},
				"up": {"uv": [4.96, 0.96, 7.04, 3.04], "rotation": 180, "texture": "#gold"}
			}
		},
		{
			"name": "Voxels-FFFF55",
			"from": [9.375, 0.375, 16.25],
			"to": [10.125, 0.5, 16.375],
			"faces": {
				"east": {"uv": [4.96, 0.96, 7.04, 3.04], "texture": "#gold"},
				"south": {"uv": [4.96, 0.96, 7.04, 3.04], "texture": "#gold"},
				"west": {"uv": [4.96, 0.96, 7.04, 3.04], "texture": "#gold"},
				"up": {"uv": [4.96, 0.96, 7.04, 3.04], "rotation": 180, "texture": "#gold"}
			}
		},
		{
			"name": "Voxels-FFFF55",
			"from": [9.5, 0.5, 16.25],
			"to": [10.125, 0.625, 16.375],
			"faces": {
				"east": {"uv": [4.96, 0.96, 7.04, 3.04], "texture": "#gold"},
				"south": {"uv": [4.96, 0.96, 7.04, 3.04], "texture": "#gold"},
				"west": {"uv": [4.96, 0.96, 7.04, 3.04], "texture": "#gold"},
				"up": {"uv": [4.96, 0.96, 7.04, 3.04], "rotation": 180, "texture": "#gold"}
			}
		},
		{
			"name": "Voxels-FFFF55",
			"from": [9.75, 0.625, 16.25],
			"to": [10.125, 0.75, 16.375],
			"faces": {
				"east": {"uv": [4.96, 0.96, 7.04, 3.04], "texture": "#gold"},
				"south": {"uv": [4.96, 0.96, 7.04, 3.04], "texture": "#gold"},
				"west": {"uv": [4.96, 0.96, 7.04, 3.04], "texture": "#gold"},
				"up": {"uv": [4.96, 0.96, 7.04, 3.04], "rotation": 180, "texture": "#gold"}
			}
		},
		{
			"name": "Voxels-FFFF55",
			"from": [9.75, 10, 16.25],
			"to": [10.125, 11, 16.375],
			"faces": {
				"east": {"uv": [4.96, 0.96, 7.04, 3.04], "texture": "#gold"},
				"south": {"uv": [4.96, 0.96, 7.04, 3.04], "texture": "#gold"},
				"west": {"uv": [4.96, 0.96, 7.04, 3.04], "texture": "#gold"},
				"up": {"uv": [4.96, 0.96, 7.04, 3.04], "rotation": 180, "texture": "#gold"},
				"down": {"uv": [4.96, 0.96, 7.04, 3.04], "rotation": 180, "texture": "#gold"}
			}
		},
		{
			"name": "Voxels-FFFF55",
			"from": [10, 10, 16],
			"to": [10.125, 11, 16.25],
			"faces": {
				"north": {"uv": [4.96, 0.96, 7.04, 3.04], "texture": "#gold"},
				"east": {"uv": [4.96, 0.96, 7.04, 3.04], "texture": "#gold"},
				"up": {"uv": [4.96, 0.96, 7.04, 3.04], "rotation": 180, "texture": "#gold"},
				"down": {"uv": [4.96, 0.96, 7.04, 3.04], "rotation": 180, "texture": "#gold"}
			}
		},
		{
			"name": "Voxels-FFFF55",
			"from": [10, 10.125, 15.75],
			"to": [10.125, 11, 16],
			"faces": {
				"north": {"uv": [4.96, 0.96, 7.04, 3.04], "texture": "#gold"},
				"east": {"uv": [4.96, 0.96, 7.04, 3.04], "texture": "#gold"},
				"up": {"uv": [4.96, 0.96, 7.04, 3.04], "rotation": 180, "texture": "#gold"},
				"down": {"uv": [4.96, 0.96, 7.04, 3.04], "rotation": 180, "texture": "#gold"}
			}
		},
		{
			"name": "Voxels-FFFF55",
			"from": [10, 10.25, 15.625],
			"to": [10.125, 11, 15.75],
			"faces": {
				"north": {"uv": [4.96, 0.96, 7.04, 3.04], "texture": "#gold"},
				"east": {"uv": [4.96, 0.96, 7.04, 3.04], "texture": "#gold"},
				"up": {"uv": [4.96, 0.96, 7.04, 3.04], "rotation": 180, "texture": "#gold"},
				"down": {"uv": [4.96, 0.96, 7.04, 3.04], "rotation": 180, "texture": "#gold"}
			}
		},
		{
			"name": "Voxels-FFFF55",
			"from": [10, 10.375, 15.5],
			"to": [10.125, 11, 15.625],
			"faces": {
				"north": {"uv": [4.96, 0.96, 7.04, 3.04], "texture": "#gold"},
				"east": {"uv": [4.96, 0.96, 7.04, 3.04], "texture": "#gold"},
				"up": {"uv": [4.96, 0.96, 7.04, 3.04], "rotation": 180, "texture": "#gold"},
				"down": {"uv": [4.96, 0.96, 7.04, 3.04], "rotation": 180, "texture": "#gold"}
			}
		},
		{
			"name": "Voxels-FFFF55",
			"from": [10, 10.625, 15.375],
			"to": [10.125, 11, 15.5],
			"faces": {
				"north": {"uv": [4.96, 0.96, 7.04, 3.04], "texture": "#gold"},
				"east": {"uv": [4.96, 0.96, 7.04, 3.04], "texture": "#gold"},
				"up": {"uv": [4.96, 0.96, 7.04, 3.04], "rotation": 180, "texture": "#gold"},
				"down": {"uv": [4.96, 0.96, 7.04, 3.04], "rotation": 180, "texture": "#gold"}
			}
		},
		{
			"name": "Voxels-FFFF55",
			"from": [9.125, 10.875, 16],
			"to": [10, 11, 16.25],
			"faces": {
				"north": {"uv": [4.96, 0.96, 7.04, 3.04], "texture": "#gold"},
				"west": {"uv": [4.96, 0.96, 7.04, 3.04], "texture": "#gold"},
				"up": {"uv": [4.96, 0.96, 7.04, 3.04], "rotation": 180, "texture": "#gold"}
			}
		},
		{
			"name": "Voxels-FFFF55",
			"from": [9.25, 10.875, 15.75],
			"to": [10, 11, 16],
			"faces": {
				"north": {"uv": [4.96, 0.96, 7.04, 3.04], "texture": "#gold"},
				"west": {"uv": [4.96, 0.96, 7.04, 3.04], "texture": "#gold"},
				"up": {"uv": [4.96, 0.96, 7.04, 3.04], "rotation": 180, "texture": "#gold"}
			}
		},
		{
			"name": "Voxels-FFFF55",
			"from": [9.375, 10.875, 15.625],
			"to": [10, 11, 15.75],
			"faces": {
				"north": {"uv": [4.96, 0.96, 7.04, 3.04], "texture": "#gold"},
				"west": {"uv": [4.96, 0.96, 7.04, 3.04], "texture": "#gold"},
				"up": {"uv": [4.96, 0.96, 7.04, 3.04], "rotation": 180, "texture": "#gold"}
			}
		},
		{
			"name": "Voxels-FFFF55",
			"from": [9.5, 10.875, 15.5],
			"to": [10, 11, 15.625],
			"faces": {
				"north": {"uv": [4.96, 0.96, 7.04, 3.04], "texture": "#gold"},
				"west": {"uv": [4.96, 0.96, 7.04, 3.04], "texture": "#gold"},
				"up": {"uv": [4.96, 0.96, 7.04, 3.04], "rotation": 180, "texture": "#gold"}
			}
		},
		{
			"name": "Voxels-FFFF55",
			"from": [9.75, 10.875, 15.375],
			"to": [10, 11, 15.5],
			"faces": {
				"north": {"uv": [4.96, 0.96, 7.04, 3.04], "texture": "#gold"},
				"west": {"uv": [4.96, 0.96, 7.04, 3.04], "texture": "#gold"},
				"up": {"uv": [4.96, 0.96, 7.04, 3.04], "rotation": 180, "texture": "#gold"}
			}
		},
		{
			"name": "Voxels-FFFF55",
			"from": [9.5, 10.125, 16.25],
			"to": [9.75, 11, 16.375],
			"faces": {
				"south": {"uv": [4.96, 0.96, 7.04, 3.04], "texture": "#gold"},
				"west": {"uv": [4.96, 0.96, 7.04, 3.04], "texture": "#gold"},
				"up": {"uv": [4.96, 0.96, 7.04, 3.04], "rotation": 180, "texture": "#gold"},
				"down": {"uv": [4.96, 0.96, 7.04, 3.04], "rotation": 180, "texture": "#gold"}
			}
		},
		{
			"name": "Voxels-FFFF55",
			"from": [9.375, 10.25, 16.25],
			"to": [9.5, 11, 16.375],
			"faces": {
				"south": {"uv": [4.96, 0.96, 7.04, 3.04], "texture": "#gold"},
				"west": {"uv": [4.96, 0.96, 7.04, 3.04], "texture": "#gold"},
				"up": {"uv": [4.96, 0.96, 7.04, 3.04], "rotation": 180, "texture": "#gold"},
				"down": {"uv": [4.96, 0.96, 7.04, 3.04], "rotation": 180, "texture": "#gold"}
			}
		},
		{
			"name": "Voxels-FFFF55",
			"from": [9.25, 10.375, 16.25],
			"to": [9.375, 11, 16.375],
			"faces": {
				"south": {"uv": [4.96, 0.96, 7.04, 3.04], "texture": "#gold"},
				"west": {"uv": [4.96, 0.96, 7.04, 3.04], "texture": "#gold"},
				"up": {"uv": [4.96, 0.96, 7.04, 3.04], "rotation": 180, "texture": "#gold"},
				"down": {"uv": [4.96, 0.96, 7.04, 3.04], "rotation": 180, "texture": "#gold"}
			}
		},
		{
			"name": "Voxels-FFFF55",
			"from": [9.125, 10.625, 16.25],
			"to": [9.25, 11, 16.375],
			"faces": {
				"south": {"uv": [4.96, 0.96, 7.04, 3.04], "texture": "#gold"},
				"west": {"uv": [4.96, 0.96, 7.04, 3.04], "texture": "#gold"},
				"up": {"uv": [4.96, 0.96, 7.04, 3.04], "rotation": 180, "texture": "#gold"},
				"down": {"uv": [4.96, 0.96, 7.04, 3.04], "rotation": 180, "texture": "#gold"}
			}
		},
		{
			"name": "Voxels-FFFF55",
			"from": [9.125, 10.625, 1.75],
			"to": [10.125, 11, 1.875],
			"faces": {
				"north": {"uv": [7.04, 3.04, 4.96, 0.96], "texture": "#gold"},
				"east": {"uv": [4.96, 0.96, 7.04, 3.04], "rotation": 180, "texture": "#gold"},
				"west": {"uv": [4.96, 0.96, 7.04, 3.04], "rotation": 180, "texture": "#gold"},
				"up": {"uv": [4.96, 0.96, 7.04, 3.04], "rotation": 180, "texture": "#gold"},
				"down": {"uv": [4.96, 0.96, 7.04, 3.04], "rotation": 180, "texture": "#gold"}
			}
		},
		{
			"name": "Voxels-FFFF55",
			"from": [9.125, 10.875, 1.875],
			"to": [10.125, 11, 2.125],
			"faces": {
				"east": {"uv": [4.96, 0.96, 7.04, 3.04], "rotation": 180, "texture": "#gold"},
				"south": {"uv": [7.04, 3.04, 4.96, 0.96], "texture": "#gold"},
				"west": {"uv": [4.96, 0.96, 7.04, 3.04], "rotation": 180, "texture": "#gold"},
				"up": {"uv": [4.96, 0.96, 7.04, 3.04], "rotation": 180, "texture": "#gold"}
			}
		},
		{
			"name": "Voxels-FFFF55",
			"from": [9.25, 10.875, 2.125],
			"to": [10.125, 11, 2.375],
			"faces": {
				"east": {"uv": [4.96, 0.96, 7.04, 3.04], "rotation": 180, "texture": "#gold"},
				"south": {"uv": [7.04, 3.04, 4.96, 0.96], "texture": "#gold"},
				"west": {"uv": [4.96, 0.96, 7.04, 3.04], "rotation": 180, "texture": "#gold"},
				"up": {"uv": [4.96, 0.96, 7.04, 3.04], "rotation": 180, "texture": "#gold"}
			}
		},
		{
			"name": "Voxels-FFFF55",
			"from": [9.375, 10.875, 2.375],
			"to": [10.125, 11, 2.5],
			"faces": {
				"east": {"uv": [4.96, 0.96, 7.04, 3.04], "rotation": 180, "texture": "#gold"},
				"south": {"uv": [7.04, 3.04, 4.96, 0.96], "texture": "#gold"},
				"west": {"uv": [4.96, 0.96, 7.04, 3.04], "rotation": 180, "texture": "#gold"},
				"up": {"uv": [4.96, 0.96, 7.04, 3.04], "rotation": 180, "texture": "#gold"}
			}
		},
		{
			"name": "Voxels-FFFF55",
			"from": [9.5, 10.875, 2.5],
			"to": [10.125, 11, 2.625],
			"faces": {
				"east": {"uv": [4.96, 0.96, 7.04, 3.04], "rotation": 180, "texture": "#gold"},
				"south": {"uv": [7.04, 3.04, 4.96, 0.96], "texture": "#gold"},
				"west": {"uv": [4.96, 0.96, 7.04, 3.04], "rotation": 180, "texture": "#gold"},
				"up": {"uv": [4.96, 0.96, 7.04, 3.04], "rotation": 180, "texture": "#gold"}
			}
		},
		{
			"name": "Voxels-FFFF55",
			"from": [9.75, 10.875, 2.625],
			"to": [10.125, 11, 2.75],
			"faces": {
				"east": {"uv": [4.96, 0.96, 7.04, 3.04], "rotation": 180, "texture": "#gold"},
				"south": {"uv": [7.04, 3.04, 4.96, 0.96], "texture": "#gold"},
				"west": {"uv": [4.96, 0.96, 7.04, 3.04], "rotation": 180, "texture": "#gold"},
				"up": {"uv": [4.96, 0.96, 7.04, 3.04], "rotation": 180, "texture": "#gold"}
			}
		},
		{
			"name": "Voxels-FFFF55",
			"from": [10, 10, 1.875],
			"to": [10.125, 10.875, 2.125],
			"faces": {
				"east": {"uv": [4.96, 0.96, 7.04, 3.04], "rotation": 180, "texture": "#gold"},
				"south": {"uv": [7.04, 3.04, 4.96, 0.96], "texture": "#gold"},
				"down": {"uv": [4.96, 0.96, 7.04, 3.04], "rotation": 180, "texture": "#gold"}
			}
		},
		{
			"name": "Voxels-FFFF55",
			"from": [10, 10.125, 2.125],
			"to": [10.125, 10.875, 2.375],
			"faces": {
				"east": {"uv": [4.96, 0.96, 7.04, 3.04], "rotation": 180, "texture": "#gold"},
				"south": {"uv": [7.04, 3.04, 4.96, 0.96], "texture": "#gold"},
				"down": {"uv": [4.96, 0.96, 7.04, 3.04], "rotation": 180, "texture": "#gold"}
			}
		},
		{
			"name": "Voxels-FFFF55",
			"from": [10, 10.25, 2.375],
			"to": [10.125, 10.875, 2.5],
			"faces": {
				"east": {"uv": [4.96, 0.96, 7.04, 3.04], "rotation": 180, "texture": "#gold"},
				"south": {"uv": [7.04, 3.04, 4.96, 0.96], "texture": "#gold"},
				"down": {"uv": [4.96, 0.96, 7.04, 3.04], "rotation": 180, "texture": "#gold"}
			}
		},
		{
			"name": "Voxels-FFFF55",
			"from": [10, 10.375, 2.5],
			"to": [10.125, 10.875, 2.625],
			"faces": {
				"east": {"uv": [4.96, 0.96, 7.04, 3.04], "rotation": 180, "texture": "#gold"},
				"south": {"uv": [7.04, 3.04, 4.96, 0.96], "texture": "#gold"},
				"down": {"uv": [4.96, 0.96, 7.04, 3.04], "rotation": 180, "texture": "#gold"}
			}
		},
		{
			"name": "Voxels-FFFF55",
			"from": [10, 10.625, 2.625],
			"to": [10.125, 10.875, 2.75],
			"faces": {
				"east": {"uv": [4.96, 0.96, 7.04, 3.04], "rotation": 180, "texture": "#gold"},
				"south": {"uv": [7.04, 3.04, 4.96, 0.96], "texture": "#gold"},
				"down": {"uv": [4.96, 0.96, 7.04, 3.04], "rotation": 180, "texture": "#gold"}
			}
		},
		{
			"name": "Voxels-FFFF55",
			"from": [9.25, 10.375, 1.75],
			"to": [10.125, 10.625, 1.875],
			"faces": {
				"north": {"uv": [7.04, 3.04, 4.96, 0.96], "texture": "#gold"},
				"east": {"uv": [4.96, 0.96, 7.04, 3.04], "rotation": 180, "texture": "#gold"},
				"west": {"uv": [4.96, 0.96, 7.04, 3.04], "rotation": 180, "texture": "#gold"},
				"down": {"uv": [4.96, 0.96, 7.04, 3.04], "rotation": 180, "texture": "#gold"}
			}
		},
		{
			"name": "Voxels-FFFF55",
			"from": [9.375, 10.25, 1.75],
			"to": [10.125, 10.375, 1.875],
			"faces": {
				"north": {"uv": [7.04, 3.04, 4.96, 0.96], "texture": "#gold"},
				"east": {"uv": [4.96, 0.96, 7.04, 3.04], "rotation": 180, "texture": "#gold"},
				"west": {"uv": [4.96, 0.96, 7.04, 3.04], "rotation": 180, "texture": "#gold"},
				"down": {"uv": [4.96, 0.96, 7.04, 3.04], "rotation": 180, "texture": "#gold"}
			}
		},
		{
			"name": "Voxels-FFFF55",
			"from": [9.5, 10.125, 1.75],
			"to": [10.125, 10.25, 1.875],
			"faces": {
				"north": {"uv": [7.04, 3.04, 4.96, 0.96], "texture": "#gold"},
				"east": {"uv": [4.96, 0.96, 7.04, 3.04], "rotation": 180, "texture": "#gold"},
				"west": {"uv": [4.96, 0.96, 7.04, 3.04], "rotation": 180, "texture": "#gold"},
				"down": {"uv": [4.96, 0.96, 7.04, 3.04], "rotation": 180, "texture": "#gold"}
			}
		},
		{
			"name": "Voxels-FFFF55",
			"from": [9.75, 10, 1.75],
			"to": [10.125, 10.125, 1.875],
			"faces": {
				"north": {"uv": [7.04, 3.04, 4.96, 0.96], "texture": "#gold"},
				"east": {"uv": [4.96, 0.96, 7.04, 3.04], "rotation": 180, "texture": "#gold"},
				"west": {"uv": [4.96, 0.96, 7.04, 3.04], "rotation": 180, "texture": "#gold"},
				"down": {"uv": [4.96, 0.96, 7.04, 3.04], "rotation": 180, "texture": "#gold"}
			}
		},
		{
			"name": "Voxels-FFFF55",
			"from": [9.75, -0.25, 1.75],
			"to": [10.125, 0.75, 1.875],
			"faces": {
				"north": {"uv": [7.04, 3.04, 4.96, 0.96], "texture": "#gold"},
				"east": {"uv": [4.96, 0.96, 7.04, 3.04], "rotation": 180, "texture": "#gold"},
				"west": {"uv": [4.96, 0.96, 7.04, 3.04], "rotation": 180, "texture": "#gold"},
				"up": {"uv": [4.96, 0.96, 7.04, 3.04], "rotation": 180, "texture": "#gold"},
				"down": {"uv": [4.96, 0.96, 7.04, 3.04], "rotation": 180, "texture": "#gold"}
			}
		},
		{
			"name": "Voxels-FFFF55",
			"from": [10, -0.25, 1.875],
			"to": [10.125, 0.75, 2.125],
			"faces": {
				"east": {"uv": [4.96, 0.96, 7.04, 3.04], "rotation": 180, "texture": "#gold"},
				"south": {"uv": [7.04, 3.04, 4.96, 0.96], "texture": "#gold"},
				"up": {"uv": [4.96, 0.96, 7.04, 3.04], "rotation": 180, "texture": "#gold"},
				"down": {"uv": [4.96, 0.96, 7.04, 3.04], "rotation": 180, "texture": "#gold"}
			}
		},
		{
			"name": "Voxels-FFFF55",
			"from": [10, -0.25, 2.125],
			"to": [10.125, 0.625, 2.375],
			"faces": {
				"east": {"uv": [4.96, 0.96, 7.04, 3.04], "rotation": 180, "texture": "#gold"},
				"south": {"uv": [7.04, 3.04, 4.96, 0.96], "texture": "#gold"},
				"up": {"uv": [4.96, 0.96, 7.04, 3.04], "rotation": 180, "texture": "#gold"},
				"down": {"uv": [4.96, 0.96, 7.04, 3.04], "rotation": 180, "texture": "#gold"}
			}
		},
		{
			"name": "Voxels-FFFF55",
			"from": [10, -0.25, 2.375],
			"to": [10.125, 0.5, 2.5],
			"faces": {
				"east": {"uv": [4.96, 0.96, 7.04, 3.04], "rotation": 180, "texture": "#gold"},
				"south": {"uv": [7.04, 3.04, 4.96, 0.96], "texture": "#gold"},
				"up": {"uv": [4.96, 0.96, 7.04, 3.04], "rotation": 180, "texture": "#gold"},
				"down": {"uv": [4.96, 0.96, 7.04, 3.04], "rotation": 180, "texture": "#gold"}
			}
		},
		{
			"name": "Voxels-FFFF55",
			"from": [10, -0.25, 2.5],
			"to": [10.125, 0.375, 2.625],
			"faces": {
				"east": {"uv": [4.96, 0.96, 7.04, 3.04], "rotation": 180, "texture": "#gold"},
				"south": {"uv": [7.04, 3.04, 4.96, 0.96], "texture": "#gold"},
				"up": {"uv": [4.96, 0.96, 7.04, 3.04], "rotation": 180, "texture": "#gold"},
				"down": {"uv": [4.96, 0.96, 7.04, 3.04], "rotation": 180, "texture": "#gold"}
			}
		},
		{
			"name": "Voxels-FFFF55",
			"from": [10, -0.25, 2.625],
			"to": [10.125, 0.125, 2.75],
			"faces": {
				"east": {"uv": [4.96, 0.96, 7.04, 3.04], "rotation": 180, "texture": "#gold"},
				"south": {"uv": [7.04, 3.04, 4.96, 0.96], "texture": "#gold"},
				"up": {"uv": [4.96, 0.96, 7.04, 3.04], "rotation": 180, "texture": "#gold"},
				"down": {"uv": [4.96, 0.96, 7.04, 3.04], "rotation": 180, "texture": "#gold"}
			}
		},
		{
			"name": "Voxels-FFFF55",
			"from": [9.125, -0.25, 1.875],
			"to": [10, -0.125, 2.125],
			"faces": {
				"south": {"uv": [7.04, 3.04, 4.96, 0.96], "texture": "#gold"},
				"west": {"uv": [4.96, 0.96, 7.04, 3.04], "rotation": 180, "texture": "#gold"},
				"down": {"uv": [4.96, 0.96, 7.04, 3.04], "rotation": 180, "texture": "#gold"}
			}
		},
		{
			"name": "Voxels-FFFF55",
			"from": [9.25, -0.25, 2.125],
			"to": [10, -0.125, 2.375],
			"faces": {
				"south": {"uv": [7.04, 3.04, 4.96, 0.96], "texture": "#gold"},
				"west": {"uv": [4.96, 0.96, 7.04, 3.04], "rotation": 180, "texture": "#gold"},
				"down": {"uv": [4.96, 0.96, 7.04, 3.04], "rotation": 180, "texture": "#gold"}
			}
		},
		{
			"name": "Voxels-FFFF55",
			"from": [9.375, -0.25, 2.375],
			"to": [10, -0.125, 2.5],
			"faces": {
				"south": {"uv": [7.04, 3.04, 4.96, 0.96], "texture": "#gold"},
				"west": {"uv": [4.96, 0.96, 7.04, 3.04], "rotation": 180, "texture": "#gold"},
				"down": {"uv": [4.96, 0.96, 7.04, 3.04], "rotation": 180, "texture": "#gold"}
			}
		},
		{
			"name": "Voxels-FFFF55",
			"from": [9.5, -0.25, 2.5],
			"to": [10, -0.125, 2.625],
			"faces": {
				"south": {"uv": [7.04, 3.04, 4.96, 0.96], "texture": "#gold"},
				"west": {"uv": [4.96, 0.96, 7.04, 3.04], "rotation": 180, "texture": "#gold"},
				"down": {"uv": [4.96, 0.96, 7.04, 3.04], "rotation": 180, "texture": "#gold"}
			}
		},
		{
			"name": "Voxels-FFFF55",
			"from": [9.75, -0.25, 2.625],
			"to": [10, -0.125, 2.75],
			"faces": {
				"south": {"uv": [7.04, 3.04, 4.96, 0.96], "texture": "#gold"},
				"west": {"uv": [4.96, 0.96, 7.04, 3.04], "rotation": 180, "texture": "#gold"},
				"down": {"uv": [4.96, 0.96, 7.04, 3.04], "rotation": 180, "texture": "#gold"}
			}
		},
		{
			"name": "Voxels-FFFF55",
			"from": [9.5, -0.25, 1.75],
			"to": [9.75, 0.625, 1.875],
			"faces": {
				"north": {"uv": [7.04, 3.04, 4.96, 0.96], "texture": "#gold"},
				"west": {"uv": [4.96, 0.96, 7.04, 3.04], "rotation": 180, "texture": "#gold"},
				"up": {"uv": [4.96, 0.96, 7.04, 3.04], "rotation": 180, "texture": "#gold"},
				"down": {"uv": [4.96, 0.96, 7.04, 3.04], "rotation": 180, "texture": "#gold"}
			}
		},
		{
			"name": "Voxels-FFFF55",
			"from": [9.375, -0.25, 1.75],
			"to": [9.5, 0.5, 1.875],
			"faces": {
				"north": {"uv": [7.04, 3.04, 4.96, 0.96], "texture": "#gold"},
				"west": {"uv": [4.96, 0.96, 7.04, 3.04], "rotation": 180, "texture": "#gold"},
				"up": {"uv": [4.96, 0.96, 7.04, 3.04], "rotation": 180, "texture": "#gold"},
				"down": {"uv": [4.96, 0.96, 7.04, 3.04], "rotation": 180, "texture": "#gold"}
			}
		},
		{
			"name": "Voxels-FFFF55",
			"from": [9.25, -0.25, 1.75],
			"to": [9.375, 0.375, 1.875],
			"faces": {
				"north": {"uv": [7.04, 3.04, 4.96, 0.96], "texture": "#gold"},
				"west": {"uv": [4.96, 0.96, 7.04, 3.04], "rotation": 180, "texture": "#gold"},
				"up": {"uv": [4.96, 0.96, 7.04, 3.04], "rotation": 180, "texture": "#gold"},
				"down": {"uv": [4.96, 0.96, 7.04, 3.04], "rotation": 180, "texture": "#gold"}
			}
		},
		{
			"name": "Voxels-FFFF55",
			"from": [9.125, -0.25, 1.75],
			"to": [9.25, 0.125, 1.875],
			"faces": {
				"north": {"uv": [7.04, 3.04, 4.96, 0.96], "texture": "#gold"},
				"west": {"uv": [4.96, 0.96, 7.04, 3.04], "rotation": 180, "texture": "#gold"},
				"up": {"uv": [4.96, 0.96, 7.04, 3.04], "rotation": 180, "texture": "#gold"},
				"down": {"uv": [4.96, 0.96, 7.04, 3.04], "rotation": 180, "texture": "#gold"}
			}
		},
		{
			"name": "Cube123",
			"from": [6.75, 11.75, 7.625],
			"to": [7.375, 12.125, 10.875],
			"faces": {
				"north": {"uv": [8.625, 3.875, 9.25, 4.25], "texture": "#3"},
				"east": {"uv": [5.125, 3.875, 8.375, 4.25], "texture": "#3"},
				"south": {"uv": [6.75, 3.875, 7.375, 4.25], "texture": "#3"},
				"west": {"uv": [7.625, 3.875, 10.875, 4.25], "texture": "#3"},
				"up": {"uv": [6.75, 7.625, 7.375, 10.875], "texture": "#3"},
				"down": {"uv": [6.75, 5.125, 7.375, 8.375], "texture": "#3"}
			}
		},
		{
			"name": "Cube123",
			"from": [6.75, 11.125, 7.125],
			"to": [7.375, 11.375, 8.125],
			"rotation": {"angle": -45, "axis": "x", "origin": [6.75, 11.125, 7.125]},
			"faces": {
				"north": {"uv": [8.625, 4.25, 9.25, 4.625], "texture": "#3"},
				"east": {"uv": [5.125, 4.25, 8.375, 4.625], "texture": "#3"},
				"west": {"uv": [7.625, 4.25, 10.875, 4.625], "texture": "#3"},
				"up": {"uv": [6.75, 7.625, 7.375, 10.875], "texture": "#3"},
				"down": {"uv": [6.75, 5.125, 7.375, 8.375], "texture": "#3"}
			}
		},
		{
			"name": "Cube123",
			"from": [6.75, 11.125, 10.625],
			"to": [7.375, 11.375, 11.5],
			"rotation": {"angle": 45, "axis": "x", "origin": [6.75, 11.375, 11.5]},
			"faces": {
				"north": {"uv": [7.375, 4.625, 6.75, 4.25], "texture": "#3"},
				"east": {"uv": [5.125, 4.25, 8.375, 4.625], "rotation": 180, "texture": "#3"},
				"south": {"uv": [9.25, 4.625, 8.625, 4.25], "texture": "#3"},
				"west": {"uv": [7.625, 4.25, 10.875, 4.625], "rotation": 180, "texture": "#3"},
				"up": {"uv": [6.75, 5.125, 7.375, 8.375], "texture": "#3"},
				"down": {"uv": [6.75, 7.625, 7.375, 10.875], "texture": "#3"}
			}
		},
		{
			"name": "Cube126",
			"from": [7.375, 10.75, 6.75],
			"to": [7.5, 11.375, 6.875],
			"rotation": {"angle": 22.5, "axis": "x", "origin": [7.375, 10.75, 6.75]},
			"faces": {
				"north": {"uv": [8.625, 2.875, 8.75, 3.5], "texture": "#gold"},
				"east": {"uv": [10.375, 2.875, 10.5, 3.5], "texture": "#gold"},
				"south": {"uv": [7.25, 2.875, 7.375, 3.5], "texture": "#gold"},
				"west": {"uv": [5.5, 2.875, 5.625, 3.5], "texture": "#gold"},
				"up": {"uv": [7.25, 5.5, 7.375, 5.625], "texture": "#gold"}
			}
		},
		{
			"name": "Cube126",
			"from": [6.625, 10.75, 6.75],
			"to": [6.75, 11.375, 6.875],
			"rotation": {"angle": 22.5, "axis": "x", "origin": [6.625, 10.75, 6.75]},
			"faces": {
				"north": {"uv": [8.625, 2.875, 8.75, 3.5], "texture": "#gold"},
				"east": {"uv": [10.375, 2.875, 10.5, 3.5], "texture": "#gold"},
				"south": {"uv": [7.25, 2.875, 7.375, 3.5], "texture": "#gold"},
				"west": {"uv": [5.5, 2.875, 5.625, 3.5], "texture": "#gold"},
				"up": {"uv": [7.25, 5.5, 7.375, 5.625], "texture": "#gold"}
			}
		},
		{
			"name": "Cube128",
			"from": [6.75, 10.75, 6.375],
			"to": [7.375, 10.875, 7.5],
			"faces": {
				"north": {"uv": [8.625, 5.125, 9.25, 5.25], "texture": "#gold"},
				"east": {"uv": [8.5, 5.125, 9.625, 5.25], "texture": "#gold"},
				"south": {"uv": [6.75, 5.125, 7.375, 5.25], "texture": "#gold"},
				"west": {"uv": [6.375, 5.125, 7.5, 5.25], "texture": "#gold"},
				"up": {"uv": [6.75, 6.375, 7.375, 7.5], "texture": "#gold"}
			}
		},
		{
			"name": "Cube126",
			"from": [7.375, 10.75, 11.5],
			"to": [7.5, 11.375, 11.625],
			"rotation": {"angle": -22.5, "axis": "x", "origin": [7.375, 10.75, 11.5]},
			"faces": {
				"north": {"uv": [8.625, 2.875, 8.75, 3.5], "texture": "#gold"},
				"east": {"uv": [10.375, 2.875, 10.5, 3.5], "texture": "#gold"},
				"south": {"uv": [7.25, 2.875, 7.375, 3.5], "texture": "#gold"},
				"west": {"uv": [5.5, 2.875, 5.625, 3.5], "texture": "#gold"},
				"up": {"uv": [7.25, 5.5, 7.375, 5.625], "texture": "#gold"},
				"down": {"uv": [7.25, 10.375, 7.375, 10.5], "texture": "#gold"}
			}
		},
		{
			"name": "Cube126",
			"from": [6.625, 10.75, 11.5],
			"to": [6.75, 11.375, 11.625],
			"rotation": {"angle": -22.5, "axis": "x", "origin": [6.625, 10.75, 11.5]},
			"faces": {
				"north": {"uv": [8.625, 2.875, 8.75, 3.5], "texture": "#gold"},
				"east": {"uv": [10.375, 2.875, 10.5, 3.5], "texture": "#gold"},
				"south": {"uv": [7.25, 2.875, 7.375, 3.5], "texture": "#gold"},
				"west": {"uv": [5.5, 2.875, 5.625, 3.5], "texture": "#gold"},
				"up": {"uv": [7.25, 5.5, 7.375, 5.625], "texture": "#gold"},
				"down": {"uv": [7.25, 10.375, 7.375, 10.5], "texture": "#gold"}
			}
		},
		{
			"name": "Cube128",
			"from": [6.75, 10.75, 11],
			"to": [7.375, 10.875, 12.125],
			"faces": {
				"north": {"uv": [8.625, 5.125, 9.25, 5.25], "texture": "#gold"},
				"east": {"uv": [8.5, 5.125, 9.625, 5.25], "texture": "#gold"},
				"south": {"uv": [6.75, 5.125, 7.375, 5.25], "texture": "#gold"},
				"west": {"uv": [6.375, 5.125, 7.5, 5.25], "texture": "#gold"},
				"up": {"uv": [6.75, 6.375, 7.375, 7.5], "texture": "#gold"}
			}
		},
		{
			"name": "Voxels-FFFF55",
			"from": [7.625, 10.75, 3],
			"to": [8.375, 10.875, 4.875],
			"faces": {
				"north": {"uv": [4.96, 0.96, 7.04, 3.04], "texture": "#gold"},
				"east": {"uv": [4.96, 0.96, 7.04, 3.04], "texture": "#gold"},
				"south": {"uv": [4.96, 0.96, 7.04, 3.04], "texture": "#gold"},
				"west": {"uv": [4.96, 0.96, 7.04, 3.04], "texture": "#gold"},
				"up": {"uv": [4.96, 0.96, 7.04, 3.04], "texture": "#gold"}
			}
		},
		{
			"name": "Voxels-FFFF55",
			"from": [7.625, 10.75, 13.5],
			"to": [8.375, 10.875, 15.25],
			"faces": {
				"north": {"uv": [4.96, 0.96, 7.04, 3.04], "texture": "#gold"},
				"east": {"uv": [4.96, 0.96, 7.04, 3.04], "texture": "#gold"},
				"south": {"uv": [4.96, 0.96, 7.04, 3.04], "texture": "#gold"},
				"west": {"uv": [4.96, 0.96, 7.04, 3.04], "texture": "#gold"},
				"up": {"uv": [4.96, 0.96, 7.04, 3.04], "texture": "#gold"}
			}
		},
		{
			"name": "Voxels-FFFF55",
			"from": [7.75, 10.875, 3.125],
			"to": [7.875, 11, 3.25],
			"faces": {
				"north": {"uv": [4.96, 0.96, 7.04, 3.04], "texture": "#gold"},
				"east": {"uv": [4.96, 0.96, 7.04, 3.04], "texture": "#gold"},
				"south": {"uv": [4.96, 0.96, 7.04, 3.04], "texture": "#gold"},
				"west": {"uv": [4.96, 0.96, 7.04, 3.04], "texture": "#gold"},
				"up": {"uv": [4.96, 0.96, 7.04, 3.04], "texture": "#gold"}
			}
		},
		{
			"name": "Voxels-FFFF55",
			"from": [7.75, 10.875, 4.625],
			"to": [7.875, 11, 4.75],
			"faces": {
				"north": {"uv": [4.96, 0.96, 7.04, 3.04], "texture": "#gold"},
				"east": {"uv": [4.96, 0.96, 7.04, 3.04], "texture": "#gold"},
				"south": {"uv": [4.96, 0.96, 7.04, 3.04], "texture": "#gold"},
				"west": {"uv": [4.96, 0.96, 7.04, 3.04], "texture": "#gold"},
				"up": {"uv": [4.96, 0.96, 7.04, 3.04], "texture": "#gold"}
			}
		},
		{
			"name": "Voxels-FFFF55",
			"from": [7.75, 10.875, 13.625],
			"to": [7.875, 11, 13.75],
			"faces": {
				"north": {"uv": [4.96, 0.96, 7.04, 3.04], "texture": "#gold"},
				"east": {"uv": [4.96, 0.96, 7.04, 3.04], "texture": "#gold"},
				"south": {"uv": [4.96, 0.96, 7.04, 3.04], "texture": "#gold"},
				"west": {"uv": [4.96, 0.96, 7.04, 3.04], "texture": "#gold"},
				"up": {"uv": [4.96, 0.96, 7.04, 3.04], "texture": "#gold"}
			}
		},
		{
			"name": "Voxels-FFFF55",
			"from": [7.75, 10.875, 15],
			"to": [7.875, 11, 15.125],
			"faces": {
				"north": {"uv": [4.96, 0.96, 7.04, 3.04], "texture": "#gold"},
				"east": {"uv": [4.96, 0.96, 7.04, 3.04], "texture": "#gold"},
				"south": {"uv": [4.96, 0.96, 7.04, 3.04], "texture": "#gold"},
				"west": {"uv": [4.96, 0.96, 7.04, 3.04], "texture": "#gold"},
				"up": {"uv": [4.96, 0.96, 7.04, 3.04], "texture": "#gold"}
			}
		},
		{
			"name": "Voxels-FFFF55",
			"from": [7.875, 10.875, 3.375],
			"to": [8.125, 11, 3.75],
			"faces": {
				"north": {"uv": [4.96, 0.96, 7.04, 3.04], "texture": "#gold"},
				"east": {"uv": [4.96, 0.96, 7.04, 3.04], "texture": "#gold"},
				"south": {"uv": [4.96, 0.96, 7.04, 3.04], "texture": "#gold"},
				"west": {"uv": [4.96, 0.96, 7.04, 3.04], "texture": "#gold"},
				"up": {"uv": [4.96, 0.96, 7.04, 3.04], "texture": "#gold"}
			}
		},
		{
			"name": "Voxels-FFFF55",
			"from": [7.875, 10.875, 14.375],
			"to": [8.125, 11, 14.875],
			"faces": {
				"north": {"uv": [4.96, 0.96, 7.04, 3.04], "texture": "#gold"},
				"east": {"uv": [4.96, 0.96, 7.04, 3.04], "texture": "#gold"},
				"south": {"uv": [4.96, 0.96, 7.04, 3.04], "texture": "#gold"},
				"west": {"uv": [4.96, 0.96, 7.04, 3.04], "texture": "#gold"},
				"up": {"uv": [4.96, 0.96, 7.04, 3.04], "texture": "#gold"}
			}
		},
		{
			"name": "Voxels-FFFF55",
			"from": [8.125, 10.875, 3.125],
			"to": [8.25, 11, 3.25],
			"faces": {
				"north": {"uv": [4.96, 0.96, 7.04, 3.04], "texture": "#gold"},
				"east": {"uv": [4.96, 0.96, 7.04, 3.04], "texture": "#gold"},
				"south": {"uv": [4.96, 0.96, 7.04, 3.04], "texture": "#gold"},
				"west": {"uv": [4.96, 0.96, 7.04, 3.04], "texture": "#gold"},
				"up": {"uv": [4.96, 0.96, 7.04, 3.04], "texture": "#gold"}
			}
		},
		{
			"name": "Voxels-FFFF55",
			"from": [8.125, 10.875, 4.625],
			"to": [8.25, 11, 4.75],
			"faces": {
				"north": {"uv": [4.96, 0.96, 7.04, 3.04], "texture": "#gold"},
				"east": {"uv": [4.96, 0.96, 7.04, 3.04], "texture": "#gold"},
				"south": {"uv": [4.96, 0.96, 7.04, 3.04], "texture": "#gold"},
				"west": {"uv": [4.96, 0.96, 7.04, 3.04], "texture": "#gold"},
				"up": {"uv": [4.96, 0.96, 7.04, 3.04], "texture": "#gold"}
			}
		},
		{
			"name": "Voxels-FFFF55",
			"from": [8.125, 10.875, 13.625],
			"to": [8.25, 11, 13.75],
			"faces": {
				"north": {"uv": [4.96, 0.96, 7.04, 3.04], "texture": "#gold"},
				"east": {"uv": [4.96, 0.96, 7.04, 3.04], "texture": "#gold"},
				"south": {"uv": [4.96, 0.96, 7.04, 3.04], "texture": "#gold"},
				"west": {"uv": [4.96, 0.96, 7.04, 3.04], "texture": "#gold"},
				"up": {"uv": [4.96, 0.96, 7.04, 3.04], "texture": "#gold"}
			}
		},
		{
			"name": "Voxels-FFFF55",
			"from": [8.125, 10.875, 15],
			"to": [8.25, 11, 15.125],
			"faces": {
				"north": {"uv": [4.96, 0.96, 7.04, 3.04], "texture": "#gold"},
				"east": {"uv": [4.96, 0.96, 7.04, 3.04], "texture": "#gold"},
				"south": {"uv": [4.96, 0.96, 7.04, 3.04], "texture": "#gold"},
				"west": {"uv": [4.96, 0.96, 7.04, 3.04], "texture": "#gold"},
				"up": {"uv": [4.96, 0.96, 7.04, 3.04], "texture": "#gold"}
			}
		},
		{
			"name": "Voxels-FFFF55",
			"from": [8.25, 10.875, 4.125],
			"to": [8.75, 11, 4.375],
			"faces": {
				"north": {"uv": [4.96, 0.96, 7.04, 3.04], "texture": "#gold"},
				"east": {"uv": [4.96, 0.96, 7.04, 3.04], "texture": "#gold"},
				"south": {"uv": [4.96, 0.96, 7.04, 3.04], "texture": "#gold"},
				"west": {"uv": [4.96, 0.96, 7.04, 3.04], "texture": "#gold"},
				"up": {"uv": [4.96, 0.96, 7.04, 3.04], "texture": "#gold"},
				"down": {"uv": [4.96, 0.96, 7.04, 3.04], "texture": "#gold"}
			}
		},
		{
			"name": "Voxels-FFFF55",
			"from": [8.25, 10.875, 14],
			"to": [8.75, 11, 14.25],
			"faces": {
				"north": {"uv": [4.96, 0.96, 7.04, 3.04], "texture": "#gold"},
				"east": {"uv": [4.96, 0.96, 7.04, 3.04], "texture": "#gold"},
				"south": {"uv": [4.96, 0.96, 7.04, 3.04], "texture": "#gold"},
				"west": {"uv": [4.96, 0.96, 7.04, 3.04], "texture": "#gold"},
				"up": {"uv": [4.96, 0.96, 7.04, 3.04], "texture": "#gold"},
				"down": {"uv": [4.96, 0.96, 7.04, 3.04], "texture": "#gold"}
			}
		},
		{
			"name": "Voxels-FFFF55",
			"from": [8.375, 10.875, 4],
			"to": [8.75, 11, 4.125],
			"faces": {
				"north": {"uv": [4.96, 0.96, 7.04, 3.04], "texture": "#gold"},
				"east": {"uv": [4.96, 0.96, 7.04, 3.04], "texture": "#gold"},
				"west": {"uv": [4.96, 0.96, 7.04, 3.04], "texture": "#gold"},
				"up": {"uv": [4.96, 0.96, 7.04, 3.04], "texture": "#gold"},
				"down": {"uv": [4.96, 0.96, 7.04, 3.04], "texture": "#gold"}
			}
		},
		{
			"name": "Voxels-FFFF55",
			"from": [8.375, 10.875, 4.375],
			"to": [8.75, 11, 4.5],
			"faces": {
				"east": {"uv": [4.96, 0.96, 7.04, 3.04], "texture": "#gold"},
				"south": {"uv": [4.96, 0.96, 7.04, 3.04], "texture": "#gold"},
				"west": {"uv": [4.96, 0.96, 7.04, 3.04], "texture": "#gold"},
				"up": {"uv": [4.96, 0.96, 7.04, 3.04], "texture": "#gold"},
				"down": {"uv": [4.96, 0.96, 7.04, 3.04], "texture": "#gold"}
			}
		},
		{
			"name": "Voxels-FFFF55",
			"from": [8.375, 10.875, 13.875],
			"to": [8.75, 11, 14],
			"faces": {
				"north": {"uv": [4.96, 0.96, 7.04, 3.04], "texture": "#gold"},
				"east": {"uv": [4.96, 0.96, 7.04, 3.04], "texture": "#gold"},
				"west": {"uv": [4.96, 0.96, 7.04, 3.04], "texture": "#gold"},
				"up": {"uv": [4.96, 0.96, 7.04, 3.04], "texture": "#gold"},
				"down": {"uv": [4.96, 0.96, 7.04, 3.04], "texture": "#gold"}
			}
		},
		{
			"name": "Voxels-FFFF55",
			"from": [8.375, 10.875, 14.25],
			"to": [8.75, 11, 14.375],
			"faces": {
				"east": {"uv": [4.96, 0.96, 7.04, 3.04], "texture": "#gold"},
				"south": {"uv": [4.96, 0.96, 7.04, 3.04], "texture": "#gold"},
				"west": {"uv": [4.96, 0.96, 7.04, 3.04], "texture": "#gold"},
				"up": {"uv": [4.96, 0.96, 7.04, 3.04], "texture": "#gold"},
				"down": {"uv": [4.96, 0.96, 7.04, 3.04], "texture": "#gold"}
			}
		},
		{
			"name": "Voxels-FFFF55",
			"from": [8.625, 11, 4],
			"to": [9, 11.125, 4.5],
			"faces": {
				"north": {"uv": [4.96, 0.96, 7.04, 3.04], "texture": "#gold"},
				"east": {"uv": [4.96, 0.96, 7.04, 3.04], "texture": "#gold"},
				"south": {"uv": [4.96, 0.96, 7.04, 3.04], "texture": "#gold"},
				"west": {"uv": [4.96, 0.96, 7.04, 3.04], "texture": "#gold"},
				"up": {"uv": [4.96, 0.96, 7.04, 3.04], "texture": "#gold"},
				"down": {"uv": [4.96, 0.96, 7.04, 3.04], "texture": "#gold"}
			}
		},
		{
			"name": "Voxels-FFFF55",
			"from": [8.625, 11, 13.875],
			"to": [9, 11.125, 14.375],
			"faces": {
				"north": {"uv": [4.96, 0.96, 7.04, 3.04], "texture": "#gold"},
				"east": {"uv": [4.96, 0.96, 7.04, 3.04], "texture": "#gold"},
				"south": {"uv": [4.96, 0.96, 7.04, 3.04], "texture": "#gold"},
				"west": {"uv": [4.96, 0.96, 7.04, 3.04], "texture": "#gold"},
				"up": {"uv": [4.96, 0.96, 7.04, 3.04], "texture": "#gold"},
				"down": {"uv": [4.96, 0.96, 7.04, 3.04], "texture": "#gold"}
			}
		},
		{
			"name": "Voxels-FFFF55",
			"from": [8.875, 10.875, 3.875],
			"to": [9.125, 11, 4.625],
			"faces": {
				"north": {"uv": [4.96, 0.96, 7.04, 3.04], "texture": "#gold"},
				"east": {"uv": [4.96, 0.96, 7.04, 3.04], "texture": "#gold"},
				"south": {"uv": [4.96, 0.96, 7.04, 3.04], "texture": "#gold"},
				"west": {"uv": [4.96, 0.96, 7.04, 3.04], "texture": "#gold"},
				"up": {"uv": [4.96, 0.96, 7.04, 3.04], "texture": "#gold"},
				"down": {"uv": [4.96, 0.96, 7.04, 3.04], "texture": "#gold"}
			}
		},
		{
			"name": "Voxels-FFFF55",
			"from": [8.875, 10.875, 13.75],
			"to": [9.125, 11, 14.5],
			"faces": {
				"north": {"uv": [4.96, 0.96, 7.04, 3.04], "texture": "#gold"},
				"east": {"uv": [4.96, 0.96, 7.04, 3.04], "texture": "#gold"},
				"south": {"uv": [4.96, 0.96, 7.04, 3.04], "texture": "#gold"},
				"west": {"uv": [4.96, 0.96, 7.04, 3.04], "texture": "#gold"},
				"up": {"uv": [4.96, 0.96, 7.04, 3.04], "texture": "#gold"},
				"down": {"uv": [4.96, 0.96, 7.04, 3.04], "texture": "#gold"}
			}
		},
		{
			"name": "Voxels-FFFF55",
			"from": [9.125, 10.875, 4],
			"to": [9.25, 11, 4.5],
			"faces": {
				"north": {"uv": [4.96, 0.96, 7.04, 3.04], "texture": "#gold"},
				"east": {"uv": [4.96, 0.96, 7.04, 3.04], "texture": "#gold"},
				"south": {"uv": [4.96, 0.96, 7.04, 3.04], "texture": "#gold"},
				"up": {"uv": [4.96, 0.96, 7.04, 3.04], "texture": "#gold"}
			}
		},
		{
			"name": "Voxels-FFFF55",
			"from": [9.125, 10.875, 13.875],
			"to": [9.25, 11, 14.375],
			"faces": {
				"north": {"uv": [4.96, 0.96, 7.04, 3.04], "texture": "#gold"},
				"east": {"uv": [4.96, 0.96, 7.04, 3.04], "texture": "#gold"},
				"south": {"uv": [4.96, 0.96, 7.04, 3.04], "texture": "#gold"},
				"up": {"uv": [4.96, 0.96, 7.04, 3.04], "texture": "#gold"}
			}
		}
	],
	"display": {
		"thirdperson_righthand": {
			"rotation": [65, 0, 0],
			"translation": [0.6, -2.78, -2.086],
			"scale": [0.6, 0.6, 0.6]
		},
		"thirdperson_lefthand": {
			"rotation": [65, 180, 0],
			"translation": [0.6, -3.9, -1.7],
			"scale": [0.6, 0.6, 0.6]
		},
		"firstperson_righthand": {
			"translation": [2.0869, 0, 2.7826]
		},
		"firstperson_lefthand": {
			"rotation": [0, 163, 0],
			"translation": [2.0869, 0, 4.1739]
		},
		"ground": {
			"rotation": [0, -2, 0],
			"translation": [0, 6.2608, 0],
			"scale": [0.6, 0.6, 0.6]
		},
		"gui": {
			"rotation": [21, -35, 0],
			"translation": [0.6956, 2.0869, 0],
			"scale": [0.9, 0.9, 0.9]
		},
		"head": {
			"rotation": [0, -90, 0],
			"translation": [1, -11.82, 6.9565]
		},
		"fixed": {
			"rotation": [0, 90, 0],
			"translation": [-0.695, 2.0869, 0]
		}
	}
}