{
	"credit": "Made with Blockbench",
	"textures": {
		"texture": "blocks/diamond_block",
		"voxels_palette": "blocks/gold_block"
	},
	"elements": [
		{
			"name": "Voxels-FFFFFF",
			"from": [4.625, 6.75, 7.125],
			"to": [4.875, 6.875, 7.625],
			"faces": {
				"north": {"uv": [8.96, 0.96, 11.04, 3.04], "texture": "#texture"},
				"east": {"uv": [8.96, 0.96, 11.04, 3.04], "texture": "#texture"},
				"south": {"uv": [8.96, 0.96, 11.04, 3.04], "texture": "#texture"},
				"west": {"uv": [8.96, 0.96, 11.04, 3.04], "texture": "#texture"},
				"up": {"uv": [8.96, 0.96, 11.04, 3.04], "texture": "#texture"},
				"down": {"uv": [8.96, 0.96, 11.04, 3.04], "texture": "#texture"}
			}
		},
		{
			"name": "Voxels-FFFFFF",
			"from": [4.625, 6.875, 7.25],
			"to": [5, 7, 7.375],
			"faces": {
				"north": {"uv": [8.96, 0.96, 11.04, 3.04], "texture": "#texture"},
				"east": {"uv": [8.96, 0.96, 11.04, 3.04], "texture": "#texture"},
				"south": {"uv": [8.96, 0.96, 11.04, 3.04], "texture": "#texture"},
				"west": {"uv": [8.96, 0.96, 11.04, 3.04], "texture": "#texture"},
				"up": {"uv": [8.96, 0.96, 11.04, 3.04], "texture": "#texture"},
				"down": {"uv": [8.96, 0.96, 11.04, 3.04], "texture": "#texture"}
			}
		},
		{
			"name": "Voxels-FFFFFF",
			"from": [4.625, 6.875, 7.375],
			"to": [4.875, 7, 7.625],
			"faces": {
				"east": {"uv": [8.96, 0.96, 11.04, 3.04], "texture": "#texture"},
				"south": {"uv": [8.96, 0.96, 11.04, 3.04], "texture": "#texture"},
				"west": {"uv": [8.96, 0.96, 11.04, 3.04], "texture": "#texture"},
				"up": {"uv": [8.96, 0.96, 11.04, 3.04], "texture": "#texture"}
			}
		},
		{
			"name": "Voxels-808080",
			"from": [4.75, 6.5, 7.125],
			"to": [5, 6.625, 7.625],
			"faces": {
				"north": {"uv": [4.96, 0.96, 7.04, 3.04], "texture": "#voxels_palette"},
				"south": {"uv": [4.96, 0.96, 7.04, 3.04], "texture": "#voxels_palette"},
				"west": {"uv": [4.96, 0.96, 7.04, 3.04], "texture": "#voxels_palette"},
				"down": {"uv": [4.96, 0.96, 7.04, 3.04], "texture": "#voxels_palette"}
			}
		},
		{
			"name": "Voxels-FFFFFF",
			"from": [4.75, 6.625, 7.125],
			"to": [5, 6.75, 7.75],
			"faces": {
				"north": {"uv": [8.96, 0.96, 11.04, 3.04], "texture": "#texture"},
				"east": {"uv": [8.96, 0.96, 11.04, 3.04], "texture": "#texture"},
				"south": {"uv": [8.96, 0.96, 11.04, 3.04], "texture": "#texture"},
				"west": {"uv": [8.96, 0.96, 11.04, 3.04], "texture": "#texture"},
				"up": {"uv": [8.96, 0.96, 11.04, 3.04], "texture": "#texture"},
				"down": {"uv": [8.96, 0.96, 11.04, 3.04], "texture": "#texture"}
			}
		},
		{
			"name": "Voxels-FFFFFF",
			"from": [4.75, 6.75, 6.75],
			"to": [5.125, 6.875, 6.875],
			"faces": {
				"north": {"uv": [8.96, 0.96, 11.04, 3.04], "texture": "#texture"},
				"east": {"uv": [8.96, 0.96, 11.04, 3.04], "texture": "#texture"},
				"south": {"uv": [8.96, 0.96, 11.04, 3.04], "texture": "#texture"},
				"west": {"uv": [8.96, 0.96, 11.04, 3.04], "texture": "#texture"},
				"up": {"uv": [8.96, 0.96, 11.04, 3.04], "texture": "#texture"},
				"down": {"uv": [8.96, 0.96, 11.04, 3.04], "texture": "#texture"}
			}
		},
		{
			"name": "Voxels-FFFFFF",
			"from": [4.75, 6.75, 6.875],
			"to": [5, 7, 7.125],
			"faces": {
				"north": {"uv": [8.96, 0.96, 11.04, 3.04], "texture": "#texture"},
				"east": {"uv": [8.96, 0.96, 11.04, 3.04], "texture": "#texture"},
				"south": {"uv": [8.96, 0.96, 11.04, 3.04], "texture": "#texture"},
				"west": {"uv": [8.96, 0.96, 11.04, 3.04], "texture": "#texture"},
				"up": {"uv": [8.96, 0.96, 11.04, 3.04], "texture": "#texture"},
				"down": {"uv": [8.96, 0.96, 11.04, 3.04], "texture": "#texture"}
			}
		},
		{
			"name": "Voxels-FFFFFF",
			"from": [4.75, 6.75, 7.625],
			"to": [5, 7, 7.875],
			"faces": {
				"north": {"uv": [8.96, 0.96, 11.04, 3.04], "texture": "#texture"},
				"east": {"uv": [8.96, 0.96, 11.04, 3.04], "texture": "#texture"},
				"south": {"uv": [8.96, 0.96, 11.04, 3.04], "texture": "#texture"},
				"west": {"uv": [8.96, 0.96, 11.04, 3.04], "texture": "#texture"},
				"up": {"uv": [8.96, 0.96, 11.04, 3.04], "texture": "#texture"},
				"down": {"uv": [8.96, 0.96, 11.04, 3.04], "texture": "#texture"}
			}
		},
		{
			"name": "Voxels-FFFFFF",
			"from": [4.75, 6.875, 7.125],
			"to": [5, 7, 7.25],
			"faces": {
				"east": {"uv": [8.96, 0.96, 11.04, 3.04], "texture": "#texture"},
				"west": {"uv": [8.96, 0.96, 11.04, 3.04], "texture": "#texture"},
				"up": {"uv": [8.96, 0.96, 11.04, 3.04], "texture": "#texture"},
				"down": {"uv": [8.96, 0.96, 11.04, 3.04], "texture": "#texture"}
			}
		},
		{
			"name": "Voxels-FFFFFF",
			"from": [4.75, 6.875, 7.875],
			"to": [5.125, 7, 8],
			"faces": {
				"north": {"uv": [8.96, 0.96, 11.04, 3.04], "texture": "#texture"},
				"east": {"uv": [8.96, 0.96, 11.04, 3.04], "texture": "#texture"},
				"south": {"uv": [8.96, 0.96, 11.04, 3.04], "texture": "#texture"},
				"west": {"uv": [8.96, 0.96, 11.04, 3.04], "texture": "#texture"},
				"up": {"uv": [8.96, 0.96, 11.04, 3.04], "texture": "#texture"},
				"down": {"uv": [8.96, 0.96, 11.04, 3.04], "texture": "#texture"}
			}
		},
		{
			"name": "Voxels-FFFFFF",
			"from": [4.75, 7, 7.25],
			"to": [6.625, 7.125, 7.625],
			"faces": {
				"north": {"uv": [8.96, 0.96, 11.04, 3.04], "texture": "#texture"},
				"east": {"uv": [8.96, 0.96, 11.04, 3.04], "texture": "#texture"},
				"south": {"uv": [8.96, 0.96, 11.04, 3.04], "texture": "#texture"},
				"west": {"uv": [8.96, 0.96, 11.04, 3.04], "texture": "#texture"},
				"up": {"uv": [8.96, 0.96, 11.04, 3.04], "texture": "#texture"},
				"down": {"uv": [8.96, 0.96, 11.04, 3.04], "texture": "#texture"}
			}
		},
		{
			"name": "Voxels-808080",
			"from": [4.875, 6.375, 7.125],
			"to": [5.25, 6.5, 7.25],
			"faces": {
				"north": {"uv": [4.96, 0.96, 7.04, 3.04], "texture": "#voxels_palette"},
				"west": {"uv": [4.96, 0.96, 7.04, 3.04], "texture": "#voxels_palette"},
				"down": {"uv": [4.96, 0.96, 7.04, 3.04], "texture": "#voxels_palette"}
			}
		},
		{
			"name": "Voxels-808080",
			"from": [4.875, 6.375, 7.25],
			"to": [5, 6.5, 7.625],
			"faces": {
				"south": {"uv": [4.96, 0.96, 7.04, 3.04], "texture": "#voxels_palette"},
				"west": {"uv": [4.96, 0.96, 7.04, 3.04], "texture": "#voxels_palette"},
				"down": {"uv": [4.96, 0.96, 7.04, 3.04], "texture": "#voxels_palette"}
			}
		},
		{
			"name": "Voxels-808080",
			"from": [4.875, 6.5, 6.875],
			"to": [5.25, 6.625, 7],
			"faces": {
				"north": {"uv": [4.96, 0.96, 7.04, 3.04], "texture": "#voxels_palette"},
				"west": {"uv": [4.96, 0.96, 7.04, 3.04], "texture": "#voxels_palette"},
				"down": {"uv": [4.96, 0.96, 7.04, 3.04], "texture": "#voxels_palette"}
			}
		},
		{
			"name": "Voxels-808080",
			"from": [4.875, 6.5, 7],
			"to": [5, 6.625, 7.125],
			"faces": {
				"west": {"uv": [4.96, 0.96, 7.04, 3.04], "texture": "#voxels_palette"},
				"up": {"uv": [4.96, 0.96, 7.04, 3.04], "texture": "#voxels_palette"},
				"down": {"uv": [4.96, 0.96, 7.04, 3.04], "texture": "#voxels_palette"}
			}
		},
		{
			"name": "Voxels-808080",
			"from": [4.875, 6.5, 7.625],
			"to": [5.125, 6.625, 7.75],
			"faces": {
				"west": {"uv": [4.96, 0.96, 7.04, 3.04], "texture": "#voxels_palette"},
				"down": {"uv": [4.96, 0.96, 7.04, 3.04], "texture": "#voxels_palette"}
			}
		},
		{
			"name": "Voxels-808080",
			"from": [4.875, 6.5, 7.75],
			"to": [5, 6.625, 7.875],
			"faces": {
				"south": {"uv": [4.96, 0.96, 7.04, 3.04], "texture": "#voxels_palette"},
				"west": {"uv": [4.96, 0.96, 7.04, 3.04], "texture": "#voxels_palette"},
				"down": {"uv": [4.96, 0.96, 7.04, 3.04], "texture": "#voxels_palette"}
			}
		},
		{
			"name": "Voxels-FFFFFF",
			"from": [5, 6.5, 7],
			"to": [5.5, 6.625, 7.125],
			"faces": {
				"east": {"uv": [8.96, 0.96, 11.04, 3.04], "texture": "#texture"},
				"south": {"uv": [8.96, 0.96, 11.04, 3.04], "texture": "#texture"},
				"up": {"uv": [8.96, 0.96, 11.04, 3.04], "texture": "#texture"}
			}
		},
		{
			"name": "Voxels-FFFFFF",
			"from": [4.875, 6.625, 6.875],
			"to": [5.25, 6.75, 7],
			"faces": {
				"north": {"uv": [8.96, 0.96, 11.04, 3.04], "texture": "#texture"},
				"east": {"uv": [8.96, 0.96, 11.04, 3.04], "texture": "#texture"},
				"south": {"uv": [8.96, 0.96, 11.04, 3.04], "texture": "#texture"},
				"west": {"uv": [8.96, 0.96, 11.04, 3.04], "texture": "#texture"},
				"up": {"uv": [8.96, 0.96, 11.04, 3.04], "texture": "#texture"}
			}
		},
		{
			"name": "Voxels-FFFFFF",
			"from": [4.875, 6.625, 7.75],
			"to": [5.25, 6.75, 7.875],
			"faces": {
				"north": {"uv": [8.96, 0.96, 11.04, 3.04], "texture": "#texture"},
				"east": {"uv": [8.96, 0.96, 11.04, 3.04], "texture": "#texture"},
				"south": {"uv": [8.96, 0.96, 11.04, 3.04], "texture": "#texture"},
				"west": {"uv": [8.96, 0.96, 11.04, 3.04], "texture": "#texture"},
				"up": {"uv": [8.96, 0.96, 11.04, 3.04], "texture": "#texture"}
			}
		},
		{
			"name": "Voxels-FFFFFF",
			"from": [4.875, 6.75, 6.625],
			"to": [5.25, 6.875, 6.75],
			"faces": {
				"north": {"uv": [8.96, 0.96, 11.04, 3.04], "texture": "#texture"},
				"east": {"uv": [8.96, 0.96, 11.04, 3.04], "texture": "#texture"},
				"south": {"uv": [8.96, 0.96, 11.04, 3.04], "texture": "#texture"},
				"west": {"uv": [8.96, 0.96, 11.04, 3.04], "texture": "#texture"},
				"up": {"uv": [8.96, 0.96, 11.04, 3.04], "texture": "#texture"},
				"down": {"uv": [8.96, 0.96, 11.04, 3.04], "texture": "#texture"}
			}
		},
		{
			"name": "Voxels-FFFFFF",
			"from": [4.875, 6.75, 7.875],
			"to": [5.125, 6.875, 8],
			"faces": {
				"north": {"uv": [8.96, 0.96, 11.04, 3.04], "texture": "#texture"},
				"east": {"uv": [8.96, 0.96, 11.04, 3.04], "texture": "#texture"},
				"south": {"uv": [8.96, 0.96, 11.04, 3.04], "texture": "#texture"},
				"west": {"uv": [8.96, 0.96, 11.04, 3.04], "texture": "#texture"},
				"down": {"uv": [8.96, 0.96, 11.04, 3.04], "texture": "#texture"}
			}
		},
		{
			"name": "Voxels-FFFFFF",
			"from": [4.875, 6.875, 6.75],
			"to": [5.375, 7, 6.875],
			"faces": {
				"north": {"uv": [8.96, 0.96, 11.04, 3.04], "texture": "#texture"},
				"east": {"uv": [8.96, 0.96, 11.04, 3.04], "texture": "#texture"},
				"south": {"uv": [8.96, 0.96, 11.04, 3.04], "texture": "#texture"},
				"west": {"uv": [8.96, 0.96, 11.04, 3.04], "texture": "#texture"},
				"up": {"uv": [8.96, 0.96, 11.04, 3.04], "texture": "#texture"},
				"down": {"uv": [8.96, 0.96, 11.04, 3.04], "texture": "#texture"}
			}
		},
		{
			"name": "Voxels-FFFFFF",
			"from": [4.875, 6.875, 7.5],
			"to": [5, 7, 7.625],
			"faces": {
				"north": {"uv": [8.96, 0.96, 11.04, 3.04], "texture": "#voxels_palette"},
				"east": {"uv": [8.96, 0.96, 11.04, 3.04], "texture": "#voxels_palette"},
				"down": {"uv": [8.96, 0.96, 11.04, 3.04], "texture": "#voxels_palette"}
			}
		},
		{
			"name": "Voxels-FFFFFF",
			"from": [4.875, 6.875, 8],
			"to": [5.25, 7, 8.125],
			"faces": {
				"north": {"uv": [8.96, 0.96, 11.04, 3.04], "texture": "#texture"},
				"east": {"uv": [8.96, 0.96, 11.04, 3.04], "texture": "#texture"},
				"south": {"uv": [8.96, 0.96, 11.04, 3.04], "texture": "#texture"},
				"west": {"uv": [8.96, 0.96, 11.04, 3.04], "texture": "#texture"},
				"up": {"uv": [8.96, 0.96, 11.04, 3.04], "texture": "#texture"},
				"down": {"uv": [8.96, 0.96, 11.04, 3.04], "texture": "#texture"}
			}
		},
		{
			"name": "Voxels-FFFFFF",
			"from": [4.875, 7, 6.875],
			"to": [6.375, 7.125, 7.25],
			"faces": {
				"north": {"uv": [8.96, 0.96, 11.04, 3.04], "texture": "#texture"},
				"east": {"uv": [8.96, 0.96, 11.04, 3.04], "texture": "#texture"},
				"west": {"uv": [8.96, 0.96, 11.04, 3.04], "texture": "#texture"},
				"up": {"uv": [8.96, 0.96, 11.04, 3.04], "texture": "#texture"},
				"down": {"uv": [8.96, 0.96, 11.04, 3.04], "texture": "#texture"}
			}
		},
		{
			"name": "Voxels-FFFFFF",
			"from": [4.875, 7, 7.625],
			"to": [6.5, 7.125, 8],
			"faces": {
				"east": {"uv": [8.96, 0.96, 11.04, 3.04], "texture": "#texture"},
				"south": {"uv": [8.96, 0.96, 11.04, 3.04], "texture": "#texture"},
				"west": {"uv": [8.96, 0.96, 11.04, 3.04], "texture": "#texture"},
				"up": {"uv": [8.96, 0.96, 11.04, 3.04], "texture": "#texture"},
				"down": {"uv": [8.96, 0.96, 11.04, 3.04], "texture": "#texture"}
			}
		},
		{
			"name": "Voxels-808080",
			"from": [5, 6.25, 7.125],
			"to": [5.375, 6.375, 7.625],
			"faces": {
				"north": {"uv": [4.96, 0.96, 7.04, 3.04], "texture": "#voxels_palette"},
				"south": {"uv": [4.96, 0.96, 7.04, 3.04], "texture": "#voxels_palette"},
				"west": {"uv": [4.96, 0.96, 7.04, 3.04], "texture": "#voxels_palette"},
				"down": {"uv": [4.96, 0.96, 7.04, 3.04], "texture": "#voxels_palette"}
			}
		},
		{
			"name": "Voxels-808080",
			"from": [5, 6.375, 6.875],
			"to": [5.5, 6.5, 7],
			"faces": {
				"north": {"uv": [4.96, 0.96, 7.04, 3.04], "texture": "#voxels_palette"},
				"west": {"uv": [4.96, 0.96, 7.04, 3.04], "texture": "#voxels_palette"},
				"down": {"uv": [4.96, 0.96, 7.04, 3.04], "texture": "#voxels_palette"}
			}
		},
		{
			"name": "Voxels-808080",
			"from": [5, 6.375, 7],
			"to": [5.125, 6.5, 7.125],
			"faces": {
				"west": {"uv": [4.96, 0.96, 7.04, 3.04], "texture": "#voxels_palette"},
				"down": {"uv": [4.96, 0.96, 7.04, 3.04], "texture": "#voxels_palette"}
			}
		},
		{
			"name": "Voxels-FFFFFF",
			"from": [5, 6.375, 7.25],
			"to": [5.375, 6.5, 7.625],
			"faces": {
				"east": {"uv": [8.96, 0.96, 11.04, 3.04], "texture": "#voxels_palette"},
				"up": {"uv": [8.96, 0.96, 11.04, 3.04], "texture": "#voxels_palette"}
			}
		},
		{
			"name": "Voxels-808080",
			"from": [5, 6.375, 7.625],
			"to": [5.125, 6.5, 7.75],
			"faces": {
				"south": {"uv": [4.96, 0.96, 7.04, 3.04], "texture": "#voxels_palette"},
				"west": {"uv": [4.96, 0.96, 7.04, 3.04], "texture": "#voxels_palette"},
				"down": {"uv": [4.96, 0.96, 7.04, 3.04], "texture": "#voxels_palette"}
			}
		},
		{
			"name": "Voxels-808080",
			"from": [5, 6.5, 6.75],
			"to": [5.125, 6.625, 6.875],
			"faces": {
				"north": {"uv": [4.96, 0.96, 7.04, 3.04], "texture": "#voxels_palette"},
				"west": {"uv": [4.96, 0.96, 7.04, 3.04], "texture": "#voxels_palette"},
				"down": {"uv": [4.96, 0.96, 7.04, 3.04], "texture": "#voxels_palette"}
			}
		},
		{
			"name": "Voxels-FFFFFF",
			"from": [5, 6.5, 7],
			"to": [5.25, 6.625, 7.25],
			"faces": {
				"east": {"uv": [8.96, 0.96, 11.04, 3.04], "texture": "#voxels_palette"},
				"south": {"uv": [8.96, 0.96, 11.04, 3.04], "texture": "#voxels_palette"},
				"up": {"uv": [8.96, 0.96, 11.04, 3.04], "texture": "#voxels_palette"}
			}
		},
		{
			"name": "Voxels-FFFFFF",
			"from": [5, 6.5, 7.25],
			"to": [5.125, 6.625, 7.625],
			"faces": {
				"east": {"uv": [8.96, 0.96, 11.04, 3.04], "texture": "#voxels_palette"},
				"up": {"uv": [8.96, 0.96, 11.04, 3.04], "texture": "#voxels_palette"}
			}
		},
		{
			"name": "Voxels-FFFFFF",
			"from": [5, 6.5, 7.75],
			"to": [5.375, 6.625, 7.875],
			"faces": {
				"north": {"uv": [8.96, 0.96, 11.04, 3.04], "texture": "#voxels_palette"},
				"up": {"uv": [8.96, 0.96, 11.04, 3.04], "texture": "#voxels_palette"},
				"down": {"uv": [8.96, 0.96, 11.04, 3.04], "texture": "#voxels_palette"}
			}
		},
		{
			"name": "Voxels-808080",
			"from": [5, 6.5, 7.875],
			"to": [5.125, 6.625, 8],
			"faces": {
				"west": {"uv": [4.96, 0.96, 7.04, 3.04], "texture": "#voxels_palette"},
				"down": {"uv": [4.96, 0.96, 7.04, 3.04], "texture": "#voxels_palette"}
			}
		},
		{
			"name": "Voxels-FFFFFF",
			"from": [5, 6.625, 6.625],
			"to": [6.375, 6.75, 6.75],
			"faces": {
				"north": {"uv": [8.96, 0.96, 11.04, 3.04], "texture": "#texture"},
				"east": {"uv": [8.96, 0.96, 11.04, 3.04], "texture": "#texture"},
				"south": {"uv": [8.96, 0.96, 11.04, 3.04], "texture": "#texture"},
				"west": {"uv": [8.96, 0.96, 11.04, 3.04], "texture": "#texture"},
				"up": {"uv": [8.96, 0.96, 11.04, 3.04], "texture": "#texture"},
				"down": {"uv": [8.96, 0.96, 11.04, 3.04], "texture": "#texture"}
			}
		},
		{
			"name": "Voxels-FFFFFF",
			"from": [5, 6.625, 7.625],
			"to": [5.125, 6.75, 7.75],
			"faces": {
				"north": {"uv": [8.96, 0.96, 11.04, 3.04], "texture": "#voxels_palette"},
				"east": {"uv": [8.96, 0.96, 11.04, 3.04], "texture": "#voxels_palette"},
				"up": {"uv": [8.96, 0.96, 11.04, 3.04], "texture": "#voxels_palette"}
			}
		},
		{
			"name": "Voxels-FFFFFF",
			"from": [5, 6.625, 7.875],
			"to": [5.375, 6.75, 8],
			"faces": {
				"north": {"uv": [8.96, 0.96, 11.04, 3.04], "texture": "#texture"},
				"east": {"uv": [8.96, 0.96, 11.04, 3.04], "texture": "#texture"},
				"south": {"uv": [8.96, 0.96, 11.04, 3.04], "texture": "#texture"},
				"west": {"uv": [8.96, 0.96, 11.04, 3.04], "texture": "#texture"},
				"up": {"uv": [8.96, 0.96, 11.04, 3.04], "texture": "#texture"}
			}
		},
		{
			"name": "Voxels-FFFFFF",
			"from": [5, 6.75, 6.5],
			"to": [5.625, 6.875, 6.625],
			"faces": {
				"north": {"uv": [8.96, 0.96, 11.04, 3.04], "texture": "#texture"},
				"east": {"uv": [8.96, 0.96, 11.04, 3.04], "texture": "#texture"},
				"south": {"uv": [8.96, 0.96, 11.04, 3.04], "texture": "#texture"},
				"west": {"uv": [8.96, 0.96, 11.04, 3.04], "texture": "#texture"},
				"up": {"uv": [8.96, 0.96, 11.04, 3.04], "texture": "#texture"},
				"down": {"uv": [8.96, 0.96, 11.04, 3.04], "texture": "#texture"}
			}
		},
		{
			"name": "Voxels-FFFFFF",
			"from": [5, 6.75, 8],
			"to": [5.375, 6.875, 8.125],
			"faces": {
				"north": {"uv": [8.96, 0.96, 11.04, 3.04], "texture": "#texture"},
				"east": {"uv": [8.96, 0.96, 11.04, 3.04], "texture": "#texture"},
				"south": {"uv": [8.96, 0.96, 11.04, 3.04], "texture": "#texture"},
				"west": {"uv": [8.96, 0.96, 11.04, 3.04], "texture": "#texture"},
				"up": {"uv": [8.96, 0.96, 11.04, 3.04], "texture": "#texture"},
				"down": {"uv": [8.96, 0.96, 11.04, 3.04], "texture": "#texture"}
			}
		},
		{
			"name": "Voxels-FFFFFF",
			"from": [5, 6.875, 6.625],
			"to": [6.375, 7, 6.75],
			"faces": {
				"north": {"uv": [8.96, 0.96, 11.04, 3.04], "texture": "#texture"},
				"east": {"uv": [8.96, 0.96, 11.04, 3.04], "texture": "#texture"},
				"south": {"uv": [8.96, 0.96, 11.04, 3.04], "texture": "#texture"},
				"west": {"uv": [8.96, 0.96, 11.04, 3.04], "texture": "#texture"},
				"up": {"uv": [8.96, 0.96, 11.04, 3.04], "texture": "#texture"},
				"down": {"uv": [8.96, 0.96, 11.04, 3.04], "texture": "#texture"}
			}
		},
		{
			"name": "Voxels-FFFFFF",
			"from": [5, 6.875, 6.875],
			"to": [5.125, 7, 7],
			"faces": {
				"east": {"uv": [8.96, 0.96, 11.04, 3.04], "texture": "#voxels_palette"},
				"south": {"uv": [8.96, 0.96, 11.04, 3.04], "texture": "#voxels_palette"},
				"down": {"uv": [8.96, 0.96, 11.04, 3.04], "texture": "#voxels_palette"}
			}
		},
		{
			"name": "Voxels-FFFFFF",
			"from": [5, 6.875, 8.125],
			"to": [5.375, 7, 8.25],
			"faces": {
				"north": {"uv": [8.96, 0.96, 11.04, 3.04], "texture": "#texture"},
				"east": {"uv": [8.96, 0.96, 11.04, 3.04], "texture": "#texture"},
				"south": {"uv": [8.96, 0.96, 11.04, 3.04], "texture": "#texture"},
				"west": {"uv": [8.96, 0.96, 11.04, 3.04], "texture": "#texture"},
				"up": {"uv": [8.96, 0.96, 11.04, 3.04], "texture": "#texture"},
				"down": {"uv": [8.96, 0.96, 11.04, 3.04], "texture": "#texture"}
			}
		},
		{
			"name": "Voxels-FFFFFF",
			"from": [5, 7, 6.75],
			"to": [6.375, 7.125, 6.875],
			"faces": {
				"north": {"uv": [8.96, 0.96, 11.04, 3.04], "texture": "#texture"},
				"east": {"uv": [8.96, 0.96, 11.04, 3.04], "texture": "#texture"},
				"west": {"uv": [8.96, 0.96, 11.04, 3.04], "texture": "#texture"},
				"up": {"uv": [8.96, 0.96, 11.04, 3.04], "texture": "#texture"},
				"down": {"uv": [8.96, 0.96, 11.04, 3.04], "texture": "#texture"}
			}
		},
		{
			"name": "Voxels-FFFFFF",
			"from": [5, 7, 8],
			"to": [6.375, 7.125, 8.125],
			"faces": {
				"east": {"uv": [8.96, 0.96, 11.04, 3.04], "texture": "#texture"},
				"south": {"uv": [8.96, 0.96, 11.04, 3.04], "texture": "#texture"},
				"up": {"uv": [8.96, 0.96, 11.04, 3.04], "texture": "#texture"}
			}
		},
		{
			"name": "Voxels-808080",
			"from": [5.125, 6.25, 7],
			"to": [5.25, 6.375, 7.125],
			"faces": {
				"north": {"uv": [4.96, 0.96, 7.04, 3.04], "texture": "#voxels_palette"},
				"west": {"uv": [4.96, 0.96, 7.04, 3.04], "texture": "#voxels_palette"},
				"down": {"uv": [4.96, 0.96, 7.04, 3.04], "texture": "#voxels_palette"}
			}
		},
		{
			"name": "Voxels-808080",
			"from": [5.125, 6.25, 7.625],
			"to": [5.25, 6.375, 7.75],
			"faces": {
				"south": {"uv": [4.96, 0.96, 7.04, 3.04], "texture": "#voxels_palette"},
				"west": {"uv": [4.96, 0.96, 7.04, 3.04], "texture": "#voxels_palette"},
				"down": {"uv": [4.96, 0.96, 7.04, 3.04], "texture": "#voxels_palette"}
			}
		},
		{
			"name": "Voxels-808080",
			"from": [5.125, 6.375, 6.75],
			"to": [5.375, 6.5, 6.875],
			"faces": {
				"north": {"uv": [4.96, 0.96, 7.04, 3.04], "texture": "#voxels_palette"},
				"west": {"uv": [4.96, 0.96, 7.04, 3.04], "texture": "#voxels_palette"},
				"down": {"uv": [4.96, 0.96, 7.04, 3.04], "texture": "#voxels_palette"}
			}
		},
		{
			"name": "Voxels-FFFFFF",
			"from": [5.125, 6.375, 7],
			"to": [5.625, 6.5, 7.125],
			"faces": {
				"east": {"uv": [8.96, 0.96, 11.04, 3.04], "texture": "#voxels_palette"},
				"south": {"uv": [8.96, 0.96, 11.04, 3.04], "texture": "#voxels_palette"},
				"up": {"uv": [8.96, 0.96, 11.04, 3.04], "texture": "#voxels_palette"}
			}
		},
		{
			"name": "Voxels-FFFFFF",
			"from": [5.125, 6.375, 7.625],
			"to": [5.5, 6.5, 7.75],
			"faces": {
				"north": {"uv": [8.96, 0.96, 11.04, 3.04], "texture": "#voxels_palette"},
				"east": {"uv": [8.96, 0.96, 11.04, 3.04], "texture": "#voxels_palette"},
				"up": {"uv": [8.96, 0.96, 11.04, 3.04], "texture": "#voxels_palette"}
			}
		},
		{
			"name": "Voxels-808080",
			"from": [5.125, 6.375, 7.75],
			"to": [5.25, 6.5, 7.875],
			"faces": {
				"south": {"uv": [4.96, 0.96, 7.04, 3.04], "texture": "#voxels_palette"},
				"west": {"uv": [4.96, 0.96, 7.04, 3.04], "texture": "#voxels_palette"},
				"down": {"uv": [4.96, 0.96, 7.04, 3.04], "texture": "#voxels_palette"}
			}
		},
		{
			"name": "Voxels-808080",
			"from": [5.125, 6.5, 6.625],
			"to": [5.25, 6.625, 6.75],
			"faces": {
				"north": {"uv": [4.96, 0.96, 7.04, 3.04], "texture": "#voxels_palette"},
				"west": {"uv": [4.96, 0.96, 7.04, 3.04], "texture": "#voxels_palette"},
				"down": {"uv": [4.96, 0.96, 7.04, 3.04], "texture": "#voxels_palette"}
			}
		},
		{
			"name": "Voxels-FFFFFF",
			"from": [5.125, 6.5, 6.75],
			"to": [6.25, 6.625, 6.875],
			"faces": {
				"north": {"uv": [8.96, 0.96, 11.04, 3.04], "texture": "#voxels_palette"},
				"east": {"uv": [8.96, 0.96, 11.04, 3.04], "texture": "#voxels_palette"},
				"south": {"uv": [8.96, 0.96, 11.04, 3.04], "texture": "#voxels_palette"},
				"up": {"uv": [8.96, 0.96, 11.04, 3.04], "texture": "#voxels_palette"},
				"down": {"uv": [8.96, 0.96, 11.04, 3.04], "texture": "#voxels_palette"}
			}
		},
		{
			"name": "Voxels-FFFFFF",
			"from": [5.125, 6.5, 7.5],
			"to": [5.25, 6.625, 7.75],
			"faces": {
				"north": {"uv": [8.96, 0.96, 11.04, 3.04], "texture": "#voxels_palette"},
				"east": {"uv": [8.96, 0.96, 11.04, 3.04], "texture": "#voxels_palette"},
				"up": {"uv": [8.96, 0.96, 11.04, 3.04], "texture": "#voxels_palette"}
			}
		},
		{
			"name": "Voxels-FFFFFF",
			"from": [5.125, 6.5, 7.875],
			"to": [5.375, 6.625, 8],
			"faces": {
				"down": {"uv": [8.96, 0.96, 11.04, 3.04], "texture": "#voxels_palette"}
			}
		},
		{
			"name": "Voxels-FFFFFF",
			"from": [5.125, 6.625, 6.5],
			"to": [6.25, 6.75, 6.625],
			"faces": {
				"north": {"uv": [8.96, 0.96, 11.04, 3.04], "texture": "#texture"},
				"east": {"uv": [8.96, 0.96, 11.04, 3.04], "texture": "#texture"},
				"west": {"uv": [8.96, 0.96, 11.04, 3.04], "texture": "#texture"},
				"up": {"uv": [8.96, 0.96, 11.04, 3.04], "texture": "#texture"},
				"down": {"uv": [8.96, 0.96, 11.04, 3.04], "texture": "#texture"}
			}
		},
		{
			"name": "Voxels-FFFFFF",
			"from": [5, 6.5, 8],
			"to": [6.125, 6.625, 8.125],
			"faces": {
				"east": {"uv": [8.96, 0.96, 11.04, 3.04], "texture": "#texture"},
				"south": {"uv": [8.96, 0.96, 11.04, 3.04], "texture": "#texture"},
				"west": {"uv": [8.96, 0.96, 11.04, 3.04], "texture": "#texture"},
				"up": {"uv": [8.96, 0.96, 11.04, 3.04], "texture": "#texture"},
				"down": {"uv": [8.96, 0.96, 11.04, 3.04], "texture": "#texture"}
			}
		},
		{
			"name": "Voxels-FFFFFF",
			"from": [5, 7, 8],
			"to": [6.125, 7.125, 8.125],
			"faces": {
				"west": {"uv": [8.96, 0.96, 11.04, 3.04], "texture": "#texture"},
				"down": {"uv": [8.96, 0.96, 11.04, 3.04], "texture": "#texture"}
			}
		},
		{
			"name": "Voxels-FFFFFF",
			"from": [5.125, 6.875, 6.5],
			"to": [6.25, 7, 6.625],
			"faces": {
				"north": {"uv": [8.96, 0.96, 11.04, 3.04], "texture": "#texture"},
				"east": {"uv": [8.96, 0.96, 11.04, 3.04], "texture": "#texture"},
				"west": {"uv": [8.96, 0.96, 11.04, 3.04], "texture": "#texture"},
				"up": {"uv": [8.96, 0.96, 11.04, 3.04], "texture": "#texture"},
				"down": {"uv": [8.96, 0.96, 11.04, 3.04], "texture": "#texture"}
			}
		},
		{
			"name": "Voxels-FFFFFF",
			"from": [5.125, 6.875, 8.25],
			"to": [6.25, 7, 8.375],
			"faces": {
				"north": {"uv": [8.96, 0.96, 11.04, 3.04], "texture": "#texture"},
				"east": {"uv": [8.96, 0.96, 11.04, 3.04], "texture": "#texture"},
				"south": {"uv": [8.96, 0.96, 11.04, 3.04], "texture": "#texture"},
				"west": {"uv": [8.96, 0.96, 11.04, 3.04], "texture": "#texture"},
				"up": {"uv": [8.96, 0.96, 11.04, 3.04], "texture": "#texture"},
				"down": {"uv": [8.96, 0.96, 11.04, 3.04], "texture": "#texture"}
			}
		},
		{
			"name": "Voxels-FFFFFF",
			"from": [5.125, 7, 8.125],
			"to": [6.25, 7.125, 8.25],
			"faces": {
				"east": {"uv": [8.96, 0.96, 11.04, 3.04], "texture": "#texture"},
				"south": {"uv": [8.96, 0.96, 11.04, 3.04], "texture": "#texture"},
				"west": {"uv": [8.96, 0.96, 11.04, 3.04], "texture": "#texture"},
				"up": {"uv": [8.96, 0.96, 11.04, 3.04], "texture": "#texture"},
				"down": {"uv": [8.96, 0.96, 11.04, 3.04], "texture": "#texture"}
			}
		},
		{
			"name": "Voxels-808080",
			"from": [5.25, 6.125, 7],
			"to": [5.75, 6.25, 7.25],
			"faces": {
				"north": {"uv": [4.96, 0.96, 7.04, 3.04], "texture": "#voxels_palette"},
				"south": {"uv": [4.96, 0.96, 7.04, 3.04], "texture": "#voxels_palette"},
				"west": {"uv": [4.96, 0.96, 7.04, 3.04], "texture": "#voxels_palette"},
				"down": {"uv": [4.96, 0.96, 7.04, 3.04], "texture": "#voxels_palette"}
			}
		},
		{
			"name": "Voxels-808080",
			"from": [5.25, 6.125, 7.25],
			"to": [5.375, 6.25, 7.625],
			"faces": {
				"east": {"uv": [4.96, 0.96, 7.04, 3.04], "texture": "#voxels_palette"},
				"south": {"uv": [4.96, 0.96, 7.04, 3.04], "texture": "#voxels_palette"},
				"west": {"uv": [4.96, 0.96, 7.04, 3.04], "texture": "#voxels_palette"},
				"down": {"uv": [4.96, 0.96, 7.04, 3.04], "texture": "#voxels_palette"}
			}
		},
		{
			"name": "Voxels-808080",
			"from": [5.25, 6.25, 6.875],
			"to": [5.75, 6.375, 7],
			"faces": {
				"north": {"uv": [4.96, 0.96, 7.04, 3.04], "texture": "#voxels_palette"},
				"west": {"uv": [4.96, 0.96, 7.04, 3.04], "texture": "#voxels_palette"},
				"down": {"uv": [4.96, 0.96, 7.04, 3.04], "texture": "#voxels_palette"}
			}
		},
		{
			"name": "Voxels-FFFFFF",
			"from": [5.25, 6.25, 7],
			"to": [6, 6.375, 7.125],
			"faces": {
				"north": {"uv": [8.96, 0.96, 11.04, 3.04], "texture": "#voxels_palette"},
				"east": {"uv": [8.96, 0.96, 11.04, 3.04], "texture": "#voxels_palette"},
				"up": {"uv": [8.96, 0.96, 11.04, 3.04], "texture": "#voxels_palette"},
				"down": {"uv": [8.96, 0.96, 11.04, 3.04], "texture": "#voxels_palette"}
			}
		},
		{
			"name": "Voxels-E5E5E5",
			"from": [5.25, 6.25, 7.625],
			"to": [5.375, 6.375, 7.75],
			"faces": {
				"down": {"uv": [0.96, 4.96, 3.04, 7.04], "texture": "#voxels_palette"}
			}
		},
		{
			"name": "Voxels-808080",
			"from": [5.25, 6.25, 7.75],
			"to": [5.375, 6.375, 7.875],
			"faces": {
				"south": {"uv": [4.96, 0.96, 7.04, 3.04], "texture": "#voxels_palette"},
				"west": {"uv": [4.96, 0.96, 7.04, 3.04], "texture": "#voxels_palette"},
				"down": {"uv": [4.96, 0.96, 7.04, 3.04], "texture": "#voxels_palette"}
			}
		},
		{
			"name": "Voxels-808080",
			"from": [5.25, 6.375, 6.625],
			"to": [5.75, 6.5, 6.75],
			"faces": {
				"north": {"uv": [4.96, 0.96, 7.04, 3.04], "texture": "#voxels_palette"},
				"west": {"uv": [4.96, 0.96, 7.04, 3.04], "texture": "#voxels_palette"},
				"down": {"uv": [4.96, 0.96, 7.04, 3.04], "texture": "#voxels_palette"}
			}
		},
		{
			"name": "Voxels-FFFFFF",
			"from": [5.25, 6.375, 7.125],
			"to": [5.375, 6.5, 7.25],
			"faces": {
				"east": {"uv": [8.96, 0.96, 11.04, 3.04], "texture": "#voxels_palette"},
				"up": {"uv": [8.96, 0.96, 11.04, 3.04], "texture": "#voxels_palette"}
			}
		},
		{
			"name": "Voxels-FFFFFF",
			"from": [5.25, 6.375, 7.75],
			"to": [6.125, 6.5, 7.875],
			"faces": {
				"north": {"uv": [8.96, 0.96, 11.04, 3.04], "texture": "#voxels_palette"},
				"east": {"uv": [8.96, 0.96, 11.04, 3.04], "texture": "#voxels_palette"},
				"south": {"uv": [8.96, 0.96, 11.04, 3.04], "texture": "#voxels_palette"},
				"up": {"uv": [8.96, 0.96, 11.04, 3.04], "texture": "#voxels_palette"},
				"down": {"uv": [8.96, 0.96, 11.04, 3.04], "texture": "#voxels_palette"}
			}
		},
		{
			"name": "Voxels-808080",
			"from": [5.25, 6.375, 7.875],
			"to": [5.375, 6.5, 8],
			"faces": {
				"south": {"uv": [4.96, 0.96, 7.04, 3.04], "texture": "#voxels_palette"},
				"west": {"uv": [4.96, 0.96, 7.04, 3.04], "texture": "#voxels_palette"},
				"down": {"uv": [4.96, 0.96, 7.04, 3.04], "texture": "#voxels_palette"}
			}
		},
		{
			"name": "Voxels-808080",
			"from": [5.25, 6.5, 6.5],
			"to": [5.875, 6.625, 6.625],
			"faces": {
				"north": {"uv": [4.96, 0.96, 7.04, 3.04], "texture": "#voxels_palette"},
				"east": {"uv": [4.96, 0.96, 7.04, 3.04], "texture": "#voxels_palette"},
				"west": {"uv": [4.96, 0.96, 7.04, 3.04], "texture": "#voxels_palette"},
				"down": {"uv": [4.96, 0.96, 7.04, 3.04], "texture": "#voxels_palette"}
			}
		},
		{
			"name": "Voxels-FFFFFF",
			"from": [5.25, 6.5, 6.625],
			"to": [6.125, 6.625, 6.75],
			"faces": {
				"north": {"uv": [8.96, 0.96, 11.04, 3.04], "texture": "#voxels_palette"},
				"east": {"uv": [8.96, 0.96, 11.04, 3.04], "texture": "#voxels_palette"},
				"down": {"uv": [8.96, 0.96, 11.04, 3.04], "texture": "#voxels_palette"}
			}
		},
		{
			"name": "Voxels-FFFFFF",
			"from": [5.25, 6.5, 6.875],
			"to": [5.5, 6.625, 7],
			"faces": {
				"east": {"uv": [8.96, 0.96, 11.04, 3.04], "texture": "#voxels_palette"},
				"up": {"uv": [8.96, 0.96, 11.04, 3.04], "texture": "#voxels_palette"}
			}
		},
		{
			"name": "Voxels-FFFFFF",
			"from": [5.25, 6.625, 8.125],
			"to": [6.125, 6.75, 8.25],
			"faces": {
				"north": {"uv": [8.96, 0.96, 11.04, 3.04], "texture": "#texture"},
				"east": {"uv": [8.96, 0.96, 11.04, 3.04], "texture": "#texture"},
				"south": {"uv": [8.96, 0.96, 11.04, 3.04], "texture": "#texture"},
				"west": {"uv": [8.96, 0.96, 11.04, 3.04], "texture": "#texture"},
				"up": {"uv": [8.96, 0.96, 11.04, 3.04], "texture": "#texture"},
				"down": {"uv": [8.96, 0.96, 11.04, 3.04], "texture": "#texture"}
			}
		},
		{
			"name": "Voxels-FFFFFF",
			"from": [5.25, 6.75, 8.25],
			"to": [6.125, 6.875, 8.375],
			"faces": {
				"north": {"uv": [8.96, 0.96, 11.04, 3.04], "texture": "#texture"},
				"east": {"uv": [8.96, 0.96, 11.04, 3.04], "texture": "#texture"},
				"south": {"uv": [8.96, 0.96, 11.04, 3.04], "texture": "#texture"},
				"west": {"uv": [8.96, 0.96, 11.04, 3.04], "texture": "#texture"},
				"down": {"uv": [8.96, 0.96, 11.04, 3.04], "texture": "#texture"}
			}
		},
		{
			"name": "Voxels-FFFFFF",
			"from": [5.25, 7, 6.625],
			"to": [6.125, 7.125, 6.75],
			"faces": {
				"north": {"uv": [8.96, 0.96, 11.04, 3.04], "texture": "#texture"},
				"east": {"uv": [8.96, 0.96, 11.04, 3.04], "texture": "#texture"},
				"west": {"uv": [8.96, 0.96, 11.04, 3.04], "texture": "#texture"},
				"up": {"uv": [8.96, 0.96, 11.04, 3.04], "texture": "#texture"}
			}
		},
		{
			"name": "Voxels-808080",
			"from": [5.375, 6, 7.125],
			"to": [5.75, 6.125, 7.375],
			"faces": {
				"north": {"uv": [4.96, 0.96, 7.04, 3.04], "texture": "#voxels_palette"},
				"up": {"uv": [4.96, 0.96, 7.04, 3.04], "texture": "#voxels_palette"},
				"down": {"uv": [4.96, 0.96, 7.04, 3.04], "texture": "#voxels_palette"}
			}
		},
		{
			"name": "Voxels-FFFFFF",
			"from": [5.375, 6, 7],
			"to": [5.5, 6.125, 7.625],
			"faces": {
				"north": {"uv": [8.96, 0.96, 11.04, 3.04], "texture": "#voxels_palette"},
				"east": {"uv": [8.96, 0.96, 11.04, 3.04], "texture": "#voxels_palette"},
				"south": {"uv": [8.96, 0.96, 11.04, 3.04], "texture": "#voxels_palette"},
				"west": {"uv": [8.96, 0.96, 11.04, 3.04], "texture": "#voxels_palette"},
				"down": {"uv": [8.96, 0.96, 11.04, 3.04], "rotation": 270, "texture": "#voxels_palette"}
			}
		},
		{
			"name": "Voxels-FFFFFF",
			"from": [5.375, 6.125, 7.375],
			"to": [5.625, 6.25, 7.625],
			"faces": {
				"north": {"uv": [8.96, 0.96, 11.04, 3.04], "texture": "#voxels_palette"},
				"east": {"uv": [8.96, 0.96, 11.04, 3.04], "texture": "#voxels_palette"},
				"up": {"uv": [8.96, 0.96, 11.04, 3.04], "texture": "#voxels_palette"}
			}
		},
		{
			"name": "Voxels-808080",
			"from": [5.375, 6.125, 7.625],
			"to": [5.5, 6.25, 7.75],
			"faces": {
				"south": {"uv": [4.96, 0.96, 7.04, 3.04], "texture": "#voxels_palette"},
				"west": {"uv": [4.96, 0.96, 7.04, 3.04], "texture": "#voxels_palette"},
				"down": {"uv": [4.96, 0.96, 7.04, 3.04], "texture": "#voxels_palette"}
			}
		},
		{
			"name": "Voxels-808080",
			"from": [5.375, 6.25, 6.75],
			"to": [5.75, 6.375, 6.875],
			"faces": {
				"north": {"uv": [4.96, 0.96, 7.04, 3.04], "texture": "#voxels_palette"},
				"west": {"uv": [4.96, 0.96, 7.04, 3.04], "texture": "#voxels_palette"},
				"down": {"uv": [4.96, 0.96, 7.04, 3.04], "texture": "#voxels_palette"}
			}
		},
		{
			"name": "Voxels-FFFFFF",
			"from": [5.375, 6.25, 7.125],
			"to": [6.125, 6.375, 7.25],
			"faces": {
				"north": {"uv": [8.96, 0.96, 11.04, 3.04], "texture": "#voxels_palette"},
				"east": {"uv": [8.96, 0.96, 11.04, 3.04], "texture": "#voxels_palette"},
				"south": {"uv": [8.96, 0.96, 11.04, 3.04], "texture": "#voxels_palette"},
				"up": {"uv": [8.96, 0.96, 11.04, 3.04], "texture": "#voxels_palette"},
				"down": {"uv": [8.96, 0.96, 11.04, 3.04], "texture": "#voxels_palette"}
			}
		},
		{
			"name": "Voxels-FFFFFF",
			"from": [5.375, 6.25, 7.25],
			"to": [5.5, 6.375, 7.875],
			"faces": {
				"east": {"uv": [8.96, 0.96, 11.04, 3.04], "texture": "#voxels_palette"},
				"up": {"uv": [8.96, 0.96, 11.04, 3.04], "texture": "#voxels_palette"},
				"down": {"uv": [8.96, 0.96, 11.04, 3.04], "texture": "#voxels_palette"}
			}
		},
		{
			"name": "Voxels-808080",
			"from": [5.375, 6.25, 7.875],
			"to": [5.75, 6.375, 8],
			"faces": {
				"south": {"uv": [4.96, 0.96, 7.04, 3.04], "texture": "#voxels_palette"},
				"west": {"uv": [4.96, 0.96, 7.04, 3.04], "texture": "#voxels_palette"},
				"down": {"uv": [4.96, 0.96, 7.04, 3.04], "texture": "#voxels_palette"}
			}
		},
		{
			"name": "Voxels-FFFFFF",
			"from": [5.375, 6.375, 7.875],
			"to": [6, 6.5, 8],
			"faces": {
				"east": {"uv": [8.96, 0.96, 11.04, 3.04], "texture": "#voxels_palette"},
				"south": {"uv": [8.96, 0.96, 11.04, 3.04], "texture": "#voxels_palette"},
				"down": {"uv": [8.96, 0.96, 11.04, 3.04], "texture": "#voxels_palette"}
			}
		},
		{
			"name": "Voxels-808080",
			"from": [5.375, 6.375, 8],
			"to": [5.875, 6.5, 8.125],
			"faces": {
				"east": {"uv": [4.96, 0.96, 7.04, 3.04], "texture": "#voxels_palette"},
				"south": {"uv": [4.96, 0.96, 7.04, 3.04], "texture": "#voxels_palette"},
				"west": {"uv": [4.96, 0.96, 7.04, 3.04], "texture": "#voxels_palette"},
				"down": {"uv": [4.96, 0.96, 7.04, 3.04], "texture": "#voxels_palette"}
			}
		},
		{
			"name": "Voxels-808080",
			"from": [5.375, 6.5, 7.75],
			"to": [5.5, 6.625, 8],
			"faces": {
				"north": {"uv": [4.96, 0.96, 7.04, 3.04], "texture": "#voxels_palette"},
				"east": {"uv": [4.96, 0.96, 7.04, 3.04], "texture": "#voxels_palette"},
				"up": {"uv": [4.96, 0.96, 7.04, 3.04], "texture": "#voxels_palette"}
			}
		},
		{
			"name": "Voxels-808080",
			"from": [5.375, 6.5, 8.125],
			"to": [5.875, 6.625, 8.25],
			"faces": {
				"east": {"uv": [4.96, 0.96, 7.04, 3.04], "texture": "#voxels_palette"},
				"south": {"uv": [4.96, 0.96, 7.04, 3.04], "texture": "#voxels_palette"},
				"west": {"uv": [4.96, 0.96, 7.04, 3.04], "texture": "#voxels_palette"},
				"down": {"uv": [4.96, 0.96, 7.04, 3.04], "texture": "#voxels_palette"}
			}
		},
		{
			"name": "Voxels-FFFFFF",
			"from": [5.375, 7, 8.25],
			"to": [6, 7.125, 8.375],
			"faces": {
				"east": {"uv": [8.96, 0.96, 11.04, 3.04], "texture": "#texture"},
				"south": {"uv": [8.96, 0.96, 11.04, 3.04], "texture": "#texture"},
				"west": {"uv": [8.96, 0.96, 11.04, 3.04], "texture": "#texture"},
				"up": {"uv": [8.96, 0.96, 11.04, 3.04], "texture": "#texture"}
			}
		},
		{
			"name": "Voxels-808080",
			"from": [5.5, 5.75, 7.25],
			"to": [5.625, 6, 7.625],
			"faces": {
				"north": {"uv": [4.96, 0.96, 7.04, 3.04], "texture": "#voxels_palette"},
				"east": {"uv": [4.96, 0.96, 7.04, 3.04], "texture": "#voxels_palette"},
				"south": {"uv": [4.96, 0.96, 7.04, 3.04], "texture": "#voxels_palette"},
				"west": {"uv": [4.96, 0.96, 7.04, 3.04], "texture": "#voxels_palette"},
				"down": {"uv": [4.96, 0.96, 7.04, 3.04], "texture": "#voxels_palette"}
			}
		},
		{
			"name": "Voxels-808080",
			"from": [5.5, 5.875, 7.125],
			"to": [5.625, 6, 7.25],
			"faces": {
				"north": {"uv": [4.96, 0.96, 7.04, 3.04], "texture": "#voxels_palette"},
				"east": {"uv": [4.96, 0.96, 7.04, 3.04], "texture": "#voxels_palette"},
				"west": {"uv": [4.96, 0.96, 7.04, 3.04], "texture": "#voxels_palette"},
				"down": {"uv": [4.96, 0.96, 7.04, 3.04], "texture": "#voxels_palette"}
			}
		},
		{
			"name": "Voxels-FFFFFF",
			"from": [5.5, 6, 7.375],
			"to": [5.875, 6.125, 7.625],
			"faces": {
				"east": {"uv": [8.96, 0.96, 11.04, 3.04], "texture": "#voxels_palette"},
				"up": {"uv": [8.96, 0.96, 11.04, 3.04], "texture": "#voxels_palette"}
			}
		},
		{
			"name": "Voxels-808080",
			"from": [5.5, 6, 7.625],
			"to": [5.75, 6.125, 7.75],
			"faces": {
				"south": {"uv": [4.96, 0.96, 7.04, 3.04], "texture": "#voxels_palette"},
				"west": {"uv": [4.96, 0.96, 7.04, 3.04], "texture": "#voxels_palette"},
				"down": {"uv": [4.96, 0.96, 7.04, 3.04], "texture": "#voxels_palette"}
			}
		},
		{
			"name": "Voxels-808080",
			"from": [5.5, 6.125, 5.75],
			"to": [7.625, 6.625, 6.125],
			"faces": {
				"north": {"uv": [4.96, 0.96, 7.04, 3.04], "texture": "#voxels_palette"},
				"east": {"uv": [4.96, 0.96, 7.04, 3.04], "texture": "#voxels_palette"},
				"south": {"uv": [4.96, 0.96, 7.04, 3.04], "texture": "#voxels_palette"},
				"west": {"uv": [4.96, 0.96, 7.04, 3.04], "texture": "#voxels_palette"},
				"up": {"uv": [4.96, 0.96, 7.04, 3.04], "texture": "#voxels_palette"},
				"down": {"uv": [4.96, 0.96, 7.04, 3.04], "texture": "#voxels_palette"}
			}
		},
		{
			"name": "Voxels-808080",
			"from": [5.5, 6.125, 6.125],
			"to": [5.875, 6.625, 6.5],
			"faces": {
				"east": {"uv": [4.96, 0.96, 7.04, 3.04], "texture": "#voxels_palette"},
				"west": {"uv": [4.96, 0.96, 7.04, 3.04], "texture": "#voxels_palette"},
				"up": {"uv": [4.96, 0.96, 7.04, 3.04], "texture": "#voxels_palette"},
				"down": {"uv": [4.96, 0.96, 7.04, 3.04], "texture": "#voxels_palette"}
			}
		},
		{
			"name": "Voxels-808080",
			"from": [5.5, 6.125, 6.5],
			"to": [5.875, 6.5, 6.625],
			"faces": {
				"east": {"uv": [4.96, 0.96, 7.04, 3.04], "texture": "#voxels_palette"},
				"west": {"uv": [4.96, 0.96, 7.04, 3.04], "texture": "#voxels_palette"},
				"down": {"uv": [4.96, 0.96, 7.04, 3.04], "texture": "#voxels_palette"}
			}
		},
		{
			"name": "Voxels-808080",
			"from": [5.5, 6.125, 6.625],
			"to": [5.75, 6.375, 6.75],
			"faces": {
				"west": {"uv": [4.96, 0.96, 7.04, 3.04], "texture": "#voxels_palette"},
				"down": {"uv": [4.96, 0.96, 7.04, 3.04], "texture": "#voxels_palette"}
			}
		},
		{
			"name": "Voxels-808080",
			"from": [5.5, 6.125, 6.75],
			"to": [5.75, 6.25, 7],
			"faces": {
				"west": {"uv": [4.96, 0.96, 7.04, 3.04], "texture": "#voxels_palette"},
				"down": {"uv": [4.96, 0.96, 7.04, 3.04], "texture": "#voxels_palette"}
			}
		},
		{
			"name": "Voxels-FFFFFF",
			"from": [5.5, 6.125, 7.625],
			"to": [5.875, 6.375, 7.75],
			"faces": {
				"north": {"uv": [8.96, 0.96, 11.04, 3.04], "texture": "#voxels_palette"},
				"east": {"uv": [8.96, 0.96, 11.04, 3.04], "texture": "#voxels_palette"},
				"up": {"uv": [8.96, 0.96, 11.04, 3.04], "texture": "#voxels_palette"}
			}
		},
		{
			"name": "Voxels-808080",
			"from": [5.5, 6.125, 7.75],
			"to": [5.75, 6.25, 9],
			"faces": {
				"south": {"uv": [4.96, 0.96, 7.04, 3.04], "texture": "#voxels_palette"},
				"west": {"uv": [4.96, 0.96, 7.04, 3.04], "texture": "#voxels_palette"},
				"down": {"uv": [4.96, 0.96, 7.04, 3.04], "texture": "#voxels_palette"}
			}
		},
		{
			"name": "Voxels-FFFFFF",
			"from": [5.5, 6.25, 7.75],
			"to": [6, 6.375, 7.875],
			"faces": {
				"east": {"uv": [8.96, 0.96, 11.04, 3.04], "texture": "#voxels_palette"},
				"south": {"uv": [8.96, 0.96, 11.04, 3.04], "texture": "#voxels_palette"},
				"down": {"uv": [8.96, 0.96, 11.04, 3.04], "texture": "#voxels_palette"}
			}
		},
		{
			"name": "Voxels-808080",
			"from": [5.5, 6.25, 8],
			"to": [5.875, 6.375, 9],
			"faces": {
				"east": {"uv": [4.96, 0.96, 7.04, 3.04], "texture": "#voxels_palette"},
				"south": {"uv": [4.96, 0.96, 7.04, 3.04], "texture": "#voxels_palette"},
				"west": {"uv": [4.96, 0.96, 7.04, 3.04], "texture": "#voxels_palette"}
			}
		},
		{
			"name": "Voxels-FFFFFF",
			"from": [5.5, 6.375, 6.875],
			"to": [6.125, 6.5, 7],
			"faces": {
				"north": {"uv": [8.96, 0.96, 11.04, 3.04], "texture": "#voxels_palette"},
				"east": {"uv": [8.96, 0.96, 11.04, 3.04], "texture": "#voxels_palette"},
				"south": {"uv": [8.96, 0.96, 11.04, 3.04], "texture": "#voxels_palette"},
				"up": {"uv": [8.96, 0.96, 11.04, 3.04], "texture": "#voxels_palette"},
				"down": {"uv": [8.96, 0.96, 11.04, 3.04], "texture": "#voxels_palette"}
			}
		},
		{
			"name": "Voxels-808080",
			"from": [5.5, 6.375, 8.125],
			"to": [5.875, 6.5, 9],
			"faces": {
				"east": {"uv": [4.96, 0.96, 7.04, 3.04], "texture": "#voxels_palette"},
				"south": {"uv": [4.96, 0.96, 7.04, 3.04], "texture": "#voxels_palette"},
				"west": {"uv": [4.96, 0.96, 7.04, 3.04], "texture": "#voxels_palette"}
			}
		},
		{
			"name": "Voxels-FFFFFF",
			"from": [5.5, 6.5, 7.875],
			"to": [6.25, 6.625, 8],
			"faces": {
				"north": {"uv": [8.96, 0.96, 11.04, 3.04], "texture": "#voxels_palette"},
				"east": {"uv": [8.96, 0.96, 11.04, 3.04], "texture": "#voxels_palette"},
				"south": {"uv": [8.96, 0.96, 11.04, 3.04], "texture": "#voxels_palette"},
				"up": {"uv": [8.96, 0.96, 11.04, 3.04], "texture": "#voxels_palette"},
				"down": {"uv": [8.96, 0.96, 11.04, 3.04], "texture": "#voxels_palette"}
			}
		},
		{
			"name": "Voxels-808080",
			"from": [5.5, 6.5, 8.25],
			"to": [5.875, 6.625, 9],
			"faces": {
				"east": {"uv": [4.96, 0.96, 7.04, 3.04], "texture": "#voxels_palette"},
				"south": {"uv": [4.96, 0.96, 7.04, 3.04], "texture": "#voxels_palette"},
				"west": {"uv": [4.96, 0.96, 7.04, 3.04], "texture": "#voxels_palette"},
				"up": {"uv": [4.96, 0.96, 7.04, 3.04], "texture": "#voxels_palette"}
			}
		},
		{
			"name": "Voxels-FFFFFF",
			"from": [5.5, 6.75, 6.375],
			"to": [5.875, 6.875, 6.5],
			"faces": {
				"north": {"uv": [8.96, 0.96, 11.04, 3.04], "texture": "#texture"},
				"east": {"uv": [8.96, 0.96, 11.04, 3.04], "texture": "#texture"},
				"south": {"uv": [8.96, 0.96, 11.04, 3.04], "texture": "#texture"},
				"west": {"uv": [8.96, 0.96, 11.04, 3.04], "texture": "#texture"},
				"up": {"uv": [8.96, 0.96, 11.04, 3.04], "texture": "#texture"},
				"down": {"uv": [8.96, 0.96, 11.04, 3.04], "texture": "#texture"}
			}
		},
		{
			"name": "Voxels-FFFFFF",
			"from": [5.5, 6.875, 8.375],
			"to": [5.875, 7, 8.5],
			"faces": {
				"east": {"uv": [8.96, 0.96, 11.04, 3.04], "texture": "#texture"},
				"south": {"uv": [8.96, 0.96, 11.04, 3.04], "texture": "#texture"},
				"west": {"uv": [8.96, 0.96, 11.04, 3.04], "texture": "#texture"},
				"up": {"uv": [8.96, 0.96, 11.04, 3.04], "texture": "#texture"},
				"down": {"uv": [8.96, 0.96, 11.04, 3.04], "texture": "#texture"}
			}
		},
		{
			"name": "Voxels-808080",
			"from": [5.625, 5.75, 7.375],
			"to": [5.75, 5.875, 7.625],
			"faces": {
				"north": {"uv": [4.96, 0.96, 7.04, 3.04], "texture": "#voxels_palette"},
				"east": {"uv": [4.96, 0.96, 7.04, 3.04], "texture": "#voxels_palette"},
				"south": {"uv": [4.96, 0.96, 7.04, 3.04], "texture": "#voxels_palette"},
				"down": {"uv": [4.96, 0.96, 7.04, 3.04], "texture": "#voxels_palette"}
			}
		},
		{
			"name": "Voxels-808080",
			"from": [5.625, 5.875, 7.25],
			"to": [5.875, 6, 7.375],
			"faces": {
				"north": {"uv": [4.96, 0.96, 7.04, 3.04], "texture": "#voxels_palette"},
				"east": {"uv": [4.96, 0.96, 7.04, 3.04], "texture": "#voxels_palette"},
				"down": {"uv": [4.96, 0.96, 7.04, 3.04], "texture": "#voxels_palette"}
			}
		},
		{
			"name": "Voxels-808080",
			"from": [5.625, 5.875, 7.5],
			"to": [5.875, 6, 7.625],
			"faces": {
				"east": {"uv": [4.96, 0.96, 7.04, 3.04], "texture": "#voxels_palette"},
				"south": {"uv": [4.96, 0.96, 7.04, 3.04], "texture": "#voxels_palette"},
				"down": {"uv": [4.96, 0.96, 7.04, 3.04], "texture": "#voxels_palette"}
			}
		},
		{
			"name": "Voxels-808080",
			"from": [5.625, 6, 7],
			"to": [5.75, 6.125, 7.125],
			"faces": {
				"north": {"uv": [4.96, 0.96, 7.04, 3.04], "texture": "#voxels_palette"},
				"west": {"uv": [4.96, 0.96, 7.04, 3.04], "texture": "#voxels_palette"},
				"down": {"uv": [4.96, 0.96, 7.04, 3.04], "texture": "#voxels_palette"}
			}
		},
		{
			"name": "Voxels-FFFFFF",
			"from": [5.625, 6.125, 7.5],
			"to": [6, 6.25, 7.625],
			"faces": {
				"north": {"uv": [8.96, 0.96, 11.04, 3.04], "texture": "#voxels_palette"},
				"east": {"uv": [8.96, 0.96, 11.04, 3.04], "texture": "#voxels_palette"},
				"south": {"uv": [8.96, 0.96, 11.04, 3.04], "texture": "#voxels_palette"},
				"up": {"uv": [8.96, 0.96, 11.04, 3.04], "texture": "#voxels_palette"},
				"down": {"uv": [8.96, 0.96, 11.04, 3.04], "texture": "#voxels_palette"}
			}
		},
		{
			"name": "Voxels-FFFFFF",
			"from": [5.625, 6.375, 6.75],
			"to": [6, 6.5, 6.875],
			"faces": {
				"north": {"uv": [8.96, 0.96, 11.04, 3.04], "texture": "#voxels_palette"},
				"east": {"uv": [8.96, 0.96, 11.04, 3.04], "texture": "#voxels_palette"},
				"down": {"uv": [8.96, 0.96, 11.04, 3.04], "texture": "#voxels_palette"}
			}
		},
		{
			"name": "Voxels-808080",
			"from": [5.75, 5.875, 7.375],
			"to": [5.875, 6, 7.5],
			"faces": {
				"east": {"uv": [4.96, 0.96, 7.04, 3.04], "texture": "#voxels_palette"},
				"down": {"uv": [4.96, 0.96, 7.04, 3.04], "texture": "#voxels_palette"}
			}
		},
		{
			"name": "Voxels-FFFFFF",
			"from": [5.75, 6, 7.125],
			"to": [5.875, 6.25, 7.25],
			"faces": {
				"east": {"uv": [8.96, 0.96, 11.04, 3.04], "texture": "#voxels_palette"},
				"south": {"uv": [8.96, 0.96, 11.04, 3.04], "texture": "#voxels_palette"},
				"down": {"uv": [8.96, 0.96, 11.04, 3.04], "texture": "#voxels_palette"}
			}
		},
		{
			"name": "Voxels-FFFFFF",
			"from": [5.75, 6, 7.25],
			"to": [5.875, 6.125, 7.375],
			"faces": {
				"east": {"uv": [8.96, 0.96, 11.04, 3.04], "texture": "#voxels_palette"},
				"up": {"uv": [8.96, 0.96, 11.04, 3.04], "texture": "#voxels_palette"}
			}
		},
		{
			"name": "Voxels-FFFFFF",
			"from": [5.75, 6, 7.625],
			"to": [5.875, 6.125, 7.75],
			"faces": {
				"east": {"uv": [8.96, 0.96, 11.04, 3.04], "texture": "#voxels_palette"},
				"south": {"uv": [8.96, 0.96, 11.04, 3.04], "texture": "#voxels_palette"},
				"down": {"uv": [8.96, 0.96, 11.04, 3.04], "texture": "#voxels_palette"}
			}
		},
		{
			"name": "Voxels-E5E5E5",
			"from": [5.75, 6.125, 6.625],
			"to": [5.875, 6.375, 6.875],
			"faces": {
				"east": {"uv": [0.96, 4.96, 3.04, 7.04], "texture": "#voxels_palette"},
				"down": {"uv": [0.96, 4.96, 3.04, 7.04], "texture": "#voxels_palette"}
			}
		},
		{
			"name": "Voxels-E5E5E5",
			"from": [5.75, 6.125, 6.875],
			"to": [5.875, 6.25, 7],
			"faces": {
				"east": {"uv": [0.96, 4.96, 3.04, 7.04], "texture": "#voxels_palette"},
				"down": {"uv": [0.96, 4.96, 3.04, 7.04], "texture": "#voxels_palette"}
			}
		},
		{
			"name": "Voxels-FFFFFF",
			"from": [5.75, 6.125, 7.75],
			"to": [5.875, 6.25, 8],
			"faces": {
				"east": {"uv": [8.96, 0.96, 11.04, 3.04], "texture": "#voxels_palette"},
				"down": {"uv": [8.96, 0.96, 11.04, 3.04], "texture": "#voxels_palette"}
			}
		},
		{
			"name": "Voxels-808080",
			"from": [5.75, 6.125, 8],
			"to": [5.875, 6.25, 9],
			"faces": {
				"east": {"uv": [4.96, 0.96, 7.04, 3.04], "texture": "#voxels_palette"},
				"south": {"uv": [4.96, 0.96, 7.04, 3.04], "texture": "#voxels_palette"},
				"down": {"uv": [4.96, 0.96, 7.04, 3.04], "texture": "#voxels_palette"}
			}
		},
		{
			"name": "Voxels-FFFFFF",
			"from": [5.75, 6.25, 6.875],
			"to": [5.875, 6.375, 7],
			"faces": {
				"east": {"uv": [8.96, 0.96, 11.04, 3.04], "texture": "#voxels_palette"}
			}
		},
		{
			"name": "Voxels-FFFFFF",
			"from": [5.75, 6.25, 7.875],
			"to": [5.875, 6.375, 8],
			"faces": {
				"east": {"uv": [8.96, 0.96, 11.04, 3.04], "texture": "#voxels_palette"}
			}
		},
		{
			"name": "Voxels-FFFFFF",
			"from": [5.75, 6.375, 6.625],
			"to": [5.875, 6.5, 6.75],
			"faces": {
				"east": {"uv": [8.96, 0.96, 11.04, 3.04], "texture": "#voxels_palette"}
			}
		},
		{
			"name": "Voxels-FFFFFF",
			"from": [5.75, 6.375, 7],
			"to": [6.25, 6.5, 7.125],
			"faces": {
				"north": {"uv": [8.96, 0.96, 11.04, 3.04], "texture": "#voxels_palette"},
				"east": {"uv": [8.96, 0.96, 11.04, 3.04], "texture": "#voxels_palette"},
				"south": {"uv": [8.96, 0.96, 11.04, 3.04], "texture": "#voxels_palette"},
				"west": {"uv": [8.96, 0.96, 11.04, 3.04], "texture": "#voxels_palette"},
				"up": {"uv": [8.96, 0.96, 11.04, 3.04], "texture": "#voxels_palette"},
				"down": {"uv": [8.96, 0.96, 11.04, 3.04], "texture": "#voxels_palette"}
			}
		},
		{
			"name": "Voxels-FFFFFF",
			"from": [5.75, 6.75, 6.5],
			"to": [6.375, 6.875, 6.625],
			"faces": {
				"north": {"uv": [8.96, 0.96, 11.04, 3.04], "texture": "#texture"},
				"east": {"uv": [8.96, 0.96, 11.04, 3.04], "texture": "#texture"},
				"south": {"uv": [8.96, 0.96, 11.04, 3.04], "texture": "#texture"},
				"west": {"uv": [8.96, 0.96, 11.04, 3.04], "texture": "#texture"},
				"up": {"uv": [8.96, 0.96, 11.04, 3.04], "texture": "#texture"},
				"down": {"uv": [8.96, 0.96, 11.04, 3.04], "texture": "#texture"}
			}
		},
		{
			"name": "Voxels-808080",
			"from": [5.875, 6.125, 8.625],
			"to": [7.625, 6.625, 8.75],
			"faces": {
				"north": {"uv": [4.96, 0.96, 7.04, 3.04], "texture": "#voxels_palette"},
				"east": {"uv": [4.96, 0.96, 7.04, 3.04], "texture": "#voxels_palette"},
				"south": {"uv": [4.96, 0.96, 7.04, 3.04], "texture": "#voxels_palette"},
				"up": {"uv": [4.96, 0.96, 7.04, 3.04], "texture": "#voxels_palette"},
				"down": {"uv": [4.96, 0.96, 7.04, 3.04], "texture": "#voxels_palette"}
			}
		},
		{
			"name": "Voxels-808080",
			"from": [5.875, 6.125, 8.75],
			"to": [7.625, 6.25, 9],
			"faces": {
				"east": {"uv": [4.96, 0.96, 7.04, 3.04], "texture": "#voxels_palette"},
				"south": {"uv": [4.96, 0.96, 7.04, 3.04], "texture": "#voxels_palette"},
				"up": {"uv": [4.96, 0.96, 7.04, 3.04], "texture": "#voxels_palette"},
				"down": {"uv": [4.96, 0.96, 7.04, 3.04], "texture": "#voxels_palette"}
			}
		},
		{
			"name": "Voxels-FFFFFF",
			"from": [5.875, 6.25, 7.25],
			"to": [6.125, 6.375, 7.75],
			"faces": {
				"east": {"uv": [8.96, 0.96, 11.04, 3.04], "texture": "#voxels_palette"},
				"south": {"uv": [8.96, 0.96, 11.04, 3.04], "texture": "#voxels_palette"},
				"west": {"uv": [8.96, 0.96, 11.04, 3.04], "texture": "#voxels_palette"},
				"up": {"uv": [8.96, 0.96, 11.04, 3.04], "texture": "#voxels_palette"},
				"down": {"uv": [8.96, 0.96, 11.04, 3.04], "texture": "#voxels_palette"}
			}
		},
		{
			"name": "Voxels-808080",
			"from": [5.875, 6.25, 8.75],
			"to": [7, 6.625, 9],
			"faces": {
				"east": {"uv": [4.96, 0.96, 7.04, 3.04], "texture": "#voxels_palette"},
				"south": {"uv": [4.96, 0.96, 7.04, 3.04], "texture": "#voxels_palette"},
				"up": {"uv": [4.96, 0.96, 7.04, 3.04], "texture": "#voxels_palette"}
			}
		},
		{
			"name": "Voxels-FFFFFF",
			"from": [5.875, 6.375, 7.625],
			"to": [6.25, 6.5, 7.75],
			"faces": {
				"north": {"uv": [8.96, 0.96, 11.04, 3.04], "texture": "#voxels_palette"},
				"east": {"uv": [8.96, 0.96, 11.04, 3.04], "texture": "#voxels_palette"},
				"south": {"uv": [8.96, 0.96, 11.04, 3.04], "texture": "#voxels_palette"},
				"west": {"uv": [8.96, 0.96, 11.04, 3.04], "texture": "#voxels_palette"},
				"up": {"uv": [8.96, 0.96, 11.04, 3.04], "texture": "#voxels_palette"},
				"down": {"uv": [8.96, 0.96, 11.04, 3.04], "texture": "#voxels_palette"}
			}
		},
		{
			"name": "Voxels-FFFFFF",
			"from": [5.875, 6.5, 6.875],
			"to": [6.375, 6.625, 7],
			"faces": {
				"north": {"uv": [8.96, 0.96, 11.04, 3.04], "texture": "#voxels_palette"},
				"east": {"uv": [8.96, 0.96, 11.04, 3.04], "texture": "#voxels_palette"},
				"south": {"uv": [8.96, 0.96, 11.04, 3.04], "texture": "#voxels_palette"},
				"west": {"uv": [8.96, 0.96, 11.04, 3.04], "texture": "#voxels_palette"},
				"up": {"uv": [8.96, 0.96, 11.04, 3.04], "texture": "#voxels_palette"},
				"down": {"uv": [8.96, 0.96, 11.04, 3.04], "texture": "#voxels_palette"}
			}
		},
		{
			"name": "Voxels-FFFFFF",
			"from": [6, 6.375, 7.125],
			"to": [6.25, 6.5, 7.625],
			"faces": {
				"east": {"uv": [8.96, 0.96, 11.04, 3.04], "texture": "#voxels_palette"},
				"west": {"uv": [8.96, 0.96, 11.04, 3.04], "texture": "#voxels_palette"},
				"up": {"uv": [8.96, 0.96, 11.04, 3.04], "texture": "#voxels_palette"},
				"down": {"uv": [8.96, 0.96, 11.04, 3.04], "texture": "#voxels_palette"}
			}
		},
		{
			"name": "Voxels-FFFFFF",
			"from": [6, 6.5, 7],
			"to": [6.375, 6.625, 7.125],
			"faces": {
				"east": {"uv": [8.96, 0.96, 11.04, 3.04], "texture": "#voxels_palette"},
				"south": {"uv": [8.96, 0.96, 11.04, 3.04], "texture": "#voxels_palette"},
				"west": {"uv": [8.96, 0.96, 11.04, 3.04], "texture": "#voxels_palette"},
				"up": {"uv": [8.96, 0.96, 11.04, 3.04], "texture": "#voxels_palette"},
				"down": {"uv": [8.96, 0.96, 11.04, 3.04], "texture": "#voxels_palette"}
			}
		},
		{
			"name": "Voxels-FFFFFF",
			"from": [6, 6.5, 7.75],
			"to": [6.375, 6.625, 7.875],
			"faces": {
				"north": {"uv": [8.96, 0.96, 11.04, 3.04], "texture": "#voxels_palette"},
				"east": {"uv": [8.96, 0.96, 11.04, 3.04], "texture": "#voxels_palette"},
				"south": {"uv": [8.96, 0.96, 11.04, 3.04], "texture": "#voxels_palette"},
				"west": {"uv": [8.96, 0.96, 11.04, 3.04], "texture": "#voxels_palette"},
				"up": {"uv": [8.96, 0.96, 11.04, 3.04], "texture": "#voxels_palette"},
				"down": {"uv": [8.96, 0.96, 11.04, 3.04], "texture": "#voxels_palette"}
			}
		},
		{
			"name": "Voxels-FFFFFF",
			"from": [6, 6.625, 6.75],
			"to": [6.5, 6.75, 6.875],
			"faces": {
				"north": {"uv": [8.96, 0.96, 11.04, 3.04], "texture": "#texture"},
				"east": {"uv": [8.96, 0.96, 11.04, 3.04], "texture": "#texture"},
				"south": {"uv": [8.96, 0.96, 11.04, 3.04], "texture": "#texture"},
				"west": {"uv": [8.96, 0.96, 11.04, 3.04], "texture": "#texture"},
				"up": {"uv": [8.96, 0.96, 11.04, 3.04], "texture": "#texture"},
				"down": {"uv": [8.96, 0.96, 11.04, 3.04], "texture": "#texture"}
			}
		},
		{
			"name": "Voxels-FFFFFF",
			"from": [6, 6.625, 7.875],
			"to": [6.375, 6.75, 8],
			"faces": {
				"north": {"uv": [8.96, 0.96, 11.04, 3.04], "texture": "#texture"},
				"east": {"uv": [8.96, 0.96, 11.04, 3.04], "texture": "#texture"},
				"south": {"uv": [8.96, 0.96, 11.04, 3.04], "texture": "#texture"},
				"west": {"uv": [8.96, 0.96, 11.04, 3.04], "texture": "#texture"},
				"up": {"uv": [8.96, 0.96, 11.04, 3.04], "texture": "#texture"},
				"down": {"uv": [8.96, 0.96, 11.04, 3.04], "texture": "#texture"}
			}
		},
		{
			"name": "Voxels-FFFFFF",
			"from": [6, 6.75, 8],
			"to": [6.375, 6.875, 8.125],
			"faces": {
				"north": {"uv": [8.96, 0.96, 11.04, 3.04], "texture": "#texture"},
				"east": {"uv": [8.96, 0.96, 11.04, 3.04], "texture": "#texture"},
				"south": {"uv": [8.96, 0.96, 11.04, 3.04], "texture": "#texture"},
				"west": {"uv": [8.96, 0.96, 11.04, 3.04], "texture": "#texture"},
				"up": {"uv": [8.96, 0.96, 11.04, 3.04], "texture": "#texture"},
				"down": {"uv": [8.96, 0.96, 11.04, 3.04], "texture": "#texture"}
			}
		},
		{
			"name": "Voxels-FFFFFF",
			"from": [6, 6.875, 6.75],
			"to": [6.5, 7, 6.875],
			"faces": {
				"north": {"uv": [8.96, 0.96, 11.04, 3.04], "texture": "#texture"},
				"east": {"uv": [8.96, 0.96, 11.04, 3.04], "texture": "#texture"},
				"south": {"uv": [8.96, 0.96, 11.04, 3.04], "texture": "#texture"},
				"west": {"uv": [8.96, 0.96, 11.04, 3.04], "texture": "#texture"},
				"up": {"uv": [8.96, 0.96, 11.04, 3.04], "texture": "#texture"},
				"down": {"uv": [8.96, 0.96, 11.04, 3.04], "texture": "#texture"}
			}
		},
		{
			"name": "Voxels-FFFFFF",
			"from": [6, 6.875, 8.125],
			"to": [6.375, 7, 8.25],
			"faces": {
				"north": {"uv": [8.96, 0.96, 11.04, 3.04], "texture": "#texture"},
				"east": {"uv": [8.96, 0.96, 11.04, 3.04], "texture": "#texture"},
				"south": {"uv": [8.96, 0.96, 11.04, 3.04], "texture": "#texture"},
				"west": {"uv": [8.96, 0.96, 11.04, 3.04], "texture": "#texture"},
				"up": {"uv": [8.96, 0.96, 11.04, 3.04], "texture": "#texture"},
				"down": {"uv": [8.96, 0.96, 11.04, 3.04], "texture": "#texture"}
			}
		},
		{
			"name": "Voxels-FFFFFF",
			"from": [6.125, 6.5, 7.125],
			"to": [6.5, 6.625, 7.625],
			"faces": {
				"north": {"uv": [8.96, 0.96, 11.04, 3.04], "texture": "#voxels_palette"},
				"east": {"uv": [8.96, 0.96, 11.04, 3.04], "texture": "#voxels_palette"},
				"south": {"uv": [8.96, 0.96, 11.04, 3.04], "texture": "#voxels_palette"},
				"west": {"uv": [8.96, 0.96, 11.04, 3.04], "texture": "#voxels_palette"},
				"up": {"uv": [8.96, 0.96, 11.04, 3.04], "texture": "#voxels_palette"},
				"down": {"uv": [8.96, 0.96, 11.04, 3.04], "texture": "#voxels_palette"}
			}
		},
		{
			"name": "Voxels-FFFFFF",
			"from": [6.125, 6.5, 7.625],
			"to": [6.375, 6.625, 7.75],
			"faces": {
				"east": {"uv": [8.96, 0.96, 11.04, 3.04], "texture": "#voxels_palette"},
				"west": {"uv": [8.96, 0.96, 11.04, 3.04], "texture": "#voxels_palette"},
				"up": {"uv": [8.96, 0.96, 11.04, 3.04], "texture": "#voxels_palette"},
				"down": {"uv": [8.96, 0.96, 11.04, 3.04], "texture": "#voxels_palette"}
			}
		},
		{
			"name": "Voxels-FFFFFF",
			"from": [6.125, 6.625, 6.875],
			"to": [6.5, 6.75, 7],
			"faces": {
				"east": {"uv": [8.96, 0.96, 11.04, 3.04], "texture": "#voxels_palette"},
				"south": {"uv": [8.96, 0.96, 11.04, 3.04], "texture": "#voxels_palette"},
				"west": {"uv": [8.96, 0.96, 11.04, 3.04], "texture": "#voxels_palette"},
				"up": {"uv": [8.96, 0.96, 11.04, 3.04], "texture": "#voxels_palette"},
				"down": {"uv": [8.96, 0.96, 11.04, 3.04], "texture": "#voxels_palette"}
			}
		},
		{
			"name": "Voxels-FFFFFF",
			"from": [6.125, 6.625, 7.75],
			"to": [6.5, 6.75, 7.875],
			"faces": {
				"north": {"uv": [8.96, 0.96, 11.04, 3.04], "texture": "#texture"},
				"east": {"uv": [8.96, 0.96, 11.04, 3.04], "texture": "#texture"},
				"south": {"uv": [8.96, 0.96, 11.04, 3.04], "texture": "#texture"},
				"west": {"uv": [8.96, 0.96, 11.04, 3.04], "texture": "#texture"},
				"up": {"uv": [8.96, 0.96, 11.04, 3.04], "texture": "#texture"},
				"down": {"uv": [8.96, 0.96, 11.04, 3.04], "texture": "#texture"}
			}
		},
		{
			"name": "Voxels-FFFFFF",
			"from": [6.125, 6.75, 6.625],
			"to": [6.5, 6.875, 6.75],
			"faces": {
				"north": {"uv": [8.96, 0.96, 11.04, 3.04], "texture": "#texture"},
				"east": {"uv": [8.96, 0.96, 11.04, 3.04], "texture": "#texture"},
				"south": {"uv": [8.96, 0.96, 11.04, 3.04], "texture": "#texture"},
				"west": {"uv": [8.96, 0.96, 11.04, 3.04], "texture": "#texture"},
				"up": {"uv": [8.96, 0.96, 11.04, 3.04], "texture": "#texture"},
				"down": {"uv": [8.96, 0.96, 11.04, 3.04], "texture": "#texture"}
			}
		},
		{
			"name": "Voxels-FFFFFF",
			"from": [6.125, 6.875, 8],
			"to": [6.5, 7, 8.125],
			"faces": {
				"north": {"uv": [8.96, 0.96, 11.04, 3.04], "texture": "#texture"},
				"east": {"uv": [8.96, 0.96, 11.04, 3.04], "texture": "#texture"},
				"south": {"uv": [8.96, 0.96, 11.04, 3.04], "texture": "#texture"},
				"west": {"uv": [8.96, 0.96, 11.04, 3.04], "texture": "#texture"},
				"up": {"uv": [8.96, 0.96, 11.04, 3.04], "texture": "#texture"},
				"down": {"uv": [8.96, 0.96, 11.04, 3.04], "texture": "#texture"}
			}
		},
		{
			"name": "Voxels-FFFFFF",
			"from": [6.25, 6.625, 7],
			"to": [6.625, 6.75, 7.25],
			"faces": {
				"north": {"uv": [8.96, 0.96, 11.04, 3.04], "texture": "#texture"},
				"east": {"uv": [8.96, 0.96, 11.04, 3.04], "texture": "#texture"},
				"south": {"uv": [8.96, 0.96, 11.04, 3.04], "texture": "#texture"},
				"west": {"uv": [8.96, 0.96, 11.04, 3.04], "texture": "#texture"},
				"up": {"uv": [8.96, 0.96, 11.04, 3.04], "texture": "#texture"},
				"down": {"uv": [8.96, 0.96, 11.04, 3.04], "texture": "#texture"}
			}
		},
		{
			"name": "Voxels-FFFFFF",
			"from": [6.25, 6.625, 7.5],
			"to": [6.625, 6.75, 7.625],
			"faces": {
				"north": {"uv": [8.96, 0.96, 11.04, 3.04], "texture": "#texture"},
				"east": {"uv": [8.96, 0.96, 11.04, 3.04], "texture": "#texture"},
				"south": {"uv": [8.96, 0.96, 11.04, 3.04], "texture": "#texture"},
				"west": {"uv": [8.96, 0.96, 11.04, 3.04], "texture": "#texture"},
				"up": {"uv": [8.96, 0.96, 11.04, 3.04], "texture": "#texture"},
				"down": {"uv": [8.96, 0.96, 11.04, 3.04], "texture": "#texture"}
			}
		},
		{
			"name": "Voxels-FFFFFF",
			"from": [6.25, 6.625, 7.625],
			"to": [6.5, 6.75, 7.75],
			"faces": {
				"east": {"uv": [8.96, 0.96, 11.04, 3.04], "texture": "#texture"},
				"west": {"uv": [8.96, 0.96, 11.04, 3.04], "texture": "#texture"},
				"up": {"uv": [8.96, 0.96, 11.04, 3.04], "texture": "#texture"},
				"down": {"uv": [8.96, 0.96, 11.04, 3.04], "texture": "#texture"}
			}
		},
		{
			"name": "Voxels-FFFFFF",
			"from": [6.25, 6.75, 6.75],
			"to": [6.625, 6.875, 6.875],
			"faces": {
				"north": {"uv": [8.96, 0.96, 11.04, 3.04], "texture": "#texture"},
				"east": {"uv": [8.96, 0.96, 11.04, 3.04], "texture": "#texture"},
				"south": {"uv": [8.96, 0.96, 11.04, 3.04], "texture": "#texture"},
				"west": {"uv": [8.96, 0.96, 11.04, 3.04], "texture": "#texture"},
				"up": {"uv": [8.96, 0.96, 11.04, 3.04], "texture": "#texture"},
				"down": {"uv": [8.96, 0.96, 11.04, 3.04], "texture": "#texture"}
			}
		},
		{
			"name": "Voxels-FFFFFF",
			"from": [6.25, 6.75, 7.875],
			"to": [6.5, 7, 8],
			"faces": {
				"north": {"uv": [8.96, 0.96, 11.04, 3.04], "texture": "#texture"},
				"east": {"uv": [8.96, 0.96, 11.04, 3.04], "texture": "#texture"},
				"south": {"uv": [8.96, 0.96, 11.04, 3.04], "texture": "#texture"},
				"west": {"uv": [8.96, 0.96, 11.04, 3.04], "texture": "#texture"},
				"down": {"uv": [8.96, 0.96, 11.04, 3.04], "texture": "#texture"}
			}
		},
		{
			"name": "Voxels-FFFFFF",
			"from": [6.25, 6.875, 6.875],
			"to": [6.5, 7, 7.125],
			"faces": {
				"east": {"uv": [8.96, 0.96, 11.04, 3.04], "texture": "#texture"},
				"south": {"uv": [8.96, 0.96, 11.04, 3.04], "texture": "#texture"},
				"west": {"uv": [8.96, 0.96, 11.04, 3.04], "texture": "#texture"},
				"up": {"uv": [8.96, 0.96, 11.04, 3.04], "texture": "#texture"},
				"down": {"uv": [8.96, 0.96, 11.04, 3.04], "texture": "#texture"}
			}
		},
		{
			"name": "Voxels-FFFFFF",
			"from": [6.375, 6.625, 7.25],
			"to": [6.625, 6.75, 7.5],
			"faces": {
				"east": {"uv": [8.96, 0.96, 11.04, 3.04], "texture": "#texture"},
				"west": {"uv": [8.96, 0.96, 11.04, 3.04], "texture": "#texture"},
				"up": {"uv": [8.96, 0.96, 11.04, 3.04], "texture": "#texture"},
				"down": {"uv": [8.96, 0.96, 11.04, 3.04], "texture": "#texture"}
			}
		},
		{
			"name": "Voxels-FFFFFF",
			"from": [6.375, 6.75, 6.875],
			"to": [6.625, 6.875, 7.125],
			"faces": {
				"east": {"uv": [8.96, 0.96, 11.04, 3.04], "texture": "#texture"},
				"south": {"uv": [8.96, 0.96, 11.04, 3.04], "texture": "#texture"},
				"west": {"uv": [8.96, 0.96, 11.04, 3.04], "texture": "#texture"},
				"up": {"uv": [8.96, 0.96, 11.04, 3.04], "texture": "#texture"},
				"down": {"uv": [8.96, 0.96, 11.04, 3.04], "texture": "#texture"}
			}
		},
		{
			"name": "Voxels-FFFFFF",
			"from": [6.375, 6.75, 7.625],
			"to": [6.625, 7, 7.875],
			"faces": {
				"north": {"uv": [8.96, 0.96, 11.04, 3.04], "texture": "#texture"},
				"east": {"uv": [8.96, 0.96, 11.04, 3.04], "texture": "#texture"},
				"south": {"uv": [8.96, 0.96, 11.04, 3.04], "texture": "#texture"},
				"west": {"uv": [8.96, 0.96, 11.04, 3.04], "texture": "#texture"},
				"up": {"uv": [8.96, 0.96, 11.04, 3.04], "texture": "#texture"},
				"down": {"uv": [8.96, 0.96, 11.04, 3.04], "texture": "#texture"}
			}
		},
		{
			"name": "Voxels-FFFFFF",
			"from": [6.375, 6.875, 7.125],
			"to": [6.625, 7, 7.375],
			"faces": {
				"east": {"uv": [8.96, 0.96, 11.04, 3.04], "texture": "#texture"},
				"south": {"uv": [8.96, 0.96, 11.04, 3.04], "texture": "#texture"},
				"west": {"uv": [8.96, 0.96, 11.04, 3.04], "texture": "#texture"},
				"up": {"uv": [8.96, 0.96, 11.04, 3.04], "texture": "#texture"},
				"down": {"uv": [8.96, 0.96, 11.04, 3.04], "texture": "#texture"}
			}
		},
		{
			"name": "Voxels-FFFFFF",
			"from": [6.375, 6.875, 7.5],
			"to": [6.75, 7, 7.625],
			"faces": {
				"north": {"uv": [8.96, 0.96, 11.04, 3.04], "texture": "#texture"},
				"east": {"uv": [8.96, 0.96, 11.04, 3.04], "texture": "#texture"},
				"south": {"uv": [8.96, 0.96, 11.04, 3.04], "texture": "#texture"},
				"west": {"uv": [8.96, 0.96, 11.04, 3.04], "texture": "#texture"},
				"up": {"uv": [8.96, 0.96, 11.04, 3.04], "texture": "#texture"},
				"down": {"uv": [8.96, 0.96, 11.04, 3.04], "texture": "#texture"}
			}
		},
		{
			"name": "Voxels-FFFFFF",
			"from": [6.375, 7, 7],
			"to": [6.5, 7.125, 7.25],
			"faces": {
				"north": {"uv": [8.96, 0.96, 11.04, 3.04], "texture": "#texture"},
				"east": {"uv": [8.96, 0.96, 11.04, 3.04], "texture": "#texture"},
				"up": {"uv": [8.96, 0.96, 11.04, 3.04], "texture": "#texture"}
			}
		},
		{
			"name": "Voxels-FFFFFF",
			"from": [6.5, 6.75, 7.125],
			"to": [6.75, 6.875, 7.625],
			"faces": {
				"north": {"uv": [8.96, 0.96, 11.04, 3.04], "texture": "#texture"},
				"east": {"uv": [8.96, 0.96, 11.04, 3.04], "texture": "#texture"},
				"south": {"uv": [8.96, 0.96, 11.04, 3.04], "texture": "#texture"},
				"west": {"uv": [8.96, 0.96, 11.04, 3.04], "texture": "#texture"},
				"up": {"uv": [8.96, 0.96, 11.04, 3.04], "texture": "#texture"},
				"down": {"uv": [8.96, 0.96, 11.04, 3.04], "texture": "#texture"}
			}
		},
		{
			"name": "Voxels-FFFFFF",
			"from": [6.5, 6.875, 7],
			"to": [6.625, 7, 7.125],
			"faces": {
				"north": {"uv": [8.96, 0.96, 11.04, 3.04], "texture": "#texture"},
				"east": {"uv": [8.96, 0.96, 11.04, 3.04], "texture": "#texture"},
				"up": {"uv": [8.96, 0.96, 11.04, 3.04], "texture": "#texture"}
			}
		},
		{
			"name": "Voxels-FFFFFF",
			"from": [6.5, 6.875, 7.375],
			"to": [6.75, 7, 7.5],
			"faces": {
				"east": {"uv": [8.96, 0.96, 11.04, 3.04], "texture": "#texture"},
				"west": {"uv": [8.96, 0.96, 11.04, 3.04], "texture": "#texture"},
				"up": {"uv": [8.96, 0.96, 11.04, 3.04], "texture": "#texture"}
			}
		},
		{
			"name": "Voxels-FFFFFF",
			"from": [6.5, 6.875, 7.875],
			"to": [6.625, 7, 8],
			"faces": {
				"east": {"uv": [8.96, 0.96, 11.04, 3.04], "texture": "#texture"},
				"south": {"uv": [8.96, 0.96, 11.04, 3.04], "texture": "#texture"},
				"up": {"uv": [8.96, 0.96, 11.04, 3.04], "texture": "#texture"},
				"down": {"uv": [8.96, 0.96, 11.04, 3.04], "texture": "#texture"}
			}
		},
		{
			"name": "Voxels-FFFFFF",
			"from": [6.625, 6.875, 7.25],
			"to": [6.75, 7, 7.375],
			"faces": {
				"north": {"uv": [8.96, 0.96, 11.04, 3.04], "texture": "#texture"},
				"east": {"uv": [8.96, 0.96, 11.04, 3.04], "texture": "#texture"},
				"up": {"uv": [8.96, 0.96, 11.04, 3.04], "texture": "#texture"}
			}
		},
		{
			"name": "Voxels-808080",
			"from": [7, 6.25, 8.875],
			"to": [7.625, 6.625, 9],
			"faces": {
				"north": {"uv": [4.96, 0.96, 7.04, 3.04], "texture": "#voxels_palette"},
				"east": {"uv": [4.96, 0.96, 7.04, 3.04], "texture": "#voxels_palette"},
				"south": {"uv": [4.96, 0.96, 7.04, 3.04], "texture": "#voxels_palette"},
				"up": {"uv": [4.96, 0.96, 7.04, 3.04], "texture": "#voxels_palette"}
			}
		},
		{
			"name": "Voxels-808080",
			"from": [7, 6.5, 8.75],
			"to": [7.625, 6.625, 8.875],
			"faces": {
				"east": {"uv": [4.96, 0.96, 7.04, 3.04], "texture": "#voxels_palette"},
				"up": {"uv": [4.96, 0.96, 7.04, 3.04], "texture": "#voxels_palette"},
				"down": {"uv": [4.96, 0.96, 7.04, 3.04], "texture": "#voxels_palette"}
			}
		},
		{
			"name": "Voxels-808080",
			"from": [7.25, 6.125, 6.125],
			"to": [7.625, 6.625, 8.625],
			"faces": {
				"east": {"uv": [4.96, 0.96, 7.04, 3.04], "texture": "#voxels_palette"},
				"west": {"uv": [4.96, 0.96, 7.04, 3.04], "texture": "#voxels_palette"},
				"up": {"uv": [4.96, 0.96, 7.04, 3.04], "texture": "#voxels_palette"},
				"down": {"uv": [4.96, 0.96, 7.04, 3.04], "texture": "#voxels_palette"}
			}
		},
		{
			"name": "Voxels-808080",
			"from": [7.25, 6.25, 8.75],
			"to": [7.625, 6.5, 8.875],
			"faces": {
				"east": {"uv": [4.96, 0.96, 7.04, 3.04], "texture": "#voxels_palette"},
				"west": {"uv": [4.96, 0.96, 7.04, 3.04], "texture": "#voxels_palette"}
			}
		},
		{
			"name": "Voxels",
			"from": [4.75, 6.625, 7],
			"to": [4.875, 6.75, 7.125],
			"faces": {
				"north": {"uv": [8, 4, 6, 6], "texture": "#texture"},
				"east": {"uv": [14, 6, 12, 8], "texture": "#texture"},
				"west": {"uv": [6, 0, 8, 2], "texture": "#texture"},
				"down": {"uv": [14, 8, 16, 10], "texture": "#texture"}
			}
		},
		{
			"name": "Voxels",
			"from": [4.875, 6.625, 6.75],
			"to": [5.125, 6.75, 6.875],
			"faces": {
				"north": {"uv": [14, 12, 10, 14], "texture": "#texture"},
				"east": {"uv": [16, 14, 14, 16], "texture": "#texture"},
				"west": {"uv": [14, 6, 16, 8], "texture": "#texture"},
				"down": {"uv": [2, 12, 6, 14], "texture": "#texture"}
			}
		},
		{
			"name": "Voxels",
			"from": [5.125, 6.625, 8],
			"to": [5.25, 6.75, 8.125],
			"faces": {
				"east": {"uv": [14, 10, 12, 12], "texture": "#texture"},
				"south": {"uv": [10, 10, 12, 12], "texture": "#texture"},
				"west": {"uv": [4, 2, 6, 4], "texture": "#texture"}
			}
		},
		{
			"name": "Voxels",
			"from": [5.125, 6.75, 8.125],
			"to": [5.25, 6.875, 8.25],
			"faces": {
				"east": {"uv": [8, 8, 6, 10], "texture": "#texture"},
				"south": {"uv": [12, 8, 14, 10], "texture": "#texture"},
				"west": {"uv": [4, 0, 6, 2], "texture": "#texture"},
				"down": {"uv": [14, 10, 16, 12], "texture": "#texture"}
			}
		},
		{
			"name": "Voxels",
			"from": [5.75, 6, 7],
			"to": [5.875, 6.25, 7.125],
			"faces": {
				"north": {"uv": [2, 0, 0, 4], "texture": "#voxels_palette"},
				"east": {"uv": [6, 6, 4, 10], "texture": "#voxels_palette"},
				"down": {"uv": [8, 8, 10, 10], "texture": "#voxels_palette"}
			}
		},
		{
			"name": "Voxels",
			"from": [5.875, 6.125, 7.125],
			"to": [6, 6.25, 7.5],
			"faces": {
				"north": {"uv": [10, 6, 8, 8], "texture": "#voxels_palette"},
				"east": {"uv": [14, 14, 8, 16], "texture": "#voxels_palette"},
				"west": {"uv": [2, 14, 8, 16], "texture": "#voxels_palette"},
				"down": {"uv": [0, 10, 2, 16], "texture": "#voxels_palette"}
			}
		},
		{
			"name": "Voxels",
			"from": [6.125, 6.625, 8],
			"to": [6.25, 6.75, 8.125],
			"faces": {
				"east": {"uv": [16, 4, 14, 6], "texture": "#texture"},
				"south": {"uv": [10, 4, 12, 6], "texture": "#texture"},
				"west": {"uv": [12, 4, 14, 6], "texture": "#texture"},
				"down": {"uv": [8, 4, 10, 6], "texture": "#texture"}
			}
		},
		{
			"name": "Voxels",
			"from": [6, 6.75, 8.125],
			"to": [6.125, 6.875, 8.25],
			"faces": {
				"east": {"uv": [8, 4, 4, 8], "texture": "#texture"},
				"west": {"uv": [0, 4, 4, 8], "texture": "#texture"}
			}
		}
	],
	"display": {
		"thirdperson_righthand": {
			"rotation": [0, -92, 0],
			"translation": [0, 0.9, 1.3913],
			"scale": [0.5, 0.5, 0.5]
		},
		"thirdperson_lefthand": {
			"rotation": [0, 92, 0],
			"translation": [0, 0.9, 1.3913],
			"scale": [0.5, 0.5, 0.5]
		},
		"firstperson_righthand": {
			"rotation": [-20, -90, -45],
			"translation": [-2, 6, 4]
		},
		"firstperson_lefthand": {
			"rotation": [-20, 90, 45],
			"translation": [-1, 6, 4]
		},
		"ground": {
			"scale": [3, 3, 3]
		},
		"gui": {
			"rotation": [23, 70, 25],
			"translation": [2.0869, 5, 0],
			"scale": [3, 3, 3]
		},
		"fixed": {
			"rotation": [-16, -90, 33],
			"translation": [0, 6.9565, -0.695],
			"scale": [3, 3, 3]
		}
	}
}