{
	"credit": "Made with Blockbench",
	"textures": {
		"0": "blocks/hay_block_top",
		"1": "blocks/debug",
		"2": "blocks/bone_block_side",
		"particle": "blocks/hay_block_top"
	},
	"elements": [
		{
			"from": [4, 1, 12],
			"to": [11, 2, 13],
			"faces": {
				"north": {"uv": [4.9999, 6.99986, 11.99977, 8.49947], "texture": "#0"},
				"east": {"uv": [0, 0, 0.99926, 1.49961], "texture": "#0"},
				"south": {"uv": [4.9999, 6.99986, 11.99977, 8.49947], "texture": "#0"},
				"west": {"uv": [0, 0, 0.99926, 1.49961], "texture": "#0"},
				"up": {"uv": [4.9999, 6.99986, 11.99977, 8.49947], "texture": "#0"},
				"down": {"uv": [4.9999, 6.99986, 11.99977, 8.49947], "texture": "#0"}
			}
		},
		{
			"from": [11, 1, 5],
			"to": [12, 2, 12],
			"rotation": {"angle": 0, "axis": "y", "origin": [15, 8, 8]},
			"faces": {
				"north": {"uv": [0, 0, 0.99926, 1.49961], "texture": "#0"},
				"east": {"uv": [4.9999, 6.99986, 11.99977, 8.49947], "texture": "#0"},
				"south": {"uv": [0, 0, 0.99926, 1.49961], "texture": "#0"},
				"west": {"uv": [4.9999, 6.99986, 11.99977, 8.49947], "texture": "#0"},
				"up": {"uv": [4.99918, 6.99914, 6.49879, 11.49869], "texture": "#0"},
				"down": {"uv": [4.99918, 6.99914, 6.49879, 11.49869], "texture": "#0"}
			}
		},
		{
			"from": [3, 1, 5],
			"to": [4, 2, 12],
			"rotation": {"angle": 0, "axis": "y", "origin": [7, 8, 8]},
			"faces": {
				"north": {"uv": [0, 0, 0.99926, 1.49961], "texture": "#0"},
				"east": {"uv": [4.9999, 6.99986, 11.99977, 8.49947], "texture": "#0"},
				"south": {"uv": [0, 0, 0.99926, 1.49961], "texture": "#0"},
				"west": {"uv": [4.9999, 6.99986, 11.99977, 8.49947], "texture": "#0"},
				"up": {"uv": [4.99918, 6.99914, 6.49879, 11.49869], "texture": "#0"},
				"down": {"uv": [4.99918, 6.99914, 6.49879, 11.49869], "texture": "#0"}
			}
		},
		{
			"from": [4, 1, 4],
			"to": [11, 2, 5],
			"faces": {
				"north": {"uv": [4.9999, 6.99986, 11.99977, 8.49947], "texture": "#0"},
				"east": {"uv": [0, 0, 0.99926, 1.49961], "texture": "#0"},
				"south": {"uv": [4.9999, 6.99986, 11.99977, 8.49947], "texture": "#0"},
				"west": {"uv": [0, 0, 0.99926, 1.49961], "texture": "#0"},
				"up": {"uv": [4.9999, 6.99986, 11.99977, 8.49947], "texture": "#0"},
				"down": {"uv": [4.9999, 6.99986, 11.99977, 8.49947], "texture": "#0"}
			}
		},
		{
			"from": [11.6, 0.2, 5.5],
			"to": [11.7, 1, 5.6],
			"rotation": {"angle": 0, "axis": "y", "origin": [8, 8, 9.1]},
			"faces": {
				"north": {"uv": [4.99845, 7.49949, 6.49661, 8.49802], "texture": "#2"},
				"east": {"uv": [4.99845, 7.49949, 6.49661, 8.49802], "texture": "#2"},
				"south": {"uv": [4.99845, 7.49949, 6.49661, 8.49802], "texture": "#2"},
				"west": {"uv": [4.99845, 7.49949, 6.49661, 8.49802], "texture": "#2"}
			}
		},
		{
			"from": [3.3, 0.2, 5.5],
			"to": [3.4, 1, 5.6],
			"rotation": {"angle": 0, "axis": "y", "origin": [8, 8, 9.1]},
			"faces": {
				"north": {"uv": [4.99845, 7.49949, 6.49661, 8.49802], "texture": "#2"},
				"east": {"uv": [4.99845, 7.49949, 6.49661, 8.49802], "texture": "#2"},
				"south": {"uv": [4.99845, 7.49949, 6.49661, 8.49802], "texture": "#2"},
				"west": {"uv": [4.99845, 7.49949, 6.49661, 8.49802], "texture": "#2"}
			}
		},
		{
			"from": [11.6, 0.2, 6.5],
			"to": [11.7, 1, 6.6],
			"rotation": {"angle": 0, "axis": "y", "origin": [8, 8, 9.1]},
			"faces": {
				"north": {"uv": [4.99845, 7.49949, 6.49661, 8.49802], "texture": "#2"},
				"east": {"uv": [4.99845, 7.49949, 6.49661, 8.49802], "texture": "#2"},
				"south": {"uv": [4.99845, 7.49949, 6.49661, 8.49802], "texture": "#2"},
				"west": {"uv": [4.99845, 7.49949, 6.49661, 8.49802], "texture": "#2"}
			}
		},
		{
			"from": [3.3, 0.2, 6.5],
			"to": [3.4, 1, 6.6],
			"rotation": {"angle": 0, "axis": "y", "origin": [8, 8, 9.1]},
			"faces": {
				"north": {"uv": [4.99845, 7.49949, 6.49661, 8.49802], "texture": "#2"},
				"east": {"uv": [4.99845, 7.49949, 6.49661, 8.49802], "texture": "#2"},
				"south": {"uv": [4.99845, 7.49949, 6.49661, 8.49802], "texture": "#2"},
				"west": {"uv": [4.99845, 7.49949, 6.49661, 8.49802], "texture": "#2"}
			}
		},
		{
			"from": [11.6, 0.2, 7.5],
			"to": [11.7, 1, 7.6],
			"rotation": {"angle": 0, "axis": "y", "origin": [8, 8, 9.1]},
			"faces": {
				"north": {"uv": [4.99845, 7.49949, 6.49661, 8.49802], "texture": "#2"},
				"east": {"uv": [4.99845, 7.49949, 6.49661, 8.49802], "texture": "#2"},
				"south": {"uv": [4.99845, 7.49949, 6.49661, 8.49802], "texture": "#2"},
				"west": {"uv": [4.99845, 7.49949, 6.49661, 8.49802], "texture": "#2"}
			}
		},
		{
			"from": [3.3, 0.2, 7.5],
			"to": [3.4, 1, 7.6],
			"rotation": {"angle": 0, "axis": "y", "origin": [8, 8, 9.1]},
			"faces": {
				"north": {"uv": [4.99845, 7.49949, 6.49661, 8.49802], "texture": "#2"},
				"east": {"uv": [4.99845, 7.49949, 6.49661, 8.49802], "texture": "#2"},
				"south": {"uv": [4.99845, 7.49949, 6.49661, 8.49802], "texture": "#2"},
				"west": {"uv": [4.99845, 7.49949, 6.49661, 8.49802], "texture": "#2"}
			}
		},
		{
			"from": [11.6, 0.2, 8.5],
			"to": [11.7, 1, 8.6],
			"rotation": {"angle": 0, "axis": "y", "origin": [8, 8, 9.1]},
			"faces": {
				"north": {"uv": [4.99845, 7.49949, 6.49661, 8.49802], "texture": "#2"},
				"east": {"uv": [4.99845, 7.49949, 6.49661, 8.49802], "texture": "#2"},
				"south": {"uv": [4.99845, 7.49949, 6.49661, 8.49802], "texture": "#2"},
				"west": {"uv": [4.99845, 7.49949, 6.49661, 8.49802], "texture": "#2"}
			}
		},
		{
			"from": [3.3, 0.2, 8.5],
			"to": [3.4, 1, 8.6],
			"rotation": {"angle": 0, "axis": "y", "origin": [8, 8, 9.1]},
			"faces": {
				"north": {"uv": [4.99845, 7.49949, 6.49661, 8.49802], "texture": "#2"},
				"east": {"uv": [4.99845, 7.49949, 6.49661, 8.49802], "texture": "#2"},
				"south": {"uv": [4.99845, 7.49949, 6.49661, 8.49802], "texture": "#2"},
				"west": {"uv": [4.99845, 7.49949, 6.49661, 8.49802], "texture": "#2"}
			}
		},
		{
			"from": [11.6, 0.2, 9.5],
			"to": [11.7, 1, 9.6],
			"rotation": {"angle": 0, "axis": "y", "origin": [8, 8, 9.1]},
			"faces": {
				"north": {"uv": [4.99845, 7.49949, 6.49661, 8.49802], "texture": "#2"},
				"east": {"uv": [4.99845, 7.49949, 6.49661, 8.49802], "texture": "#2"},
				"south": {"uv": [4.99845, 7.49949, 6.49661, 8.49802], "texture": "#2"},
				"west": {"uv": [4.99845, 7.49949, 6.49661, 8.49802], "texture": "#2"}
			}
		},
		{
			"from": [3.3, 0.2, 9.5],
			"to": [3.4, 1, 9.6],
			"rotation": {"angle": 0, "axis": "y", "origin": [8, 8, 9.1]},
			"faces": {
				"north": {"uv": [4.99845, 7.49949, 6.49661, 8.49802], "texture": "#2"},
				"east": {"uv": [4.99845, 7.49949, 6.49661, 8.49802], "texture": "#2"},
				"south": {"uv": [4.99845, 7.49949, 6.49661, 8.49802], "texture": "#2"},
				"west": {"uv": [4.99845, 7.49949, 6.49661, 8.49802], "texture": "#2"}
			}
		},
		{
			"from": [4.4, 0.2, 4.3],
			"to": [4.5, 1, 4.4],
			"faces": {
				"north": {"uv": [4.99845, 7.49949, 6.49661, 8.49802], "texture": "#2"},
				"east": {"uv": [4.99845, 7.49949, 6.49661, 8.49802], "texture": "#2"},
				"south": {"uv": [4.99845, 7.49949, 6.49661, 8.49802], "texture": "#2"},
				"west": {"uv": [4.99845, 7.49949, 6.49661, 8.49802], "texture": "#2"}
			}
		},
		{
			"from": [4.4, 0.2, 12.6],
			"to": [4.5, 1, 12.7],
			"faces": {
				"north": {"uv": [4.99845, 7.49949, 6.49661, 8.49802], "texture": "#2"},
				"east": {"uv": [4.99845, 7.49949, 6.49661, 8.49802], "texture": "#2"},
				"south": {"uv": [4.99845, 7.49949, 6.49661, 8.49802], "texture": "#2"},
				"west": {"uv": [4.99845, 7.49949, 6.49661, 8.49802], "texture": "#2"}
			}
		},
		{
			"from": [5.4, 0.2, 4.3],
			"to": [5.5, 1, 4.4],
			"faces": {
				"north": {"uv": [4.99845, 7.49949, 6.49661, 8.49802], "texture": "#2"},
				"east": {"uv": [4.99845, 7.49949, 6.49661, 8.49802], "texture": "#2"},
				"south": {"uv": [4.99845, 7.49949, 6.49661, 8.49802], "texture": "#2"},
				"west": {"uv": [4.99845, 7.49949, 6.49661, 8.49802], "texture": "#2"}
			}
		},
		{
			"from": [5.4, 0.2, 12.6],
			"to": [5.5, 1, 12.7],
			"faces": {
				"north": {"uv": [4.99845, 7.49949, 6.49661, 8.49802], "texture": "#2"},
				"east": {"uv": [4.99845, 7.49949, 6.49661, 8.49802], "texture": "#2"},
				"south": {"uv": [4.99845, 7.49949, 6.49661, 8.49802], "texture": "#2"},
				"west": {"uv": [4.99845, 7.49949, 6.49661, 8.49802], "texture": "#2"}
			}
		},
		{
			"from": [6.4, 0.2, 4.3],
			"to": [6.5, 1, 4.4],
			"faces": {
				"north": {"uv": [4.99845, 7.49949, 6.49661, 8.49802], "texture": "#2"},
				"east": {"uv": [4.99845, 7.49949, 6.49661, 8.49802], "texture": "#2"},
				"south": {"uv": [4.99845, 7.49949, 6.49661, 8.49802], "texture": "#2"},
				"west": {"uv": [4.99845, 7.49949, 6.49661, 8.49802], "texture": "#2"}
			}
		},
		{
			"from": [6.4, 0.2, 12.6],
			"to": [6.5, 1, 12.7],
			"faces": {
				"north": {"uv": [4.99845, 7.49949, 6.49661, 8.49802], "texture": "#2"},
				"east": {"uv": [4.99845, 7.49949, 6.49661, 8.49802], "texture": "#2"},
				"south": {"uv": [4.99845, 7.49949, 6.49661, 8.49802], "texture": "#2"},
				"west": {"uv": [4.99845, 7.49949, 6.49661, 8.49802], "texture": "#2"}
			}
		},
		{
			"from": [7.4, 0.2, 4.3],
			"to": [7.5, 1, 4.4],
			"faces": {
				"north": {"uv": [4.99845, 7.49949, 6.49661, 8.49802], "texture": "#2"},
				"east": {"uv": [4.99845, 7.49949, 6.49661, 8.49802], "texture": "#2"},
				"south": {"uv": [4.99845, 7.49949, 6.49661, 8.49802], "texture": "#2"},
				"west": {"uv": [4.99845, 7.49949, 6.49661, 8.49802], "texture": "#2"}
			}
		},
		{
			"from": [7.4, 0.2, 12.6],
			"to": [7.5, 1, 12.7],
			"faces": {
				"north": {"uv": [4.99845, 7.49949, 6.49661, 8.49802], "texture": "#2"},
				"east": {"uv": [4.99845, 7.49949, 6.49661, 8.49802], "texture": "#2"},
				"south": {"uv": [4.99845, 7.49949, 6.49661, 8.49802], "texture": "#2"},
				"west": {"uv": [4.99845, 7.49949, 6.49661, 8.49802], "texture": "#2"}
			}
		},
		{
			"from": [8.4, 0.2, 12.6],
			"to": [8.5, 1, 12.7],
			"faces": {
				"north": {"uv": [4.99845, 7.49949, 6.49661, 8.49802], "texture": "#2"},
				"east": {"uv": [4.99845, 7.49949, 6.49661, 8.49802], "texture": "#2"},
				"south": {"uv": [4.99845, 7.49949, 6.49661, 8.49802], "texture": "#2"},
				"west": {"uv": [4.99845, 7.49949, 6.49661, 8.49802], "texture": "#2"}
			}
		},
		{
			"from": [8.4, 0.2, 4.3],
			"to": [8.5, 1, 4.4],
			"faces": {
				"north": {"uv": [4.99845, 7.49949, 6.49661, 8.49802], "texture": "#2"},
				"east": {"uv": [4.99845, 7.49949, 6.49661, 8.49802], "texture": "#2"},
				"south": {"uv": [4.99845, 7.49949, 6.49661, 8.49802], "texture": "#2"},
				"west": {"uv": [4.99845, 7.49949, 6.49661, 8.49802], "texture": "#2"}
			}
		},
		{
			"from": [9.4, 0.2, 4.3],
			"to": [9.5, 1, 4.4],
			"faces": {
				"north": {"uv": [4.99845, 7.49949, 6.49661, 8.49802], "texture": "#2"},
				"east": {"uv": [4.99845, 7.49949, 6.49661, 8.49802], "texture": "#2"},
				"south": {"uv": [4.99845, 7.49949, 6.49661, 8.49802], "texture": "#2"},
				"west": {"uv": [4.99845, 7.49949, 6.49661, 8.49802], "texture": "#2"}
			}
		},
		{
			"from": [11.6, 0.2, 10.5],
			"to": [11.7, 1, 10.6],
			"rotation": {"angle": 0, "axis": "y", "origin": [8, 8, 9.1]},
			"faces": {
				"north": {"uv": [4.99845, 7.49949, 6.49661, 8.49802], "texture": "#2"},
				"east": {"uv": [4.99845, 7.49949, 6.49661, 8.49802], "texture": "#2"},
				"south": {"uv": [4.99845, 7.49949, 6.49661, 8.49802], "texture": "#2"},
				"west": {"uv": [4.99845, 7.49949, 6.49661, 8.49802], "texture": "#2"}
			}
		},
		{
			"from": [9.4, 0.2, 12.6],
			"to": [9.5, 1, 12.7],
			"faces": {
				"north": {"uv": [4.99845, 7.49949, 6.49661, 8.49802], "texture": "#2"},
				"east": {"uv": [4.99845, 7.49949, 6.49661, 8.49802], "texture": "#2"},
				"south": {"uv": [4.99845, 7.49949, 6.49661, 8.49802], "texture": "#2"},
				"west": {"uv": [4.99845, 7.49949, 6.49661, 8.49802], "texture": "#2"}
			}
		},
		{
			"from": [3.3, 0.2, 10.5],
			"to": [3.4, 1, 10.6],
			"rotation": {"angle": 0, "axis": "y", "origin": [8, 8, 9.1]},
			"faces": {
				"north": {"uv": [4.99845, 7.49949, 6.49661, 8.49802], "texture": "#2"},
				"east": {"uv": [4.99845, 7.49949, 6.49661, 8.49802], "texture": "#2"},
				"south": {"uv": [4.99845, 7.49949, 6.49661, 8.49802], "texture": "#2"},
				"west": {"uv": [4.99845, 7.49949, 6.49661, 8.49802], "texture": "#2"}
			}
		},
		{
			"from": [10.4, 0.2, 12.6],
			"to": [10.5, 1, 12.7],
			"faces": {
				"north": {"uv": [4.99845, 7.49949, 6.49661, 8.49802], "texture": "#2"},
				"east": {"uv": [4.99845, 7.49949, 6.49661, 8.49802], "texture": "#2"},
				"south": {"uv": [4.99845, 7.49949, 6.49661, 8.49802], "texture": "#2"},
				"west": {"uv": [4.99845, 7.49949, 6.49661, 8.49802], "texture": "#2"}
			}
		},
		{
			"from": [3.3, 0.2, 11.5],
			"to": [3.4, 1, 11.6],
			"rotation": {"angle": 0, "axis": "y", "origin": [8, 8, 9.1]},
			"faces": {
				"north": {"uv": [4.99845, 7.49949, 6.49661, 8.49802], "texture": "#2"},
				"east": {"uv": [4.99845, 7.49949, 6.49661, 8.49802], "texture": "#2"},
				"south": {"uv": [4.99845, 7.49949, 6.49661, 8.49802], "texture": "#2"},
				"west": {"uv": [4.99845, 7.49949, 6.49661, 8.49802], "texture": "#2"}
			}
		},
		{
			"from": [4.3, 0.1, 12.5],
			"to": [4.6, 0.4, 12.8],
			"faces": {
				"north": {"uv": [0.49994, 6.49989, 0.99894, 7.49915], "texture": "#1"},
				"east": {"uv": [0.49994, 6.49989, 0.99894, 7.49915], "texture": "#1"},
				"south": {"uv": [0.49994, 6.49989, 0.99894, 7.49915], "texture": "#1"},
				"west": {"uv": [0.49994, 6.49989, 0.99894, 7.49915], "texture": "#1"},
				"up": {"uv": [0.49994, 6.49989, 0.99894, 7.49915], "texture": "#1"},
				"down": {"uv": [0.49994, 6.49989, 0.99894, 7.49915], "texture": "#1"}
			}
		},
		{
			"from": [11.5, 0.1, 11.4],
			"to": [11.8, 0.4, 11.7],
			"rotation": {"angle": 0, "axis": "y", "origin": [7, 8, 8]},
			"faces": {
				"north": {"uv": [0.49994, 6.49989, 0.99894, 7.49915], "texture": "#1"},
				"east": {"uv": [0.49994, 6.49989, 0.99894, 7.49915], "texture": "#1"},
				"south": {"uv": [0.49994, 6.49989, 0.99894, 7.49915], "texture": "#1"},
				"west": {"uv": [0.49994, 6.49989, 0.99894, 7.49915], "texture": "#1"},
				"up": {"uv": [0.49994, 6.49989, 0.99894, 7.49915], "rotation": 270, "texture": "#1"},
				"down": {"uv": [0.49994, 6.49989, 0.99894, 7.49915], "rotation": 90, "texture": "#1"}
			}
		},
		{
			"from": [4.3, 0.1, 4.2],
			"to": [4.6, 0.4, 4.5],
			"faces": {
				"north": {"uv": [0.49994, 6.49989, 0.99894, 7.49915], "texture": "#1"},
				"east": {"uv": [0.49994, 6.49989, 0.99894, 7.49915], "texture": "#1"},
				"south": {"uv": [0.49994, 6.49989, 0.99894, 7.49915], "texture": "#1"},
				"west": {"uv": [0.49994, 6.49989, 0.99894, 7.49915], "texture": "#1"},
				"up": {"uv": [0.49994, 6.49989, 0.99894, 7.49915], "texture": "#1"},
				"down": {"uv": [0.49994, 6.49989, 0.99894, 7.49915], "texture": "#1"}
			}
		},
		{
			"from": [3.2, 0.1, 11.4],
			"to": [3.5, 0.4, 11.7],
			"rotation": {"angle": 0, "axis": "y", "origin": [7, 8, 8]},
			"faces": {
				"north": {"uv": [0.49994, 6.49989, 0.99894, 7.49915], "texture": "#1"},
				"east": {"uv": [0.49994, 6.49989, 0.99894, 7.49915], "texture": "#1"},
				"south": {"uv": [0.49994, 6.49989, 0.99894, 7.49915], "texture": "#1"},
				"west": {"uv": [0.49994, 6.49989, 0.99894, 7.49915], "texture": "#1"},
				"up": {"uv": [0.49994, 6.49989, 0.99894, 7.49915], "rotation": 270, "texture": "#1"},
				"down": {"uv": [0.49994, 6.49989, 0.99894, 7.49915], "rotation": 90, "texture": "#1"}
			}
		},
		{
			"from": [5.3, 0.1, 4.2],
			"to": [5.6, 0.4, 4.5],
			"faces": {
				"north": {"uv": [4.4998, 0.99989, 4.9988, 1.99914], "texture": "#1"},
				"east": {"uv": [4.4998, 0.99989, 4.9988, 1.99914], "texture": "#1"},
				"south": {"uv": [4.4998, 0.99989, 4.9988, 1.99914], "texture": "#1"},
				"west": {"uv": [4.4998, 0.99989, 4.9988, 1.99914], "texture": "#1"},
				"up": {"uv": [4.4998, 0.99989, 4.9988, 1.99914], "texture": "#1"},
				"down": {"uv": [4.4998, 0.99989, 4.9988, 1.99914], "texture": "#1"}
			}
		},
		{
			"from": [3.2, 0.1, 10.4],
			"to": [3.5, 0.4, 10.7],
			"rotation": {"angle": 0, "axis": "y", "origin": [7, 8, 8]},
			"faces": {
				"north": {"uv": [4.4998, 0.99989, 4.9988, 1.99914], "texture": "#1"},
				"east": {"uv": [4.4998, 0.99989, 4.9988, 1.99914], "texture": "#1"},
				"south": {"uv": [4.4998, 0.99989, 4.9988, 1.99914], "texture": "#1"},
				"west": {"uv": [4.4998, 0.99989, 4.9988, 1.99914], "texture": "#1"},
				"up": {"uv": [4.4998, 0.99989, 4.9988, 1.99914], "rotation": 270, "texture": "#1"},
				"down": {"uv": [4.4998, 0.99989, 4.9988, 1.99914], "rotation": 90, "texture": "#1"}
			}
		},
		{
			"from": [5.3, 0.1, 12.5],
			"to": [5.6, 0.4, 12.8],
			"faces": {
				"north": {"uv": [4.4998, 0.99989, 4.9988, 1.99914], "texture": "#1"},
				"east": {"uv": [4.4998, 0.99989, 4.9988, 1.99914], "texture": "#1"},
				"south": {"uv": [4.4998, 0.99989, 4.9988, 1.99914], "texture": "#1"},
				"west": {"uv": [4.4998, 0.99989, 4.9988, 1.99914], "texture": "#1"},
				"up": {"uv": [4.4998, 0.99989, 4.9988, 1.99914], "texture": "#1"},
				"down": {"uv": [4.4998, 0.99989, 4.9988, 1.99914], "texture": "#1"}
			}
		},
		{
			"from": [11.5, 0.1, 10.4],
			"to": [11.8, 0.4, 10.7],
			"rotation": {"angle": 0, "axis": "y", "origin": [7, 8, 8]},
			"faces": {
				"north": {"uv": [4.4998, 0.99989, 4.9988, 1.99914], "texture": "#1"},
				"east": {"uv": [4.4998, 0.99989, 4.9988, 1.99914], "texture": "#1"},
				"south": {"uv": [4.4998, 0.99989, 4.9988, 1.99914], "texture": "#1"},
				"west": {"uv": [4.4998, 0.99989, 4.9988, 1.99914], "texture": "#1"},
				"up": {"uv": [4.4998, 0.99989, 4.9988, 1.99914], "rotation": 270, "texture": "#1"},
				"down": {"uv": [4.4998, 0.99989, 4.9988, 1.99914], "rotation": 90, "texture": "#1"}
			}
		},
		{
			"from": [6.3, 0.1, 4.2],
			"to": [6.6, 0.4, 4.5],
			"faces": {
				"north": {"uv": [0.49994, 9.49986, 0.99894, 10.49912], "texture": "#1"},
				"east": {"uv": [0.49994, 9.49986, 0.99894, 10.49912], "texture": "#1"},
				"south": {"uv": [0.49994, 9.49986, 0.99894, 10.49912], "texture": "#1"},
				"west": {"uv": [0.49994, 9.49986, 0.99894, 10.49912], "texture": "#1"},
				"up": {"uv": [0.49994, 9.49986, 0.99894, 10.49912], "texture": "#1"},
				"down": {"uv": [0.49994, 9.49986, 0.99894, 10.49912], "texture": "#1"}
			}
		},
		{
			"from": [3.2, 0.1, 9.4],
			"to": [3.5, 0.4, 9.7],
			"rotation": {"angle": 0, "axis": "y", "origin": [7, 8, 8]},
			"faces": {
				"north": {"uv": [0.49994, 9.49986, 0.99894, 10.49912], "texture": "#1"},
				"east": {"uv": [0.49994, 9.49986, 0.99894, 10.49912], "texture": "#1"},
				"south": {"uv": [0.49994, 9.49986, 0.99894, 10.49912], "texture": "#1"},
				"west": {"uv": [0.49994, 9.49986, 0.99894, 10.49912], "texture": "#1"},
				"up": {"uv": [0.49994, 9.49986, 0.99894, 10.49912], "rotation": 270, "texture": "#1"},
				"down": {"uv": [0.49994, 9.49986, 0.99894, 10.49912], "rotation": 90, "texture": "#1"}
			}
		},
		{
			"from": [6.3, 0.1, 12.5],
			"to": [6.6, 0.4, 12.8],
			"faces": {
				"north": {"uv": [0.49994, 9.49986, 0.99894, 10.49912], "texture": "#1"},
				"east": {"uv": [0.49994, 9.49986, 0.99894, 10.49912], "texture": "#1"},
				"south": {"uv": [0.49994, 9.49986, 0.99894, 10.49912], "texture": "#1"},
				"west": {"uv": [0.49994, 9.49986, 0.99894, 10.49912], "texture": "#1"},
				"up": {"uv": [0.49994, 9.49986, 0.99894, 10.49912], "texture": "#1"},
				"down": {"uv": [0.49994, 9.49986, 0.99894, 10.49912], "texture": "#1"}
			}
		},
		{
			"from": [11.5, 0.1, 9.4],
			"to": [11.8, 0.4, 9.7],
			"rotation": {"angle": 0, "axis": "y", "origin": [7, 8, 8]},
			"faces": {
				"north": {"uv": [0.49994, 9.49986, 0.99894, 10.49912], "texture": "#1"},
				"east": {"uv": [0.49994, 9.49986, 0.99894, 10.49912], "texture": "#1"},
				"south": {"uv": [0.49994, 9.49986, 0.99894, 10.49912], "texture": "#1"},
				"west": {"uv": [0.49994, 9.49986, 0.99894, 10.49912], "texture": "#1"},
				"up": {"uv": [0.49994, 9.49986, 0.99894, 10.49912], "rotation": 270, "texture": "#1"},
				"down": {"uv": [0.49994, 9.49986, 0.99894, 10.49912], "rotation": 90, "texture": "#1"}
			}
		},
		{
			"from": [7.3, 0.1, 4.2],
			"to": [7.6, 0.4, 4.5],
			"faces": {
				"north": {"uv": [15.49981, 14.49992, 15.99881, 15.49918], "texture": "#1"},
				"east": {"uv": [15.49981, 14.49992, 15.99881, 15.49918], "texture": "#1"},
				"south": {"uv": [15.49981, 14.49992, 15.99881, 15.49918], "texture": "#1"},
				"west": {"uv": [15.49981, 14.49992, 15.99881, 15.49918], "texture": "#1"},
				"up": {"uv": [15.49981, 14.49992, 15.99881, 15.49918], "texture": "#1"},
				"down": {"uv": [15.49981, 14.49992, 15.99881, 15.49918], "texture": "#1"}
			}
		},
		{
			"from": [3.2, 0.1, 8.4],
			"to": [3.5, 0.4, 8.7],
			"rotation": {"angle": 0, "axis": "y", "origin": [7, 8, 8]},
			"faces": {
				"north": {"uv": [15.49981, 14.49992, 15.99881, 15.49918], "texture": "#1"},
				"east": {"uv": [15.49981, 14.49992, 15.99881, 15.49918], "texture": "#1"},
				"south": {"uv": [15.49981, 14.49992, 15.99881, 15.49918], "texture": "#1"},
				"west": {"uv": [15.49981, 14.49992, 15.99881, 15.49918], "texture": "#1"},
				"up": {"uv": [15.49981, 14.49992, 15.99881, 15.49918], "rotation": 270, "texture": "#1"},
				"down": {"uv": [15.49981, 14.49992, 15.99881, 15.49918], "rotation": 90, "texture": "#1"}
			}
		},
		{
			"from": [7.3, 0.1, 12.5],
			"to": [7.6, 0.4, 12.8],
			"faces": {
				"north": {"uv": [15.49981, 14.49992, 15.99881, 15.49918], "texture": "#1"},
				"east": {"uv": [15.49981, 14.49992, 15.99881, 15.49918], "texture": "#1"},
				"south": {"uv": [15.49981, 14.49992, 15.99881, 15.49918], "texture": "#1"},
				"west": {"uv": [15.49981, 14.49992, 15.99881, 15.49918], "texture": "#1"},
				"up": {"uv": [15.49981, 14.49992, 15.99881, 15.49918], "texture": "#1"},
				"down": {"uv": [15.49981, 14.49992, 15.99881, 15.49918], "texture": "#1"}
			}
		},
		{
			"from": [11.5, 0.1, 8.4],
			"to": [11.8, 0.4, 8.7],
			"rotation": {"angle": 0, "axis": "y", "origin": [7, 8, 8]},
			"faces": {
				"north": {"uv": [15.49981, 14.49992, 15.99881, 15.49918], "texture": "#1"},
				"east": {"uv": [15.49981, 14.49992, 15.99881, 15.49918], "texture": "#1"},
				"south": {"uv": [15.49981, 14.49992, 15.99881, 15.49918], "texture": "#1"},
				"west": {"uv": [15.49981, 14.49992, 15.99881, 15.49918], "texture": "#1"},
				"up": {"uv": [15.49981, 14.49992, 15.99881, 15.49918], "rotation": 270, "texture": "#1"},
				"down": {"uv": [15.49981, 14.49992, 15.99881, 15.49918], "rotation": 90, "texture": "#1"}
			}
		},
		{
			"from": [8.3, 0.1, 4.2],
			"to": [8.6, 0.4, 4.5],
			"faces": {
				"north": {"uv": [4.4998, 14.99987, 4.9988, 15.99912], "texture": "#1"},
				"east": {"uv": [4.4998, 14.99987, 4.9988, 15.99912], "texture": "#1"},
				"south": {"uv": [4.4998, 14.99987, 4.9988, 15.99912], "texture": "#1"},
				"west": {"uv": [4.4998, 14.99987, 4.9988, 15.99912], "texture": "#1"},
				"up": {"uv": [4.4998, 14.99987, 4.9988, 15.99912], "texture": "#1"},
				"down": {"uv": [4.4998, 14.99987, 4.9988, 15.99912], "texture": "#1"}
			}
		},
		{
			"from": [3.2, 0.1, 7.4],
			"to": [3.5, 0.4, 7.7],
			"rotation": {"angle": 0, "axis": "y", "origin": [7, 8, 8]},
			"faces": {
				"north": {"uv": [4.4998, 14.99987, 4.9988, 15.99912], "texture": "#1"},
				"east": {"uv": [4.4998, 14.99987, 4.9988, 15.99912], "texture": "#1"},
				"south": {"uv": [4.4998, 14.99987, 4.9988, 15.99912], "texture": "#1"},
				"west": {"uv": [4.4998, 14.99987, 4.9988, 15.99912], "texture": "#1"},
				"up": {"uv": [4.4998, 14.99987, 4.9988, 15.99912], "rotation": 270, "texture": "#1"},
				"down": {"uv": [4.4998, 14.99987, 4.9988, 15.99912], "rotation": 90, "texture": "#1"}
			}
		},
		{
			"from": [8.3, 0.1, 12.5],
			"to": [8.6, 0.4, 12.8],
			"faces": {
				"north": {"uv": [4.4998, 14.99987, 4.9988, 15.99912], "texture": "#1"},
				"east": {"uv": [4.4998, 14.99987, 4.9988, 15.99912], "texture": "#1"},
				"south": {"uv": [4.4998, 14.99987, 4.9988, 15.99912], "texture": "#1"},
				"west": {"uv": [4.4998, 14.99987, 4.9988, 15.99912], "texture": "#1"},
				"up": {"uv": [4.4998, 14.99987, 4.9988, 15.99912], "texture": "#1"},
				"down": {"uv": [4.4998, 14.99987, 4.9988, 15.99912], "texture": "#1"}
			}
		},
		{
			"from": [11.5, 0.1, 7.4],
			"to": [11.8, 0.4, 7.7],
			"rotation": {"angle": 0, "axis": "y", "origin": [7, 8, 8]},
			"faces": {
				"north": {"uv": [4.4998, 14.99987, 4.9988, 15.99912], "texture": "#1"},
				"east": {"uv": [4.4998, 14.99987, 4.9988, 15.99912], "texture": "#1"},
				"south": {"uv": [4.4998, 14.99987, 4.9988, 15.99912], "texture": "#1"},
				"west": {"uv": [4.4998, 14.99987, 4.9988, 15.99912], "texture": "#1"},
				"up": {"uv": [4.4998, 14.99987, 4.9988, 15.99912], "rotation": 270, "texture": "#1"},
				"down": {"uv": [4.4998, 14.99987, 4.9988, 15.99912], "rotation": 90, "texture": "#1"}
			}
		},
		{
			"from": [9.3, 0.1, 4.2],
			"to": [9.6, 0.4, 4.5],
			"faces": {
				"north": {"uv": [12.49983, 14.99987, 12.99883, 15.99912], "texture": "#1"},
				"east": {"uv": [12.49983, 14.99987, 12.99883, 15.99912], "texture": "#1"},
				"south": {"uv": [12.49983, 14.99987, 12.99883, 15.99912], "texture": "#1"},
				"west": {"uv": [12.49983, 14.99987, 12.99883, 15.99912], "texture": "#1"},
				"up": {"uv": [12.49983, 14.99987, 12.99883, 15.99912], "texture": "#1"},
				"down": {"uv": [12.49983, 14.99987, 12.99883, 15.99912], "texture": "#1"}
			}
		},
		{
			"from": [3.2, 0.1, 6.4],
			"to": [3.5, 0.4, 6.7],
			"rotation": {"angle": 0, "axis": "y", "origin": [7, 8, 8]},
			"faces": {
				"north": {"uv": [12.49983, 14.99987, 12.99883, 15.99912], "texture": "#1"},
				"east": {"uv": [12.49983, 14.99987, 12.99883, 15.99912], "texture": "#1"},
				"south": {"uv": [12.49983, 14.99987, 12.99883, 15.99912], "texture": "#1"},
				"west": {"uv": [12.49983, 14.99987, 12.99883, 15.99912], "texture": "#1"},
				"up": {"uv": [12.49983, 14.99987, 12.99883, 15.99912], "rotation": 270, "texture": "#1"},
				"down": {"uv": [12.49983, 14.99987, 12.99883, 15.99912], "rotation": 90, "texture": "#1"}
			}
		},
		{
			"from": [9.3, 0.1, 12.5],
			"to": [9.6, 0.4, 12.8],
			"faces": {
				"north": {"uv": [12.49983, 14.99987, 12.99883, 15.99912], "texture": "#1"},
				"east": {"uv": [12.49983, 14.99987, 12.99883, 15.99912], "texture": "#1"},
				"south": {"uv": [12.49983, 14.99987, 12.99883, 15.99912], "texture": "#1"},
				"west": {"uv": [12.49983, 14.99987, 12.99883, 15.99912], "texture": "#1"},
				"up": {"uv": [12.49983, 14.99987, 12.99883, 15.99912], "texture": "#1"},
				"down": {"uv": [12.49983, 14.99987, 12.99883, 15.99912], "texture": "#1"}
			}
		},
		{
			"from": [11.5, 0.1, 6.4],
			"to": [11.8, 0.4, 6.7],
			"rotation": {"angle": 0, "axis": "y", "origin": [7, 8, 8]},
			"faces": {
				"north": {"uv": [12.49983, 14.99987, 12.99883, 15.99912], "texture": "#1"},
				"east": {"uv": [12.49983, 14.99987, 12.99883, 15.99912], "texture": "#1"},
				"south": {"uv": [12.49983, 14.99987, 12.99883, 15.99912], "texture": "#1"},
				"west": {"uv": [12.49983, 14.99987, 12.99883, 15.99912], "texture": "#1"},
				"up": {"uv": [12.49983, 14.99987, 12.99883, 15.99912], "rotation": 270, "texture": "#1"},
				"down": {"uv": [12.49983, 14.99987, 12.99883, 15.99912], "rotation": 90, "texture": "#1"}
			}
		},
		{
			"from": [10.3, 0.1, 4.2],
			"to": [10.6, 0.4, 4.5],
			"faces": {
				"north": {"uv": [0.49994, 14.99987, 0.99926, 15.99944], "texture": "#1"},
				"east": {"uv": [0.49994, 14.99987, 0.99926, 15.99944], "texture": "#1"},
				"south": {"uv": [0.49994, 14.99987, 0.99926, 15.99944], "texture": "#1"},
				"west": {"uv": [0.49994, 14.99987, 0.99926, 15.99944], "texture": "#1"},
				"up": {"uv": [0.49994, 14.99987, 0.99926, 15.99944], "texture": "#1"},
				"down": {"uv": [0.49994, 14.99987, 0.99926, 15.99944], "texture": "#1"}
			}
		},
		{
			"from": [3.2, 0.1, 5.4],
			"to": [3.5, 0.4, 5.7],
			"rotation": {"angle": 0, "axis": "y", "origin": [7, 8, 8]},
			"faces": {
				"north": {"uv": [0.49994, 14.99987, 0.99926, 15.99944], "texture": "#1"},
				"east": {"uv": [0.49994, 14.99987, 0.99926, 15.99944], "texture": "#1"},
				"south": {"uv": [0.49994, 14.99987, 0.99926, 15.99944], "texture": "#1"},
				"west": {"uv": [0.49994, 14.99987, 0.99926, 15.99944], "texture": "#1"},
				"up": {"uv": [0.49994, 14.99987, 0.99926, 15.99944], "rotation": 270, "texture": "#1"},
				"down": {"uv": [0.49994, 14.99987, 0.99926, 15.99944], "rotation": 90, "texture": "#1"}
			}
		},
		{
			"from": [10.3, 0.1, 12.5],
			"to": [10.6, 0.4, 12.8],
			"faces": {
				"north": {"uv": [0.49994, 14.99987, 0.99926, 15.99944], "texture": "#1"},
				"east": {"uv": [0.49994, 14.99987, 0.99926, 15.99944], "texture": "#1"},
				"south": {"uv": [0.49994, 14.99987, 0.99926, 15.99944], "texture": "#1"},
				"west": {"uv": [0.49994, 14.99987, 0.99926, 15.99944], "texture": "#1"},
				"up": {"uv": [0.49994, 14.99987, 0.99926, 15.99944], "texture": "#1"},
				"down": {"uv": [0.49994, 14.99987, 0.99926, 15.99944], "texture": "#1"}
			}
		},
		{
			"from": [11.5, 0.1, 5.4],
			"to": [11.8, 0.4, 5.7],
			"rotation": {"angle": 0, "axis": "y", "origin": [7, 8, 8]},
			"faces": {
				"north": {"uv": [0.49994, 14.99987, 0.99926, 15.99944], "texture": "#1"},
				"east": {"uv": [0.49994, 14.99987, 0.99926, 15.99944], "texture": "#1"},
				"south": {"uv": [0.49994, 14.99987, 0.99926, 15.99944], "texture": "#1"},
				"west": {"uv": [0.49994, 14.99987, 0.99926, 15.99944], "texture": "#1"},
				"up": {"uv": [0.49994, 14.99987, 0.99926, 15.99944], "rotation": 270, "texture": "#1"},
				"down": {"uv": [0.49994, 14.99987, 0.99926, 15.99944], "rotation": 90, "texture": "#1"}
			}
		},
		{
			"from": [10.4, 0.2, 4.3],
			"to": [10.5, 1, 4.4],
			"faces": {
				"north": {"uv": [4.99845, 7.49949, 6.49661, 8.49802], "texture": "#2"},
				"east": {"uv": [4.99845, 7.49949, 6.49661, 8.49802], "texture": "#2"},
				"south": {"uv": [4.99845, 7.49949, 6.49661, 8.49802], "texture": "#2"},
				"west": {"uv": [4.99845, 7.49949, 6.49661, 8.49802], "texture": "#2"}
			}
		},
		{
			"from": [11.6, 0.2, 11.5],
			"to": [11.7, 1, 11.6],
			"rotation": {"angle": 0, "axis": "y", "origin": [8, 8, 9.1]},
			"faces": {
				"north": {"uv": [4.99845, 7.49949, 6.49661, 8.49802], "texture": "#2"},
				"east": {"uv": [4.99845, 7.49949, 6.49661, 8.49802], "texture": "#2"},
				"south": {"uv": [4.99845, 7.49949, 6.49661, 8.49802], "texture": "#2"},
				"west": {"uv": [4.99845, 7.49949, 6.49661, 8.49802], "texture": "#2"}
			}
		},
		{
			"from": [6.7, 4.8, 7.4],
			"to": [8.2, 5.5, 9.3],
			"faces": {
				"north": {"uv": [4.99845, 7.49949, 6.49661, 8.49802], "texture": "#0"},
				"east": {"uv": [4.99845, 7.49949, 6.49661, 8.49802], "texture": "#0"},
				"south": {"uv": [4.99845, 7.49949, 6.49661, 8.49802], "texture": "#0"},
				"west": {"uv": [4.99845, 7.49949, 6.49661, 8.49802], "texture": "#0"},
				"up": {"uv": [4.99845, 7.49949, 6.49661, 8.49802], "texture": "#0"}
			}
		},
		{
			"from": [6.3, 4.6, 7.2],
			"to": [8.6, 5.2, 9.6],
			"faces": {
				"north": {"uv": [4.99845, 7.49949, 6.49661, 8.49802], "texture": "#0"},
				"east": {"uv": [4.99845, 7.49949, 6.49661, 8.49802], "texture": "#0"},
				"south": {"uv": [4.99845, 7.49949, 6.49661, 8.49802], "texture": "#0"},
				"west": {"uv": [4.99845, 7.49949, 6.49661, 8.49802], "texture": "#0"},
				"up": {"uv": [4.99845, 7.49949, 6.49661, 8.49802], "texture": "#0"}
			}
		},
		{
			"from": [6.2, 4, 7.1],
			"to": [8.7, 4.6, 9.8],
			"faces": {
				"north": {"uv": [4.99845, 7.49949, 6.49661, 8.49802], "texture": "#0"},
				"east": {"uv": [4.99845, 7.49949, 6.49661, 8.49802], "texture": "#0"},
				"south": {"uv": [4.99845, 7.49949, 6.49661, 8.49802], "texture": "#0"},
				"west": {"uv": [4.99845, 7.49949, 6.49661, 8.49802], "texture": "#0"},
				"up": {"uv": [4.99845, 7.49949, 6.49661, 8.49802], "texture": "#0"}
			}
		},
		{
			"from": [6, 3.4, 7],
			"to": [8.9, 4, 9.9],
			"faces": {
				"north": {"uv": [4.99845, 7.49949, 6.49661, 8.49802], "texture": "#0"},
				"east": {"uv": [4.99845, 7.49949, 6.49661, 8.49802], "texture": "#0"},
				"south": {"uv": [4.99845, 7.49949, 6.49661, 8.49802], "texture": "#0"},
				"west": {"uv": [4.99845, 7.49949, 6.49661, 8.49802], "texture": "#0"},
				"up": {"uv": [4.99845, 7.49949, 6.49661, 8.49802], "texture": "#0"}
			}
		},
		{
			"from": [5.5, 2.5, 6.6],
			"to": [9.4, 3.5, 10.4],
			"faces": {
				"north": {"uv": [4.99845, 7.49949, 7.49732, 8.49875], "texture": "#0"},
				"east": {"uv": [4.99845, 7.49949, 7.49732, 8.49875], "texture": "#0"},
				"south": {"uv": [4.99845, 7.49949, 7.49732, 8.49875], "texture": "#0"},
				"west": {"uv": [4.99845, 7.49949, 7.49732, 8.49875], "texture": "#0"},
				"up": {"uv": [4.99845, 7.49949, 7.49732, 8.49875], "texture": "#0"}
			}
		},
		{
			"from": [5.3, 1.9, 6.3],
			"to": [9.7, 2.9, 10.7],
			"faces": {
				"north": {"uv": [3.99775, 7.49949, 6.49589, 8.49875], "texture": "#0"},
				"east": {"uv": [3.99775, 7.49949, 6.49589, 8.49875], "texture": "#0"},
				"south": {"uv": [3.99775, 7.49949, 6.49589, 8.49875], "texture": "#0"},
				"west": {"uv": [3.99775, 7.49949, 6.49589, 8.49875], "texture": "#0"},
				"up": {"uv": [3.99775, 7.49949, 6.49589, 8.49875], "texture": "#0"}
			}
		},
		{
			"from": [5, 1, 6],
			"to": [10, 2.4, 11],
			"faces": {
				"north": {"uv": [0, 14.99955, 5.4978, 15.49855], "texture": "#1"},
				"east": {"uv": [0, 14.99955, 5.4978, 15.49855], "rotation": 180, "texture": "#1"},
				"south": {"uv": [0, 14.99955, 5.4978, 15.49855], "texture": "#1"},
				"west": {"uv": [0, 14.99955, 5.4978, 15.49855], "rotation": 180, "texture": "#1"},
				"up": {"uv": [3.49885, 7.49949, 8.99765, 8.49875], "texture": "#0"}
			}
		},
		{
			"from": [4, 0, 5],
			"to": [11, 1, 12],
			"faces": {
				"north": {"uv": [4.9999, 6.99986, 11.99977, 8.49947], "texture": "#0"},
				"east": {"uv": [4.9999, 6.99986, 11.99977, 8.49947], "texture": "#0"},
				"south": {"uv": [4.9999, 6.99986, 11.99977, 8.49947], "texture": "#0"},
				"west": {"uv": [4.9999, 6.99986, 11.99977, 8.49947], "texture": "#0"},
				"up": {"uv": [3.99992, 4.9999, 10.99979, 11.99977], "texture": "#0"},
				"down": {"uv": [3.99992, 4.9999, 10.99979, 11.99977], "texture": "#0"}
			}
		}
	],
	"display": {
		"thirdperson_righthand": {
			"translation": [0, 3, -2],
			"scale": [0.675, 0.6, 0.6]
		},
		"thirdperson_lefthand": {
			"translation": [0, 3, -2],
			"scale": [0.675, 0.6, 0.6]
		},
		"firstperson_righthand": {
			"rotation": [12, 13, 0],
			"translation": [0, 6, -0.5],
			"scale": [0.55, 0.5, 0.45]
		},
		"firstperson_lefthand": {
			"rotation": [12, 24, 0],
			"translation": [0, 5.5, -0.5],
			"scale": [0.55, 0.5, 0.45]
		},
		"ground": {
			"translation": [0, 3, 0],
			"scale": [0.6, 0.6, 0.6]
		},
		"gui": {
			"rotation": [12, 48, 9],
			"translation": [0, 1, 2.5],
			"scale": [0.775, 0.75, 0.75]
		},
		"head": {
			"translation": [1.25, 22, -1],
			"scale": [2.35, 2.125, 2.05]
		},
		"fixed": {
			"rotation": [-1, -1, 0],
			"translation": [0, 2.5, 0],
			"scale": [1.3, 1.2, 0.9]
		}
	}
}