{
	"credit": "Made with Blockbench",
	"texture_size": [32, 32],
	"textures": {
		"0": "custom/suitcase",
		"particle": "custom/suitcase"
	},
	"elements": [
		{
			"from": [1, 0, 5],
			"to": [15, 10, 10],
			"faces": {
				"north": {"uv": [0, 0, 7, 5], "texture": "#0"},
				"east": {"uv": [7, 5, 9.5, 10], "texture": "#0"},
				"south": {"uv": [0, 5, 7, 10], "texture": "#0"},
				"west": {"uv": [9.5, 5, 12, 10], "texture": "#0"},
				"up": {"uv": [14, 2.5, 7, 0], "texture": "#0"},
				"down": {"uv": [14, 2.5, 7, 5], "texture": "#0"}
			}
		},
		{
			"from": [5, 10, 6.75],
			"to": [6, 11.5, 8.25],
			"faces": {
				"north": {"uv": [10, 10.5, 10.5, 11.25], "texture": "#0"},
				"east": {"uv": [6, 10.5, 6.75, 11.25], "texture": "#0"},
				"south": {"uv": [10.5, 10.5, 11, 11.25], "texture": "#0"},
				"west": {"uv": [7, 10.5, 7.75, 11.25], "texture": "#0"},
				"up": {"uv": [0.5, 11.75, 0, 11], "texture": "#0"},
				"down": {"uv": [1, 11, 0.5, 11.75], "texture": "#0"}
			}
		},
		{
			"from": [10, 10, 6.75],
			"to": [11, 11.5, 8.25],
			"faces": {
				"north": {"uv": [3, 11, 3.5, 11.75], "texture": "#0"},
				"east": {"uv": [8, 10.5, 8.75, 11.25], "texture": "#0"},
				"south": {"uv": [3.5, 11, 4, 11.75], "texture": "#0"},
				"west": {"uv": [9, 10.5, 9.75, 11.25], "texture": "#0"},
				"up": {"uv": [4.5, 11.75, 4, 11], "texture": "#0"},
				"down": {"uv": [5, 11, 4.5, 11.75], "texture": "#0"}
			}
		},
		{
			"from": [5, 11.5, 6.75],
			"to": [11, 12.5, 8.25],
			"faces": {
				"north": {"uv": [6, 10, 9, 10.5], "texture": "#0"},
				"east": {"uv": [1, 11, 1.75, 11.5], "texture": "#0"},
				"south": {"uv": [9, 10, 12, 10.5], "texture": "#0"},
				"west": {"uv": [2, 11, 2.75, 11.5], "texture": "#0"},
				"up": {"uv": [3, 10.75, 0, 10], "texture": "#0"},
				"down": {"uv": [6, 10, 3, 10.75], "texture": "#0"}
			}
		}
	],
	"display": {
		"thirdperson_righthand": {
			"rotation": [76, -90, 0],
			"translation": [0, -2.75, -2.5]
		},
		"thirdperson_lefthand": {
			"rotation": [76, 90, 0],
			"translation": [0, -2.75, -2.5]
		},
		"firstperson_righthand": {
			"rotation": [25, -60, 0],
			"translation": [0, 2, 0.5],
			"scale": [0.75, 0.75, 0.75]
		},
		"firstperson_lefthand": {
			"rotation": [25, -60, 0],
			"translation": [0, 2, 0.5],
			"scale": [0.75, 0.75, 0.75]
		},
		"ground": {
			"rotation": [-90, 0, 0],
			"scale": [0.5, 0.5, 0.5]
		},
		"gui": {
			"rotation": [23, -161, 0],
			"translation": [0.5, 2.25, 0]
		},
		"fixed": {
			"translation": [0, 2, 0]
		}
	}
}