{
	"credit": "robinnoob220 ;p",
	"textures": {
		"0": "blocks/hardened_clay_stained_light_blue",
		"1": "blocks/concrete_powder_white",
		"2": "blocks/bookshelf",
		"3": "custom/overige/vendingbag",
		"particle": "blocks/hardened_clay_stained_light_blue"
	},
	"elements": [
		{
			"from": [4.91347, 0, 3.06235],
			"to": [7.25347, 9, 3.46235],
			"rotation": {"angle": -22.5, "axis": "y", "origin": [5.61347, 8, 5.76235]},
			"faces": {
				"north": {"uv": [0, 0, 2.5, 9], "texture": "#0"},
				"east": {"uv": [0, 0, 2, 4.5], "texture": "#0"},
				"south": {"uv": [0, 0, 10, 9], "texture": "#0"},
				"west": {"uv": [0, 0, 0.4, 4.5], "texture": "#0"},
				"up": {"uv": [0, 0, 2, 0.4], "texture": "#0"},
				"down": {"uv": [0, 0, 2, 0.4], "texture": "#0"}
			}
		},
		{
			"from": [7.82484, 0, 3.42869],
			"to": [10.16484, 9, 3.82869],
			"rotation": {"angle": 22.5, "axis": "y", "origin": [9.00484, 4.5, 3.62869]},
			"faces": {
				"north": {"uv": [0, 0, 2.5, 9], "texture": "#0"},
				"east": {"uv": [0, 0, 2, 4.5], "texture": "#0"},
				"south": {"uv": [0, 0, 10, 9], "texture": "#0"},
				"west": {"uv": [0, 0, 0.4, 4.5], "texture": "#0"},
				"up": {"uv": [0, 0, 2, 0.4], "texture": "#0"},
				"down": {"uv": [0, 0, 2, 0.4], "texture": "#0"}
			}
		},
		{
			"from": [8.74653, 0, 12.63765],
			"to": [11.08653, 9, 13.03765],
			"rotation": {"angle": -22.5, "axis": "y", "origin": [10.38653, 8, 10.33765]},
			"faces": {
				"north": {"uv": [0, 0, 10, 9], "texture": "#0"},
				"east": {"uv": [0, 0, 0.4, 4.5], "texture": "#0"},
				"south": {"uv": [0, 0, 2.5, 9], "texture": "#0"},
				"west": {"uv": [0, 0, 2, 4.5], "texture": "#0"},
				"up": {"uv": [0, 0, 2, 0.4], "rotation": 180, "texture": "#0"},
				"down": {"uv": [0, 0, 2, 0.4], "rotation": 180, "texture": "#0"}
			}
		},
		{
			"from": [5.83516, 0, 12.27131],
			"to": [8.17516, 9, 12.67131],
			"rotation": {"angle": 22.5, "axis": "y", "origin": [6.99516, 4.5, 12.47131]},
			"faces": {
				"north": {"uv": [0, 0, 10, 9], "texture": "#0"},
				"east": {"uv": [0, 0, 0.4, 4.5], "texture": "#0"},
				"south": {"uv": [0, 0, 2.5, 8.5], "texture": "#0"},
				"west": {"uv": [0, 0, 2, 4.5], "texture": "#0"},
				"up": {"uv": [0, 0, 2, 0.4], "rotation": 180, "texture": "#0"},
				"down": {"uv": [0, 0, 2, 0.4], "rotation": 180, "texture": "#0"}
			}
		},
		{
			"from": [10, 0, 3],
			"to": [11, 9, 13.1],
			"faces": {
				"north": {"uv": [0, 0, 1, 9], "texture": "#0"},
				"east": {"uv": [0, 0, 16, 14.4], "texture": "#3"},
				"south": {"uv": [0, 0, 1, 9], "texture": "#0"},
				"west": {"uv": [0, 0, 10, 9], "texture": "#0"},
				"up": {"uv": [0, 0, 1, 9], "texture": "#0"},
				"down": {"uv": [0, 0, 1, 9], "texture": "#0"}
			}
		},
		{
			"from": [10.4, 11.4827, 6.718],
			"to": [10.7, 11.7827, 9.083],
			"rotation": {"angle": 0, "axis": "x", "origin": [13, 8.7827, 9.718]},
			"faces": {
				"north": {"uv": [0, 0, 0.5, 5], "rotation": 180, "texture": "#1"},
				"east": {"uv": [0, 0, 0.5, 8.5], "rotation": 90, "texture": "#1"},
				"south": {"uv": [0, 0, 10, 9], "rotation": 270, "texture": "#1"},
				"west": {"uv": [0, 0, 0.5, 8.5], "rotation": 90, "texture": "#1"},
				"up": {"uv": [0, 0, 0.5, 8.5], "texture": "#1"},
				"down": {"uv": [0, 0, 0.5, 8.5], "texture": "#1"}
			}
		},
		{
			"from": [10.401, 12.47643, 6.71381],
			"to": [10.701, 12.77643, 7.71381],
			"rotation": {"angle": -22.5, "axis": "x", "origin": [13, 9.77643, 9.71381]},
			"faces": {
				"north": {"uv": [0, 0, 0.5, 5], "rotation": 180, "texture": "#1"},
				"east": {"uv": [0, 0, 0.5, 4.5], "rotation": 90, "texture": "#1"},
				"south": {"uv": [0, 0, 10, 9], "rotation": 270, "texture": "#1"},
				"west": {"uv": [0, 0, 0.5, 4.5], "rotation": 270, "texture": "#1"},
				"up": {"uv": [0, 0, 0.5, 4.5], "texture": "#1"},
				"down": {"uv": [0, 0, 0.5, 4.5], "texture": "#1"}
			}
		},
		{
			"from": [10.401, 10.56301, 7.70559],
			"to": [10.701, 10.86301, 8.70559],
			"rotation": {"angle": 22.5, "axis": "x", "origin": [13, 7.86301, 10.70559]},
			"faces": {
				"north": {"uv": [0, 0, 0.5, 5], "rotation": 180, "texture": "#1"},
				"east": {"uv": [0, 0, 0.5, 4.5], "rotation": 90, "texture": "#1"},
				"south": {"uv": [0, 0, 10, 9], "rotation": 270, "texture": "#1"},
				"west": {"uv": [0, 0, 10, 9], "rotation": 270, "texture": "#1"},
				"up": {"uv": [0, 0, 0.5, 4.5], "texture": "#1"},
				"down": {"uv": [0, 0, 0.5, 4.5], "rotation": 180, "texture": "#1"}
			}
		},
		{
			"from": [10.4, 9.08667, 12.73517],
			"to": [10.7, 10.08667, 13.03517],
			"rotation": {"angle": -45, "axis": "x", "origin": [13, 7.08667, 9.93517]},
			"faces": {
				"north": {"uv": [0, 0, 0.5, 4.5], "texture": "#1"},
				"east": {"uv": [0, 0, 0.5, 4.5], "texture": "#1"},
				"south": {"uv": [0, 0, 0.5, 4.5], "texture": "#1"},
				"west": {"uv": [0, 0, 10, 9], "texture": "#1"},
				"up": {"uv": [0, 0, 0.5, 5], "texture": "#1"},
				"down": {"uv": [0, 0, 10, 9], "rotation": 270, "texture": "#1"}
			}
		},
		{
			"from": [10.4, 13.2586, 4.4929],
			"to": [10.7, 14.2586, 4.7929],
			"rotation": {"angle": 45, "axis": "x", "origin": [13, 11.2586, 1.6929]},
			"faces": {
				"north": {"uv": [0, 0, 0.5, 4.5], "texture": "#1"},
				"east": {"uv": [0, 0, 0.5, 4.5], "texture": "#1"},
				"south": {"uv": [0, 0, 0.5, 4.5], "texture": "#1"},
				"west": {"uv": [0, 0, 0.5, 4.5], "texture": "#1"},
				"up": {"uv": [0, 0, 0.5, 5], "texture": "#1"},
				"down": {"uv": [0, 0, 0.5, 5], "texture": "#0"}
			}
		},
		{
			"from": [10.401, 11.22375, 4.24777],
			"to": [10.701, 11.97375, 4.54777],
			"rotation": {"angle": 22.5, "axis": "x", "origin": [13, 9.22375, 1.44777]},
			"faces": {
				"north": {"uv": [0, 0, 0.5, 4.5], "texture": "#1"},
				"east": {"uv": [0, 0, 0.5, 4.5], "texture": "#1"},
				"south": {"uv": [0, 0, 0.5, 4.5], "texture": "#1"},
				"west": {"uv": [0, 0, 0.5, 4.5], "texture": "#1"},
				"up": {"uv": [0, 0, 0.5, 5], "texture": "#1"},
				"down": {"uv": [0, 0, 0.5, 5], "texture": "#0"}
			}
		},
		{
			"from": [10.401, 8.96592, 11.70134],
			"to": [10.701, 9.71592, 12.00134],
			"rotation": {"angle": -22.5, "axis": "x", "origin": [13, 6.96592, 8.90134]},
			"faces": {
				"north": {"uv": [0, 0, 0.5, 4.5], "texture": "#1"},
				"east": {"uv": [0, 0, 0.5, 4.5], "texture": "#1"},
				"south": {"uv": [0, 0, 0.5, 4.5], "texture": "#1"},
				"west": {"uv": [0, 0, 10, 9], "texture": "#1"},
				"up": {"uv": [0, 0, 0.5, 5], "texture": "#1"},
				"down": {"uv": [0, 0, 0.5, 5], "texture": "#0"}
			}
		},
		{
			"from": [10.4, 9, 10.7],
			"to": [10.7, 10, 11],
			"faces": {
				"north": {"uv": [0, 0, 0.5, 4.5], "texture": "#1"},
				"east": {"uv": [0, 0, 0.5, 4.5], "texture": "#1"},
				"south": {"uv": [0, 0, 0.5, 4.5], "texture": "#1"},
				"west": {"uv": [0, 0, 10, 9], "texture": "#1"},
				"up": {"uv": [0, 0, 0.5, 5], "texture": "#1"},
				"down": {"uv": [0, 0, 0.5, 5], "texture": "#0"}
			}
		},
		{
			"from": [10.4, 9, 4.8],
			"to": [10.7, 10, 5.1],
			"faces": {
				"north": {"uv": [0, 0, 0.5, 4.5], "texture": "#1"},
				"east": {"uv": [0, 0, 0.5, 4.5], "texture": "#1"},
				"south": {"uv": [0, 0, 0.5, 4.5], "texture": "#1"},
				"west": {"uv": [0, 0, 0.5, 4.5], "texture": "#1"},
				"up": {"uv": [0, 0, 0.5, 5], "texture": "#1"},
				"down": {"uv": [0, 0, 0.5, 5], "texture": "#0"}
			}
		},
		{
			"from": [5.3, 9, 4.8],
			"to": [5.6, 10, 5.1],
			"rotation": {"angle": 0, "axis": "y", "origin": [-5, 0, 0]},
			"faces": {
				"north": {"uv": [0, 0, 0.5, 4.5], "texture": "#1"},
				"east": {"uv": [0, 0, 0.5, 4.5], "texture": "#1"},
				"south": {"uv": [0, 0, 0.5, 4.5], "texture": "#1"},
				"west": {"uv": [0, 0, 0.5, 4.5], "texture": "#1"},
				"up": {"uv": [0, 0, 0.5, 5], "texture": "#1"},
				"down": {"uv": [0, 0, 0.5, 5], "texture": "#0"}
			}
		},
		{
			"from": [5.3, 11.22375, 4.24777],
			"to": [5.6, 11.97375, 4.54777],
			"rotation": {"angle": 22.5, "axis": "x", "origin": [8, 9.22375, 1.44777]},
			"faces": {
				"north": {"uv": [0, 0, 0.5, 4.5], "texture": "#1"},
				"east": {"uv": [0, 0, 0.5, 4.5], "texture": "#1"},
				"south": {"uv": [0, 0, 0.5, 4.5], "texture": "#1"},
				"west": {"uv": [0, 0, 0.5, 4.5], "texture": "#1"},
				"up": {"uv": [0, 0, 0.5, 5], "texture": "#1"},
				"down": {"uv": [0, 0, 0.5, 5], "texture": "#0"}
			}
		},
		{
			"from": [5.3, 13.2586, 4.4929],
			"to": [5.6, 14.2586, 4.7929],
			"rotation": {"angle": 45, "axis": "x", "origin": [8, 11.2586, 1.6929]},
			"faces": {
				"north": {"uv": [0, 0, 0.5, 4.5], "texture": "#1"},
				"east": {"uv": [0, 0, 0.5, 4.5], "texture": "#1"},
				"south": {"uv": [0, 0, 0.5, 4.5], "texture": "#1"},
				"west": {"uv": [0, 0, 0.5, 4.5], "texture": "#1"},
				"up": {"uv": [0, 0, 0.5, 5], "texture": "#1"},
				"down": {"uv": [0, 0, 0.5, 5], "texture": "#0"}
			}
		},
		{
			"from": [5.3, 12.47643, 6.71381],
			"to": [5.6, 12.77643, 7.71381],
			"rotation": {"angle": -22.5, "axis": "x", "origin": [8, 9.77643, 9.71381]},
			"faces": {
				"north": {"uv": [0, 0, 0.5, 5], "rotation": 180, "texture": "#1"},
				"east": {"uv": [0, 0, 0.5, 4.5], "rotation": 90, "texture": "#1"},
				"south": {"uv": [0, 0, 10, 9], "rotation": 270, "texture": "#1"},
				"west": {"uv": [0, 0, 0.5, 4.5], "rotation": 270, "texture": "#1"},
				"up": {"uv": [0, 0, 0.5, 4.5], "texture": "#1"},
				"down": {"uv": [0, 0, 0.5, 4.5], "texture": "#1"}
			}
		},
		{
			"from": [5.3, 11.4827, 6.718],
			"to": [5.6, 11.7827, 9.083],
			"rotation": {"angle": 0, "axis": "x", "origin": [8, 8.7827, 9.718]},
			"faces": {
				"north": {"uv": [0, 0, 0.5, 5], "rotation": 180, "texture": "#1"},
				"east": {"uv": [0, 0, 0.5, 8.5], "rotation": 90, "texture": "#1"},
				"south": {"uv": [0, 0, 10, 9], "rotation": 270, "texture": "#1"},
				"west": {"uv": [0, 0, 0.5, 8.5], "rotation": 90, "texture": "#1"},
				"up": {"uv": [0, 0, 0.5, 8.5], "texture": "#1"},
				"down": {"uv": [0, 0, 0.5, 8.5], "texture": "#1"}
			}
		},
		{
			"from": [5.3, 10.56301, 7.70559],
			"to": [5.6, 10.86301, 8.70559],
			"rotation": {"angle": 22.5, "axis": "x", "origin": [8, 7.86301, 10.70559]},
			"faces": {
				"north": {"uv": [0, 0, 0.5, 5], "rotation": 180, "texture": "#1"},
				"east": {"uv": [0, 0, 0.5, 4.5], "rotation": 90, "texture": "#1"},
				"south": {"uv": [0, 0, 10, 9], "rotation": 270, "texture": "#1"},
				"west": {"uv": [0, 0, 10, 9], "rotation": 270, "texture": "#1"},
				"up": {"uv": [0, 0, 0.5, 4.5], "texture": "#1"},
				"down": {"uv": [0, 0, 0.5, 4.5], "rotation": 180, "texture": "#1"}
			}
		},
		{
			"from": [5.3, 9.08667, 12.73517],
			"to": [5.6, 10.08667, 13.03517],
			"rotation": {"angle": -45, "axis": "x", "origin": [8, 7.08667, 9.93517]},
			"faces": {
				"north": {"uv": [0, 0, 0.5, 4.5], "texture": "#1"},
				"east": {"uv": [0, 0, 0.5, 4.5], "texture": "#1"},
				"south": {"uv": [0, 0, 0.5, 4.5], "texture": "#1"},
				"west": {"uv": [0, 0, 10, 9], "texture": "#1"},
				"up": {"uv": [0, 0, 0.5, 5], "texture": "#1"},
				"down": {"uv": [0, 0, 10, 9], "rotation": 270, "texture": "#1"}
			}
		},
		{
			"from": [5.3, 8.96592, 11.70134],
			"to": [5.6, 9.71592, 12.00134],
			"rotation": {"angle": -22.5, "axis": "x", "origin": [8, 6.96592, 8.90134]},
			"faces": {
				"north": {"uv": [0, 0, 0.5, 4.5], "texture": "#1"},
				"east": {"uv": [0, 0, 0.5, 4.5], "texture": "#1"},
				"south": {"uv": [0, 0, 0.5, 4.5], "texture": "#1"},
				"west": {"uv": [0, 0, 10, 9], "texture": "#1"},
				"up": {"uv": [0, 0, 0.5, 5], "texture": "#1"},
				"down": {"uv": [0, 0, 0.5, 5], "texture": "#0"}
			}
		},
		{
			"from": [5.3, 9, 10.7],
			"to": [5.6, 10, 11],
			"rotation": {"angle": 0, "axis": "y", "origin": [-5, 0, 0]},
			"faces": {
				"north": {"uv": [0, 0, 0.5, 4.5], "texture": "#1"},
				"east": {"uv": [0, 0, 0.5, 4.5], "texture": "#1"},
				"south": {"uv": [0, 0, 0.5, 4.5], "texture": "#1"},
				"west": {"uv": [0, 0, 10, 9], "texture": "#1"},
				"up": {"uv": [0, 0, 0.5, 5], "texture": "#1"},
				"down": {"uv": [0, 0, 0.5, 5], "texture": "#0"}
			}
		},
		{
			"from": [5, 0, 3],
			"to": [6, 9, 13.1],
			"faces": {
				"north": {"uv": [0, 0, 1, 9], "texture": "#0"},
				"east": {"uv": [0, 0, 5, 4.5], "texture": "#0"},
				"south": {"uv": [0, 0, 1, 9], "texture": "#0"},
				"west": {"uv": [0, 0, 16, 14.4], "texture": "#3"},
				"up": {"uv": [0, 0, 1, 9], "texture": "#0"},
				"down": {"uv": [0, 0, 1, 9], "texture": "#0"}
			}
		},
		{
			"from": [7, 5, 7.7],
			"to": [9.9, 8.2, 10.4],
			"faces": {
				"north": {"uv": [2.49971, 4.4998, 3.9986, 7.49883], "texture": "#2"},
				"east": {"uv": [2.49971, 4.4998, 3.9986, 7.49883], "texture": "#2"},
				"south": {"uv": [2.49971, 4.4998, 3.9986, 7.49883], "texture": "#2"},
				"west": {"uv": [2.49971, 4.4998, 3.9986, 7.49883], "texture": "#2"},
				"up": {"uv": [2.49971, 4.4998, 3.9986, 7.49883], "texture": "#2"},
				"down": {"uv": [0, 0, 10, 9], "texture": "#0"}
			}
		},
		{
			"from": [8, 5, 10.7],
			"to": [9.9, 8.6, 11.7],
			"faces": {
				"north": {"uv": [8.99992, 12.99978, 9.99854, 15.49855], "texture": "#2"},
				"east": {"uv": [8.99992, 12.99978, 9.99854, 15.49855], "texture": "#2"},
				"south": {"uv": [8.99992, 12.99978, 9.99854, 15.49855], "texture": "#2"},
				"west": {"uv": [8.99992, 12.99978, 9.99854, 15.49855], "texture": "#2"},
				"up": {"uv": [8.99992, 12.99978, 9.99854, 15.49855], "texture": "#2"},
				"down": {"uv": [0, 0, 10, 9], "texture": "#0"}
			}
		},
		{
			"from": [6, 5, 9.8],
			"to": [7, 8.5, 10.7],
			"faces": {
				"north": {"uv": [0.9999, 11.99977, 2.49862, 14.9985], "texture": "#2"},
				"east": {"uv": [0.9999, 11.99977, 2.49862, 14.9985], "texture": "#2"},
				"south": {"uv": [0.9999, 11.99977, 2.49862, 14.9985], "texture": "#2"},
				"west": {"uv": [3.99986, 3.99986, 5.49874, 6.99889], "texture": "#2"},
				"up": {"uv": [0.9999, 11.99977, 2.49862, 14.9985], "texture": "#2"},
				"down": {"uv": [0, 0, 10, 9], "texture": "#0"}
			}
		},
		{
			"from": [9, 5, 6],
			"to": [9.9, 8.2, 6.7],
			"faces": {
				"north": {"uv": [3.99986, 3.99986, 5.49874, 6.99889], "texture": "#2"},
				"east": {"uv": [3.99986, 3.99986, 5.49874, 6.99889], "texture": "#2"},
				"south": {"uv": [3.99986, 3.99986, 5.49874, 6.99889], "texture": "#2"},
				"west": {"uv": [3.99986, 3.99986, 5.49874, 6.99889], "texture": "#2"},
				"up": {"uv": [3.99986, 3.99986, 5.49874, 6.99889], "texture": "#2"},
				"down": {"uv": [0, 0, 10, 9], "texture": "#0"}
			}
		},
		{
			"from": [6, 5, 5],
			"to": [8.9, 8.2, 7.7],
			"faces": {
				"north": {"uv": [0.49963, 3.99992, 1.99851, 6.99914], "texture": "#2"},
				"east": {"uv": [0.49963, 3.99992, 1.99851, 6.99914], "texture": "#2"},
				"south": {"uv": [0.49963, 3.99992, 1.99851, 6.99914], "texture": "#2"},
				"west": {"uv": [0, 0, 8, 1], "texture": "#missing"},
				"up": {"uv": [0.49963, 3.99992, 1.99851, 6.99914], "texture": "#2"},
				"down": {"uv": [0, 0, 10, 9], "texture": "#0"}
			}
		},
		{
			"from": [6, 0, 4],
			"to": [10, 5, 12.1],
			"faces": {
				"north": {"uv": [0, 0, 2, 4.5], "texture": "#0"},
				"east": {"uv": [0, 0, 8, 1], "texture": "#missing"},
				"south": {"uv": [0, 0, 10, 9], "texture": "#0"},
				"west": {"uv": [0, 0, 8, 1], "texture": "#missing"},
				"up": {"uv": [0.5, 7.5, 10, 3], "rotation": 270, "texture": "#2"},
				"down": {"uv": [0, 0, 10, 9], "texture": "#0"}
			}
		},
		{
			"from": [8.6, 0, 12.1],
			"to": [10, 0.25, 12.4],
			"rotation": {"angle": 0, "axis": "y", "origin": [16, 0, -0.15]},
			"faces": {
				"north": {"uv": [1.4, 0, 2.8, 0.25], "texture": "#0"},
				"east": {"uv": [0.3, 0, 0.6, 0.25], "texture": "#0"},
				"south": {"uv": [1.4, 0, 2.8, 0.25], "texture": "#0"},
				"west": {"uv": [0.3, 0, 0.6, 0.25], "texture": "#0"},
				"up": {"uv": [1.4, 0, 2.8, 0.3], "texture": "#0"},
				"down": {"uv": [1.4, 0, 2.8, 0.3], "texture": "#0"}
			}
		},
		{
			"from": [9.35, 0, 12.4],
			"to": [10, 0.25, 12.7],
			"rotation": {"angle": 0, "axis": "y", "origin": [16, 0, -0.35]},
			"faces": {
				"north": {"uv": [0.65, 0, 1.3, 0.25], "texture": "#0"},
				"east": {"uv": [0.3, 0, 0.6, 0.25], "texture": "#0"},
				"south": {"uv": [0.65, 0, 1.3, 0.25], "texture": "#0"},
				"west": {"uv": [0.3, 0, 0.6, 0.25], "texture": "#0"},
				"up": {"uv": [0.65, 0, 1.3, 0.3], "texture": "#0"},
				"down": {"uv": [0.65, 0, 1.3, 0.3], "texture": "#0"}
			}
		},
		{
			"from": [6, 0, 12.1],
			"to": [7.4, 0.25, 12.4],
			"rotation": {"angle": 0, "axis": "y", "origin": [0, 0, -0.15]},
			"faces": {
				"north": {"uv": [0, 0, 1.4, 0.25], "texture": "#0"},
				"east": {"uv": [0, 0, 0.3, 0.25], "texture": "#0"},
				"south": {"uv": [0, 0, 1.4, 0.25], "texture": "#0"},
				"west": {"uv": [0, 0, 0.3, 0.25], "texture": "#0"},
				"up": {"uv": [0, 0, 1.4, 0.3], "texture": "#0"},
				"down": {"uv": [0, 0, 1.4, 0.3], "texture": "#0"}
			}
		},
		{
			"from": [6, 0, 12.4],
			"to": [6.65, 0.25, 12.7],
			"rotation": {"angle": 0, "axis": "y", "origin": [0, 0, -0.35]},
			"faces": {
				"north": {"uv": [0, 0, 0.65, 0.25], "texture": "#0"},
				"east": {"uv": [0, 0, 0.3, 0.25], "texture": "#0"},
				"south": {"uv": [0, 0, 0.65, 0.25], "texture": "#0"},
				"west": {"uv": [0, 0, 0.3, 0.25], "texture": "#0"},
				"up": {"uv": [0, 0, 0.65, 0.3], "texture": "#0"},
				"down": {"uv": [0, 0, 0.65, 0.3], "texture": "#0"}
			}
		},
		{
			"from": [9.35, 0, 3.4],
			"to": [10, 0.25, 3.7],
			"rotation": {"angle": 0, "axis": "y", "origin": [16, 0, 16.45]},
			"faces": {
				"north": {"uv": [1.3, 0, 1.95, 0.25], "texture": "#0"},
				"east": {"uv": [0.6, 0, 0.9, 0.25], "texture": "#0"},
				"south": {"uv": [1.3, 0, 1.95, 0.25], "texture": "#0"},
				"west": {"uv": [0.6, 0, 0.9, 0.25], "texture": "#0"},
				"up": {"uv": [0.65, 0.3, 1.3, 0.6], "texture": "#0"},
				"down": {"uv": [0.65, 0.3, 1.3, 0.6], "texture": "#0"}
			}
		},
		{
			"from": [8.6, 0, 3.7],
			"to": [10, 0.25, 4],
			"rotation": {"angle": 0, "axis": "y", "origin": [16, 0, 16.25]},
			"faces": {
				"north": {"uv": [2.8, 0, 4.2, 0.25], "texture": "#0"},
				"east": {"uv": [0.6, 0, 0.9, 0.25], "texture": "#0"},
				"south": {"uv": [2.8, 0, 4.2, 0.25], "texture": "#0"},
				"west": {"uv": [0.6, 0, 0.9, 0.25], "texture": "#0"},
				"up": {"uv": [1.4, 0.3, 2.8, 0.6], "texture": "#0"},
				"down": {"uv": [1.4, 0.3, 2.8, 0.6], "texture": "#0"}
			}
		},
		{
			"from": [6, 0, 3.4],
			"to": [6.65, 0.25, 3.7],
			"rotation": {"angle": 0, "axis": "y", "origin": [0, 0, 16.45]},
			"faces": {
				"north": {"uv": [0.65, 0, 1.3, 0.25], "texture": "#0"},
				"east": {"uv": [0.3, 0, 0.6, 0.25], "texture": "#0"},
				"south": {"uv": [0.65, 0, 1.3, 0.25], "texture": "#0"},
				"west": {"uv": [0.3, 0, 0.6, 0.25], "texture": "#0"},
				"up": {"uv": [0, 0.3, 0.65, 0.6], "texture": "#0"},
				"down": {"uv": [0, 0.3, 0.65, 0.6], "texture": "#0"}
			}
		},
		{
			"from": [6, 0, 3.7],
			"to": [7.4, 0.25, 4],
			"rotation": {"angle": 0, "axis": "y", "origin": [0, 0, 16.25]},
			"faces": {
				"north": {"uv": [1.4, 0, 2.8, 0.25], "texture": "#0"},
				"east": {"uv": [0.3, 0, 0.6, 0.25], "texture": "#0"},
				"south": {"uv": [1.4, 0, 2.8, 0.25], "texture": "#0"},
				"west": {"uv": [0.3, 0, 0.6, 0.25], "texture": "#0"},
				"up": {"uv": [0, 0.3, 1.4, 0.6], "texture": "#0"},
				"down": {"uv": [0, 0.3, 1.4, 0.6], "texture": "#0"}
			}
		}
	],
	"display": {
		"thirdperson_righthand": {
			"rotation": [70, -1, 1],
			"translation": [0, -2, -2.5],
			"scale": [0.5, 0.6, 0.4]
		},
		"thirdperson_lefthand": {
			"rotation": [70, -1, 1],
			"translation": [0, -2, -2.5],
			"scale": [0.5, 0.6, 0.4]
		},
		"firstperson_righthand": {
			"rotation": [-1, -18, 9],
			"translation": [3, 2.5, 0]
		},
		"firstperson_lefthand": {
			"rotation": [-1, -18, 9],
			"translation": [3, 2.5, 0]
		},
		"ground": {
			"translation": [0, 4.25, 0],
			"scale": [0.45, 0.475, 0.4]
		},
		"gui": {
			"rotation": [21, 53, 1],
			"translation": [0, 2.5, 0]
		},
		"fixed": {
			"rotation": [-20, 87, 13],
			"translation": [0.5, 1.5, -3]
		}
	}
}