{
	"__comment": "Designed by Nathankuijt with Cubik Studio - https://cubik.studio",
	"textures": {
		"particle": "blocks/particle",
		"texture": "blocks/texture",
		"mesh_atlas": "custom/overige/mesh_atlas"
	},
	"elements": [
		{
			"__comment": "Voxels",
			"from": [ 6, -0.5, 5 ],
			"to": [ 8.5, 0, 6.5 ],
			"faces": {
				"down": { "uv": [ 9.75, 11.5, 11, 12.25 ], "texture": "#mesh_atlas" },
				"up": { "uv": [ 12.25, 12.25, 13.5, 11.5 ], "texture": "#mesh_atlas" },
				"north": { "uv": [ 7.25, 11.25, 6, 11.5 ], "texture": "#mesh_atlas" },
				"south": { "uv": [ 14.5, 6.75, 15.75, 7 ], "texture": "#mesh_atlas" },
				"west": { "uv": [ 11, 5, 11.75, 5.25 ], "texture": "#mesh_atlas" },
				"east": { "uv": [ 12.5, 5, 11.75, 5.25 ], "texture": "#mesh_atlas" }
			}
		},
		{
			"__comment": "Voxels",
			"from": [ 6, 0, 5.5 ],
			"to": [ 9, 2.5, 6.5 ],
			"faces": {
				"down": { "uv": [ 7, 10.25, 8.5, 10.75 ], "texture": "#mesh_atlas" },
				"up": { "uv": [ 9.25, 11.25, 10.75, 10.75 ], "texture": "#mesh_atlas" },
				"north": { "uv": [ 11.75, 14.75, 10.25, 16 ], "texture": "#mesh_atlas" },
				"south": { "uv": [ 11.75, 14.75, 13.25, 16 ], "texture": "#mesh_atlas" },
				"west": { "uv": [ 14.25, 10, 14.75, 11.25 ], "texture": "#mesh_atlas" },
				"east": { "uv": [ 6.75, 5.75, 6.25, 7 ], "texture": "#mesh_atlas" }
			}
		},
		{
			"__comment": "Voxels",
			"from": [ 6, 0, 6.5 ],
			"to": [ 9.5, 2, 7 ],
			"faces": {
				"down": { "uv": [ 5, 13.5, 6.75, 13.75 ], "texture": "#mesh_atlas" },
				"up": { "uv": [ 6.75, 13.75, 8.5, 13.5 ], "texture": "#mesh_atlas" },
				"north": { "uv": [ 15, 15, 13.25, 16 ], "texture": "#mesh_atlas" },
				"south": { "uv": [ 3.25, 13.5, 5, 14.5 ], "texture": "#mesh_atlas" },
				"west": { "uv": [ 9, 3, 9.25, 4 ], "texture": "#mesh_atlas" },
				"east": { "uv": [ 9.25, 4, 9, 5 ], "texture": "#mesh_atlas" }
			}
		},
		{
			"__comment": "Voxels",
			"from": [ 6, 2.5, 6 ],
			"to": [ 9.5, 5, 7 ],
			"faces": {
				"down": { "uv": [ 13.25, 14.5, 15, 15 ], "texture": "#mesh_atlas" },
				"up": { "uv": [ 13.5, 12.25, 15.25, 11.75 ], "texture": "#mesh_atlas" },
				"north": { "uv": [ 8.5, 14.75, 6.75, 16 ], "texture": "#mesh_atlas" },
				"south": { "uv": [ 8.5, 14.75, 10.25, 16 ], "texture": "#mesh_atlas" },
				"west": { "uv": [ 6.25, 7, 6.75, 8.25 ], "texture": "#mesh_atlas" },
				"east": { "uv": [ 6.75, 8.25, 6.25, 9.5 ], "texture": "#mesh_atlas" }
			}
		},
		{
			"__comment": "Voxels",
			"from": [ 6, 3.5, 7 ],
			"to": [ 9.5, 7, 7.5 ],
			"faces": {
				"down": { "uv": [ 8.5, 13.5, 10.25, 13.75 ], "texture": "#mesh_atlas" },
				"up": { "uv": [ 10.25, 13.75, 12, 13.5 ], "texture": "#mesh_atlas" },
				"north": { "uv": [ 1.75, 1.75, 0, 3.5 ], "texture": "#mesh_atlas" },
				"south": { "uv": [ 0, 0, 1.75, 1.75 ], "texture": "#mesh_atlas" },
				"west": { "uv": [ 6.5, 1, 6.75, 2.75 ], "texture": "#mesh_atlas" },
				"east": { "uv": [ 7, 7, 6.75, 8.75 ], "texture": "#mesh_atlas" }
			}
		},
		{
			"__comment": "Voxels",
			"from": [ 6, 5, 6.5 ],
			"to": [ 9.5, 17.5, 7 ],
			"faces": {
				"down": { "uv": [ 9.5, 9.75, 11.25, 10 ], "texture": "#mesh_atlas" },
				"up": { "uv": [ 9.5, 9.75, 11.25, 9.5 ], "texture": "#mesh_atlas" },
				"north": { "uv": [ 1.75, 3.5, 0, 9.75 ], "texture": "#mesh_atlas" },
				"south": { "uv": [ 0, 9.75, 1.75, 16 ], "texture": "#mesh_atlas" },
				"west": { "uv": [ 3.25, 7.25, 3.5, 13.5 ], "texture": "#mesh_atlas" },
				"east": { "uv": [ 3.5, 1, 3.25, 7.25 ], "texture": "#mesh_atlas" }
			}
		},
		{
			"__comment": "Voxels",
			"from": [ 6, 5.5, 7.5 ],
			"to": [ 9.5, 7, 8 ],
			"faces": {
				"down": { "uv": [ 11.25, 9.75, 13, 10 ], "texture": "#mesh_atlas" },
				"up": { "uv": [ 11.25, 9.75, 13, 9.5 ], "texture": "#mesh_atlas" },
				"north": { "uv": [ 6.75, 13.75, 5, 14.5 ], "texture": "#mesh_atlas" },
				"south": { "uv": [ 10.25, 13.75, 12, 14.5 ], "texture": "#mesh_atlas" },
				"west": { "uv": [ 10, 0.5, 10.25, 1.25 ], "texture": "#mesh_atlas" },
				"east": { "uv": [ 10.5, 4.25, 10.25, 5 ], "texture": "#mesh_atlas" }
			}
		},
		{
			"__comment": "Voxels",
			"from": [ 6, 7, 6 ],
			"to": [ 9, 10.5, 6.5 ],
			"faces": {
				"down": { "uv": [ 11.75, 14.5, 13.25, 14.75 ], "texture": "#mesh_atlas" },
				"up": { "uv": [ 7, 10.25, 8.5, 10 ], "texture": "#mesh_atlas" },
				"north": { "uv": [ 3.25, 5, 1.75, 6.75 ], "texture": "#mesh_atlas" },
				"south": { "uv": [ 1.75, 6.75, 3.25, 8.5 ], "texture": "#mesh_atlas" },
				"west": { "uv": [ 6.75, 3.5, 7, 5.25 ], "texture": "#mesh_atlas" },
				"east": { "uv": [ 7, 1.75, 6.75, 3.5 ], "texture": "#mesh_atlas" }
			}
		},
		{
			"__comment": "Voxels",
			"from": [ 6, 7.5, 5.5 ],
			"to": [ 6.5, 11, 6 ],
			"faces": {
				"down": { "uv": [ 12.75, 4.25, 13, 4.5 ], "texture": "#mesh_atlas" },
				"up": { "uv": [ 11.75, 4.5, 12, 4.25 ], "texture": "#mesh_atlas" },
				"north": { "uv": [ 6.5, 2.75, 6.25, 4.5 ], "texture": "#mesh_atlas" },
				"south": { "uv": [ 6.5, 2.75, 6.75, 4.5 ], "texture": "#mesh_atlas" },
				"west": { "uv": [ 6.25, 1, 6.5, 2.75 ], "texture": "#mesh_atlas" },
				"east": { "uv": [ 7, 5.25, 6.75, 7 ], "texture": "#mesh_atlas" }
			}
		},
		{
			"__comment": "Voxels",
			"from": [ 6, 7.5, 7 ],
			"to": [ 9, 8, 7.5 ],
			"faces": {
				"down": { "uv": [ 9.25, 10, 10.75, 10.25 ], "texture": "#mesh_atlas" },
				"up": { "uv": [ 12.5, 9.5, 14, 9.25 ], "texture": "#mesh_atlas" },
				"north": { "uv": [ 14, 9, 12.5, 9.25 ], "texture": "#mesh_atlas" },
				"south": { "uv": [ 12.5, 8.75, 14, 9 ], "texture": "#mesh_atlas" },
				"west": { "uv": [ 11.5, 4.25, 11.75, 4.5 ], "texture": "#mesh_atlas" },
				"east": { "uv": [ 11.5, 0, 11.25, 0.25 ], "texture": "#mesh_atlas" }
			}
		},
		{
			"__comment": "Voxels",
			"from": [ 6, 10, 7 ],
			"to": [ 9, 17.5, 7.5 ],
			"faces": {
				"down": { "uv": [ 7.75, 8.25, 9.25, 8.5 ], "texture": "#mesh_atlas" },
				"up": { "uv": [ 9.25, 8.75, 10.75, 8.5 ], "texture": "#mesh_atlas" },
				"north": { "uv": [ 3.25, 8.5, 1.75, 12.25 ], "texture": "#mesh_atlas" },
				"south": { "uv": [ 1.75, 12.25, 3.25, 16 ], "texture": "#mesh_atlas" },
				"west": { "uv": [ 4.75, 1, 5, 4.75 ], "texture": "#mesh_atlas" },
				"east": { "uv": [ 5.25, 1, 5, 4.75 ], "texture": "#mesh_atlas" }
			}
		},
		{
			"__comment": "Voxels",
			"from": [ 6, 10.5, 6 ],
			"to": [ 6.5, 13, 6.5 ],
			"faces": {
				"down": { "uv": [ 11.25, 0.25, 11.5, 0.5 ], "texture": "#mesh_atlas" },
				"up": { "uv": [ 8.5, 0.25, 8.75, 0 ], "texture": "#mesh_atlas" },
				"north": { "uv": [ 7.75, 4.25, 7.5, 5.5 ], "texture": "#mesh_atlas" },
				"south": { "uv": [ 7.75, 4.25, 8, 5.5 ], "texture": "#mesh_atlas" },
				"west": { "uv": [ 7.25, 3, 7.5, 4.25 ], "texture": "#mesh_atlas" },
				"east": { "uv": [ 7.75, 3, 7.5, 4.25 ], "texture": "#mesh_atlas" }
			}
		},
		{
			"__comment": "Voxels",
			"from": [ 6, 13, 7.5 ],
			"to": [ 9.5, 16, 8 ],
			"faces": {
				"down": { "uv": [ 8.5, 14.5, 10.25, 14.75 ], "texture": "#mesh_atlas" },
				"up": { "uv": [ 13, 10, 14.75, 9.75 ], "texture": "#mesh_atlas" },
				"north": { "uv": [ 6.75, 14.5, 5, 16 ], "texture": "#mesh_atlas" },
				"south": { "uv": [ 3.25, 14.5, 5, 16 ], "texture": "#mesh_atlas" },
				"west": { "uv": [ 7, 5.25, 7.25, 6.75 ], "texture": "#mesh_atlas" },
				"east": { "uv": [ 7.25, 3.75, 7, 5.25 ], "texture": "#mesh_atlas" }
			}
		},
		{
			"__comment": "Voxels",
			"from": [ 6, 16, 6 ],
			"to": [ 9.5, 17.5, 6.5 ],
			"faces": {
				"down": { "uv": [ 6.75, 14.5, 8.5, 14.75 ], "texture": "#mesh_atlas" },
				"up": { "uv": [ 13, 9.75, 14.75, 9.5 ], "texture": "#mesh_atlas" },
				"north": { "uv": [ 8.5, 13.75, 6.75, 14.5 ], "texture": "#mesh_atlas" },
				"south": { "uv": [ 8.5, 13.75, 10.25, 14.5 ], "texture": "#mesh_atlas" },
				"west": { "uv": [ 10.25, 0.5, 10.5, 1.25 ], "texture": "#mesh_atlas" },
				"east": { "uv": [ 10.75, 4.25, 10.5, 5 ], "texture": "#mesh_atlas" }
			}
		},
		{
			"__comment": "Voxels",
			"from": [ 6.5, -0.5, 6.5 ],
			"to": [ 9.5, 0, 7 ],
			"faces": {
				"down": { "uv": [ 13, 8.5, 14.5, 8.75 ], "texture": "#mesh_atlas" },
				"up": { "uv": [ 13, 8.5, 14.5, 8.25 ], "texture": "#mesh_atlas" },
				"north": { "uv": [ 16, 8.5, 14.5, 8.75 ], "texture": "#mesh_atlas" },
				"south": { "uv": [ 14.5, 8.25, 16, 8.5 ], "texture": "#mesh_atlas" },
				"west": { "uv": [ 15.75, 6.75, 16, 7 ], "texture": "#mesh_atlas" },
				"east": { "uv": [ 16, 7, 15.75, 7.25 ], "texture": "#mesh_atlas" }
			}
		},
		{
			"__comment": "Voxels",
			"from": [ 6.5, 0, 5 ],
			"to": [ 9, 2.5, 5.5 ],
			"faces": {
				"down": { "uv": [ 7.25, 11.25, 8.5, 11.5 ], "texture": "#mesh_atlas" },
				"up": { "uv": [ 8.5, 11.5, 9.75, 11.25 ], "texture": "#mesh_atlas" },
				"north": { "uv": [ 4.75, 9.75, 3.5, 11 ], "texture": "#mesh_atlas" },
				"south": { "uv": [ 3.5, 11, 4.75, 12.25 ], "texture": "#mesh_atlas" },
				"west": { "uv": [ 7.25, 1.75, 7.5, 3 ], "texture": "#mesh_atlas" },
				"east": { "uv": [ 7.75, 1.75, 7.5, 3 ], "texture": "#mesh_atlas" }
			}
		},
		{
			"__comment": "Voxels",
			"from": [ 6.5, 0, 7 ],
			"to": [ 9, 2.5, 7.5 ],
			"faces": {
				"down": { "uv": [ 9.75, 11.25, 11, 11.5 ], "texture": "#mesh_atlas" },
				"up": { "uv": [ 11, 11.5, 12.25, 11.25 ], "texture": "#mesh_atlas" },
				"north": { "uv": [ 16, 12.25, 14.75, 13.5 ], "texture": "#mesh_atlas" },
				"south": { "uv": [ 11, 12.25, 12.25, 13.5 ], "texture": "#mesh_atlas" },
				"west": { "uv": [ 7.75, 1.75, 8, 3 ], "texture": "#mesh_atlas" },
				"east": { "uv": [ 7.5, 0.5, 7.25, 1.75 ], "texture": "#mesh_atlas" }
			}
		},
		{
			"__comment": "Voxels",
			"from": [ 6.5, 2, 6.5 ],
			"to": [ 9.5, 2.5, 7 ],
			"faces": {
				"down": { "uv": [ 14, 8, 15.5, 8.25 ], "texture": "#mesh_atlas" },
				"up": { "uv": [ 8, 8, 9.5, 7.75 ], "texture": "#mesh_atlas" },
				"north": { "uv": [ 11, 7.75, 9.5, 8 ], "texture": "#mesh_atlas" },
				"south": { "uv": [ 10.25, 14.5, 11.75, 14.75 ], "texture": "#mesh_atlas" },
				"west": { "uv": [ 6.75, 0, 7, 0.25 ], "texture": "#mesh_atlas" },
				"east": { "uv": [ 15.5, 4, 15.25, 4.25 ], "texture": "#mesh_atlas" }
			}
		},
		{
			"__comment": "Voxels",
			"from": [ 6.5, 2.5, 5 ],
			"to": [ 8, 3.5, 6 ],
			"faces": {
				"down": { "uv": [ 14, 9, 14.75, 9.5 ], "texture": "#mesh_atlas" },
				"up": { "uv": [ 7.25, 8.25, 8, 7.75 ], "texture": "#mesh_atlas" },
				"north": { "uv": [ 11.5, 8.25, 10.75, 8.75 ], "texture": "#mesh_atlas" },
				"south": { "uv": [ 7, 8.25, 7.75, 8.75 ], "texture": "#mesh_atlas" },
				"west": { "uv": [ 9, 2.5, 9.5, 3 ], "texture": "#mesh_atlas" },
				"east": { "uv": [ 9.5, 6, 9, 6.5 ], "texture": "#mesh_atlas" }
			}
		},
		{
			"__comment": "Voxels",
			"from": [ 6.5, 3, 7 ],
			"to": [ 9.5, 3.5, 8 ],
			"faces": {
				"down": { "uv": [ 7, 10.75, 8.5, 11.25 ], "texture": "#mesh_atlas" },
				"up": { "uv": [ 13.5, 11.75, 15, 11.25 ], "texture": "#mesh_atlas" },
				"north": { "uv": [ 9.25, 8.5, 7.75, 8.75 ], "texture": "#mesh_atlas" },
				"south": { "uv": [ 9.25, 8.25, 10.75, 8.5 ], "texture": "#mesh_atlas" },
				"west": { "uv": [ 15.5, 7.5, 16, 7.75 ], "texture": "#mesh_atlas" },
				"east": { "uv": [ 16, 6.25, 15.5, 6.5 ], "texture": "#mesh_atlas" }
			}
		},
		{
			"__comment": "Voxels",
			"from": [ 6.5, 3.5, 5.5 ],
			"to": [ 9, 5.5, 6 ],
			"faces": {
				"down": { "uv": [ 12.25, 11.25, 13.5, 11.5 ], "texture": "#mesh_atlas" },
				"up": { "uv": [ 13, 10.25, 14.25, 10 ], "texture": "#mesh_atlas" },
				"north": { "uv": [ 4.75, 6.25, 3.5, 7.25 ], "texture": "#mesh_atlas" },
				"south": { "uv": [ 3.5, 4.25, 4.75, 5.25 ], "texture": "#mesh_atlas" },
				"west": { "uv": [ 7, 0, 7.25, 1 ], "texture": "#mesh_atlas" },
				"east": { "uv": [ 10, 3.75, 9.75, 4.75 ], "texture": "#mesh_atlas" }
			}
		},
		{
			"__comment": "Voxels",
			"from": [ 6.5, 3.5, 7.5 ],
			"to": [ 9, 5.5, 8 ],
			"faces": {
				"down": { "uv": [ 11, 7.75, 12.25, 8 ], "texture": "#mesh_atlas" },
				"up": { "uv": [ 12.25, 8, 13.5, 7.75 ], "texture": "#mesh_atlas" },
				"north": { "uv": [ 4.75, 3.25, 3.5, 4.25 ], "texture": "#mesh_atlas" },
				"south": { "uv": [ 1.75, 0, 3, 1 ], "texture": "#mesh_atlas" },
				"west": { "uv": [ 9.75, 4.75, 10, 5.75 ], "texture": "#mesh_atlas" },
				"east": { "uv": [ 9.75, 0.75, 9.5, 1.75 ], "texture": "#mesh_atlas" }
			}
		},
		{
			"__comment": "Voxels",
			"from": [ 6.5, 5, 6 ],
			"to": [ 9, 7, 6.5 ],
			"faces": {
				"down": { "uv": [ 13.5, 7.75, 14.75, 8 ], "texture": "#mesh_atlas" },
				"up": { "uv": [ 14.75, 8, 16, 7.75 ], "texture": "#mesh_atlas" },
				"north": { "uv": [ 14.5, 13.5, 13.25, 14.5 ], "texture": "#mesh_atlas" },
				"south": { "uv": [ 14.5, 13.5, 15.75, 14.5 ], "texture": "#mesh_atlas" },
				"west": { "uv": [ 9.5, 2.75, 9.75, 3.75 ], "texture": "#mesh_atlas" },
				"east": { "uv": [ 9.75, 3.75, 9.5, 4.75 ], "texture": "#mesh_atlas" }
			}
		},
		{
			"__comment": "Voxels",
			"from": [ 6.5, 5, 8 ],
			"to": [ 9, 7.5, 8.5 ],
			"faces": {
				"down": { "uv": [ 8, 7.5, 9.25, 7.75 ], "texture": "#mesh_atlas" },
				"up": { "uv": [ 9.25, 7.75, 10.5, 7.5 ], "texture": "#mesh_atlas" },
				"north": { "uv": [ 14.75, 12.25, 13.5, 13.5 ], "texture": "#mesh_atlas" },
				"south": { "uv": [ 12.25, 12.25, 13.5, 13.5 ], "texture": "#mesh_atlas" },
				"west": { "uv": [ 7.5, 0.5, 7.75, 1.75 ], "texture": "#mesh_atlas" },
				"east": { "uv": [ 8, 0.5, 7.75, 1.75 ], "texture": "#mesh_atlas" }
			}
		},
		{
			"__comment": "Voxels",
			"from": [ 6.5, 6, 5.5 ],
			"to": [ 9, 7.5, 6 ],
			"faces": {
				"down": { "uv": [ 10.5, 7.5, 11.75, 7.75 ], "texture": "#mesh_atlas" },
				"up": { "uv": [ 11.75, 7.75, 13, 7.5 ], "texture": "#mesh_atlas" },
				"north": { "uv": [ 9.75, 11.5, 8.5, 12.25 ], "texture": "#mesh_atlas" },
				"south": { "uv": [ 7.25, 11.5, 8.5, 12.25 ], "texture": "#mesh_atlas" },
				"west": { "uv": [ 10.5, 3.5, 10.75, 4.25 ], "texture": "#mesh_atlas" },
				"east": { "uv": [ 10.75, 2.75, 10.5, 3.5 ], "texture": "#mesh_atlas" }
			}
		},
		{
			"__comment": "Voxels",
			"from": [ 6.5, 7, 7 ],
			"to": [ 9.5, 7.5, 7.5 ],
			"faces": {
				"down": { "uv": [ 12.5, 8, 14, 8.25 ], "texture": "#mesh_atlas" },
				"up": { "uv": [ 11, 8.25, 12.5, 8 ], "texture": "#mesh_atlas" },
				"north": { "uv": [ 11, 8, 9.5, 8.25 ], "texture": "#mesh_atlas" },
				"south": { "uv": [ 8, 8, 9.5, 8.25 ], "texture": "#mesh_atlas" },
				"west": { "uv": [ 11.5, 3.75, 11.75, 4 ], "texture": "#mesh_atlas" },
				"east": { "uv": [ 14.75, 4.25, 14.5, 4.5 ], "texture": "#mesh_atlas" }
			}
		},
		{
			"__comment": "Voxels",
			"from": [ 6.5, 7, 7.5 ],
			"to": [ 9, 7.5, 8 ],
			"faces": {
				"down": { "uv": [ 13, 7.5, 14.25, 7.75 ], "texture": "#mesh_atlas" },
				"up": { "uv": [ 14.25, 7.75, 15.5, 7.5 ], "texture": "#mesh_atlas" },
				"north": { "uv": [ 9.25, 7.25, 8, 7.5 ], "texture": "#mesh_atlas" },
				"south": { "uv": [ 9.25, 7.25, 10.5, 7.5 ], "texture": "#mesh_atlas" },
				"west": { "uv": [ 14.25, 4.25, 14.5, 4.5 ], "texture": "#mesh_atlas" },
				"east": { "uv": [ 11.75, 2.75, 11.5, 3 ], "texture": "#mesh_atlas" }
			}
		},
		{
			"__comment": "Voxels",
			"from": [ 6.5, 8, 5 ],
			"to": [ 9, 10.5, 6 ],
			"faces": {
				"down": { "uv": [ 6.25, 9.5, 7.5, 10 ], "texture": "#mesh_atlas" },
				"up": { "uv": [ 13, 10.75, 14.25, 10.25 ], "texture": "#mesh_atlas" },
				"north": { "uv": [ 6, 12.25, 4.75, 13.5 ], "texture": "#mesh_atlas" },
				"south": { "uv": [ 6, 12.25, 7.25, 13.5 ], "texture": "#mesh_atlas" },
				"west": { "uv": [ 15.25, 10, 15.75, 11.25 ], "texture": "#mesh_atlas" },
				"east": { "uv": [ 6.25, 0.25, 5.75, 1.5 ], "texture": "#mesh_atlas" }
			}
		},
		{
			"__comment": "Voxels",
			"from": [ 6.5, 8, 7 ],
			"to": [ 9, 10, 7.5 ],
			"faces": {
				"down": { "uv": [ 10.5, 7.25, 11.75, 7.5 ], "texture": "#mesh_atlas" },
				"up": { "uv": [ 11.75, 7.5, 13, 7.25 ], "texture": "#mesh_atlas" },
				"north": { "uv": [ 4.75, 5.25, 3.5, 6.25 ], "texture": "#mesh_atlas" },
				"south": { "uv": [ 3.5, 0.25, 4.75, 1.25 ], "texture": "#mesh_atlas" },
				"west": { "uv": [ 9.75, 2.75, 10, 3.75 ], "texture": "#mesh_atlas" },
				"east": { "uv": [ 10.25, 2.75, 10, 3.75 ], "texture": "#mesh_atlas" }
			}
		},
		{
			"__comment": "Voxels",
			"from": [ 6.5, 10.5, 5 ],
			"to": [ 8.5, 11, 5.5 ],
			"faces": {
				"down": { "uv": [ 11, 6.5, 12, 6.75 ], "texture": "#mesh_atlas" },
				"up": { "uv": [ 12, 6.75, 13, 6.5 ], "texture": "#mesh_atlas" },
				"north": { "uv": [ 14, 6.5, 13, 6.75 ], "texture": "#mesh_atlas" },
				"south": { "uv": [ 14, 6.5, 15, 6.75 ], "texture": "#mesh_atlas" },
				"west": { "uv": [ 11.75, 0.75, 12, 1 ], "texture": "#mesh_atlas" },
				"east": { "uv": [ 12, 1.5, 11.75, 1.75 ], "texture": "#mesh_atlas" }
			}
		},
		{
			"__comment": "Voxels",
			"from": [ 6.5, 11, 5.5 ],
			"to": [ 9, 13.5, 6.5 ],
			"faces": {
				"down": { "uv": [ 13, 10.75, 14.25, 11.25 ], "texture": "#mesh_atlas" },
				"up": { "uv": [ 9.25, 10.75, 10.5, 10.25 ], "texture": "#mesh_atlas" },
				"north": { "uv": [ 9.75, 12.25, 8.5, 13.5 ], "texture": "#mesh_atlas" },
				"south": { "uv": [ 9.75, 12.25, 11, 13.5 ], "texture": "#mesh_atlas" },
				"west": { "uv": [ 6.25, 4.5, 6.75, 5.75 ], "texture": "#mesh_atlas" },
				"east": { "uv": [ 15.25, 10, 14.75, 11.25 ], "texture": "#mesh_atlas" }
			}
		},
		{
			"__comment": "Voxels",
			"from": [ 6.5, 11, 7.5 ],
			"to": [ 9, 13, 8 ],
			"faces": {
				"down": { "uv": [ 13, 7.25, 14.25, 7.5 ], "texture": "#mesh_atlas" },
				"up": { "uv": [ 3.5, 0.25, 4.75, 0 ], "texture": "#mesh_atlas" },
				"north": { "uv": [ 6, 11.25, 4.75, 12.25 ], "texture": "#mesh_atlas" },
				"south": { "uv": [ 12, 13.5, 13.25, 14.5 ], "texture": "#mesh_atlas" },
				"west": { "uv": [ 9.25, 3, 9.5, 4 ], "texture": "#mesh_atlas" },
				"east": { "uv": [ 9.25, 1.5, 9, 2.5 ], "texture": "#mesh_atlas" }
			}
		},
		{
			"__comment": "Voxels",
			"from": [ 6.5, 12.5, 8 ],
			"to": [ 9, 16.5, 8.5 ],
			"faces": {
				"down": { "uv": [ 14.25, 7.25, 15.5, 7.5 ], "texture": "#mesh_atlas" },
				"up": { "uv": [ 8.25, 7.25, 9.5, 7 ], "texture": "#mesh_atlas" },
				"north": { "uv": [ 3, 1, 1.75, 3 ], "texture": "#mesh_atlas" },
				"south": { "uv": [ 1.75, 3, 3, 5 ], "texture": "#mesh_atlas" },
				"west": { "uv": [ 3, 3, 3.25, 5 ], "texture": "#mesh_atlas" },
				"east": { "uv": [ 3.25, 1, 3, 3 ], "texture": "#mesh_atlas" }
			}
		},
		{
			"__comment": "Voxels",
			"from": [ 6.5, 13.5, 6 ],
			"to": [ 9, 16, 6.5 ],
			"faces": {
				"down": { "uv": [ 9.5, 7, 10.75, 7.25 ], "texture": "#mesh_atlas" },
				"up": { "uv": [ 10.75, 7.25, 12, 7 ], "texture": "#mesh_atlas" },
				"north": { "uv": [ 8.5, 12.25, 7.25, 13.5 ], "texture": "#mesh_atlas" },
				"south": { "uv": [ 3.5, 12.25, 4.75, 13.5 ], "texture": "#mesh_atlas" },
				"west": { "uv": [ 8, 4.75, 8.25, 6 ], "texture": "#mesh_atlas" },
				"east": { "uv": [ 8.25, 3.5, 8, 4.75 ], "texture": "#mesh_atlas" }
			}
		},
		{
			"__comment": "Voxels",
			"from": [ 6.5, 15.5, 5.5 ],
			"to": [ 9, 18, 6 ],
			"faces": {
				"down": { "uv": [ 12, 7, 13.25, 7.25 ], "texture": "#mesh_atlas" },
				"up": { "uv": [ 13.25, 7.25, 14.5, 7 ], "texture": "#mesh_atlas" },
				"north": { "uv": [ 4.75, 7.25, 3.5, 8.5 ], "texture": "#mesh_atlas" },
				"south": { "uv": [ 3.5, 8.5, 4.75, 9.75 ], "texture": "#mesh_atlas" },
				"west": { "uv": [ 8, 2.25, 8.25, 3.5 ], "texture": "#mesh_atlas" },
				"east": { "uv": [ 8.25, 1, 8, 2.25 ], "texture": "#mesh_atlas" }
			}
		},
		{
			"__comment": "Voxels",
			"from": [ 6.5, 16, 7.5 ],
			"to": [ 9, 18, 8 ],
			"faces": {
				"down": { "uv": [ 14.5, 7, 15.75, 7.25 ], "texture": "#mesh_atlas" },
				"up": { "uv": [ 8.25, 7, 9.5, 6.75 ], "texture": "#mesh_atlas" },
				"north": { "uv": [ 4.75, 2.25, 3.5, 3.25 ], "texture": "#mesh_atlas" },
				"south": { "uv": [ 3.5, 1.25, 4.75, 2.25 ], "texture": "#mesh_atlas" },
				"west": { "uv": [ 3, 0, 3.25, 1 ], "texture": "#mesh_atlas" },
				"east": { "uv": [ 16, 13.5, 15.75, 14.5 ], "texture": "#mesh_atlas" }
			}
		},
		{
			"__comment": "Voxels",
			"from": [ 6.5, 17.5, 6 ],
			"to": [ 9, 18, 7.5 ],
			"faces": {
				"down": { "uv": [ 11, 11.5, 12.25, 12.25 ], "texture": "#mesh_atlas" },
				"up": { "uv": [ 6, 12.25, 7.25, 11.5 ], "texture": "#mesh_atlas" },
				"north": { "uv": [ 10.75, 6.75, 9.5, 7 ], "texture": "#mesh_atlas" },
				"south": { "uv": [ 12, 6.75, 13.25, 7 ], "texture": "#mesh_atlas" },
				"west": { "uv": [ 14, 5, 14.75, 5.25 ], "texture": "#mesh_atlas" },
				"east": { "uv": [ 15.5, 5, 14.75, 5.25 ], "texture": "#mesh_atlas" }
			}
		},
		{
			"__comment": "Voxels",
			"from": [ 7, -0.5, 4.5 ],
			"to": [ 8.5, 2, 5 ],
			"faces": {
				"down": { "uv": [ 11, 4.75, 11.75, 5 ], "texture": "#mesh_atlas" },
				"up": { "uv": [ 11.25, 9, 12, 8.75 ], "texture": "#mesh_atlas" },
				"north": { "uv": [ 5.5, 8.5, 4.75, 9.75 ], "texture": "#mesh_atlas" },
				"south": { "uv": [ 4.75, 7.25, 5.5, 8.5 ], "texture": "#mesh_atlas" },
				"west": { "uv": [ 8.25, 4.25, 8.5, 5.5 ], "texture": "#mesh_atlas" },
				"east": { "uv": [ 9, 2.75, 8.75, 4 ], "texture": "#mesh_atlas" }
			}
		},
		{
			"__comment": "Voxels",
			"from": [ 7, -0.5, 7 ],
			"to": [ 8.5, 0, 7.5 ],
			"faces": {
				"down": { "uv": [ 12.5, 4.75, 13.25, 5 ], "texture": "#mesh_atlas" },
				"up": { "uv": [ 11.75, 5, 12.5, 4.75 ], "texture": "#mesh_atlas" },
				"north": { "uv": [ 14, 5, 13.25, 5.25 ], "texture": "#mesh_atlas" },
				"south": { "uv": [ 12.5, 5, 13.25, 5.25 ], "texture": "#mesh_atlas" },
				"west": { "uv": [ 11.75, 3.5, 12, 3.75 ], "texture": "#mesh_atlas" },
				"east": { "uv": [ 12, 3.75, 11.75, 4 ], "texture": "#mesh_atlas" }
			}
		},
		{
			"__comment": "Voxels",
			"from": [ 7, 0.5, 7.5 ],
			"to": [ 8.5, 3, 8 ],
			"faces": {
				"down": { "uv": [ 12.5, 5.25, 13.25, 5.5 ], "texture": "#mesh_atlas" },
				"up": { "uv": [ 12.5, 5.75, 13.25, 5.5 ], "texture": "#mesh_atlas" },
				"north": { "uv": [ 6.25, 10, 5.5, 11.25 ], "texture": "#mesh_atlas" },
				"south": { "uv": [ 6.25, 10, 7, 11.25 ], "texture": "#mesh_atlas" },
				"west": { "uv": [ 8, 6, 8.25, 7.25 ], "texture": "#mesh_atlas" },
				"east": { "uv": [ 8.5, 5.5, 8.25, 6.75 ], "texture": "#mesh_atlas" }
			}
		},
		{
			"__comment": "Voxels",
			"from": [ 7, 2, 4.5 ],
			"to": [ 8, 2.5, 5 ],
			"faces": {
				"down": { "uv": [ 12.25, 4.5, 12.75, 4.75 ], "texture": "#mesh_atlas" },
				"up": { "uv": [ 11.75, 4.75, 12.25, 4.5 ], "texture": "#mesh_atlas" },
				"north": { "uv": [ 11.75, 4.5, 11.25, 4.75 ], "texture": "#mesh_atlas" },
				"south": { "uv": [ 9, 0, 9.5, 0.25 ], "texture": "#mesh_atlas" },
				"west": { "uv": [ 14.75, 4.25, 15, 4.5 ], "texture": "#mesh_atlas" },
				"east": { "uv": [ 14.75, 4, 14.5, 4.25 ], "texture": "#mesh_atlas" }
			}
		},
		{
			"__comment": "Voxels",
			"from": [ 7, 2.5, 7 ],
			"to": [ 9.5, 3, 7.5 ],
			"faces": {
				"down": { "uv": [ 13.25, 6.75, 14.5, 7 ], "texture": "#mesh_atlas" },
				"up": { "uv": [ 9.75, 6.75, 11, 6.5 ], "texture": "#mesh_atlas" },
				"north": { "uv": [ 9.75, 6.5, 8.5, 6.75 ], "texture": "#mesh_atlas" },
				"south": { "uv": [ 10.75, 6.75, 12, 7 ], "texture": "#mesh_atlas" },
				"west": { "uv": [ 11.5, 3, 11.75, 3.25 ], "texture": "#mesh_atlas" },
				"east": { "uv": [ 15.25, 4, 15, 4.25 ], "texture": "#mesh_atlas" }
			}
		},
		{
			"__comment": "Voxels",
			"from": [ 7, 3.5, 5 ],
			"to": [ 8.5, 5, 5.5 ],
			"faces": {
				"down": { "uv": [ 14.75, 5.5, 15.5, 5.75 ], "texture": "#mesh_atlas" },
				"up": { "uv": [ 10.25, 5.5, 11, 5.25 ], "texture": "#mesh_atlas" },
				"north": { "uv": [ 7.5, 8.75, 6.75, 9.5 ], "texture": "#mesh_atlas" },
				"south": { "uv": [ 7.5, 8.75, 8.25, 9.5 ], "texture": "#mesh_atlas" },
				"west": { "uv": [ 10.75, 3.5, 11, 4.25 ], "texture": "#mesh_atlas" },
				"east": { "uv": [ 11, 2.75, 10.75, 3.5 ], "texture": "#mesh_atlas" }
			}
		},
		{
			"__comment": "Voxels",
			"from": [ 7, 3.5, 8 ],
			"to": [ 9, 4, 8.5 ],
			"faces": {
				"down": { "uv": [ 10.5, 6.25, 11.5, 6.5 ], "texture": "#mesh_atlas" },
				"up": { "uv": [ 11.5, 6.5, 12.5, 6.25 ], "texture": "#mesh_atlas" },
				"north": { "uv": [ 13.5, 6.25, 12.5, 6.5 ], "texture": "#mesh_atlas" },
				"south": { "uv": [ 13.5, 6.25, 14.5, 6.5 ], "texture": "#mesh_atlas" },
				"west": { "uv": [ 14.75, 4, 15, 4.25 ], "texture": "#mesh_atlas" },
				"east": { "uv": [ 13.75, 4, 13.5, 4.25 ], "texture": "#mesh_atlas" }
			}
		},
		{
			"__comment": "Voxels",
			"from": [ 7, 4, 8 ],
			"to": [ 8.5, 5, 8.5 ],
			"faces": {
				"down": { "uv": [ 8.5, 10, 9.25, 10.25 ], "texture": "#mesh_atlas" },
				"up": { "uv": [ 10.75, 10.25, 11.5, 10 ], "texture": "#mesh_atlas" },
				"north": { "uv": [ 15.5, 9, 14.75, 9.5 ], "texture": "#mesh_atlas" },
				"south": { "uv": [ 11.25, 9, 12, 9.5 ], "texture": "#mesh_atlas" },
				"west": { "uv": [ 11.25, 2.5, 11.5, 3 ], "texture": "#mesh_atlas" },
				"east": { "uv": [ 11.25, 1.25, 11, 1.75 ], "texture": "#mesh_atlas" }
			}
		},
		{
			"__comment": "Voxels",
			"from": [ 7, 5, 5 ],
			"to": [ 8, 6.5, 5.5 ],
			"faces": {
				"down": { "uv": [ 15.5, 5.25, 16, 5.5 ], "texture": "#mesh_atlas" },
				"up": { "uv": [ 15.5, 5.75, 16, 5.5 ], "texture": "#mesh_atlas" },
				"north": { "uv": [ 16, 8.75, 15.5, 9.5 ], "texture": "#mesh_atlas" },
				"south": { "uv": [ 6.25, 0.25, 6.75, 1 ], "texture": "#mesh_atlas" },
				"west": { "uv": [ 7.75, 7, 8, 7.75 ], "texture": "#mesh_atlas" },
				"east": { "uv": [ 9, 0, 8.75, 0.75 ], "texture": "#mesh_atlas" }
			}
		},
		{
			"__comment": "Voxels",
			"from": [ 7, 5, 8.5 ],
			"to": [ 8.5, 7.5, 9 ],
			"faces": {
				"down": { "uv": [ 11.5, 10, 12.25, 10.25 ], "texture": "#mesh_atlas" },
				"up": { "uv": [ 12.25, 10.25, 13, 10 ], "texture": "#mesh_atlas" },
				"north": { "uv": [ 5.5, 4.75, 4.75, 6 ], "texture": "#mesh_atlas" },
				"south": { "uv": [ 4.75, 6, 5.5, 7.25 ], "texture": "#mesh_atlas" },
				"west": { "uv": [ 8.25, 3, 8.5, 4.25 ], "texture": "#mesh_atlas" },
				"east": { "uv": [ 8.5, 1.75, 8.25, 3 ], "texture": "#mesh_atlas" }
			}
		},
		{
			"__comment": "Voxels",
			"from": [ 7, 5.5, 5.5 ],
			"to": [ 9, 6, 6 ],
			"faces": {
				"down": { "uv": [ 9.5, 5.75, 10.5, 6 ], "texture": "#mesh_atlas" },
				"up": { "uv": [ 14.5, 6.25, 15.5, 6 ], "texture": "#mesh_atlas" },
				"north": { "uv": [ 14.5, 6, 13.5, 6.25 ], "texture": "#mesh_atlas" },
				"south": { "uv": [ 10.5, 6, 11.5, 6.25 ], "texture": "#mesh_atlas" },
				"west": { "uv": [ 11.75, 3.25, 12, 3.5 ], "texture": "#mesh_atlas" },
				"east": { "uv": [ 11.75, 2.25, 11.5, 2.5 ], "texture": "#mesh_atlas" }
			}
		},
		{
			"__comment": "Voxels",
			"from": [ 7, 6.5, 5 ],
			"to": [ 7.5, 7, 5.5 ],
			"faces": {
				"down": { "uv": [ 11.5, 2.5, 11.75, 2.75 ], "texture": "#mesh_atlas" },
				"up": { "uv": [ 11.5, 4.25, 11.75, 4 ], "texture": "#mesh_atlas" },
				"north": { "uv": [ 15.5, 4.25, 15.25, 4.5 ], "texture": "#mesh_atlas" },
				"south": { "uv": [ 14, 4.25, 14.25, 4.5 ], "texture": "#mesh_atlas" },
				"west": { "uv": [ 11.75, 0.25, 12, 0.5 ], "texture": "#mesh_atlas" },
				"east": { "uv": [ 12, 2.25, 11.75, 2.5 ], "texture": "#mesh_atlas" }
			}
		},
		{
			"__comment": "Voxels",
			"from": [ 7, 7.5, 5.5 ],
			"to": [ 9, 8, 6 ],
			"faces": {
				"down": { "uv": [ 15, 6.5, 16, 6.75 ], "texture": "#mesh_atlas" },
				"up": { "uv": [ 9.5, 6.5, 10.5, 6.25 ], "texture": "#mesh_atlas" },
				"north": { "uv": [ 15.5, 6.25, 14.5, 6.5 ], "texture": "#mesh_atlas" },
				"south": { "uv": [ 9.5, 6, 10.5, 6.25 ], "texture": "#mesh_atlas" },
				"west": { "uv": [ 11.75, 3, 12, 3.25 ], "texture": "#mesh_atlas" },
				"east": { "uv": [ 14, 4, 13.75, 4.25 ], "texture": "#mesh_atlas" }
			}
		},
		{
			"__comment": "Voxels",
			"from": [ 7, 7.5, 7.5 ],
			"to": [ 8.5, 8, 8.5 ],
			"faces": {
				"down": { "uv": [ 14.75, 9.5, 15.5, 10 ], "texture": "#mesh_atlas" },
				"up": { "uv": [ 7.25, 6, 8, 5.5 ], "texture": "#mesh_atlas" },
				"north": { "uv": [ 11, 5.5, 10.25, 5.75 ], "texture": "#mesh_atlas" },
				"south": { "uv": [ 14, 8.75, 14.75, 9 ], "texture": "#mesh_atlas" },
				"west": { "uv": [ 15.5, 7.25, 16, 7.5 ], "texture": "#mesh_atlas" },
				"east": { "uv": [ 9.5, 0.25, 9, 0.5 ], "texture": "#mesh_atlas" }
			}
		},
		{
			"__comment": "Voxels",
			"from": [ 7, 8, 7.5 ],
			"to": [ 8, 11, 8 ],
			"faces": {
				"down": { "uv": [ 14.75, 4.75, 15.25, 5 ], "texture": "#mesh_atlas" },
				"up": { "uv": [ 15.25, 5, 15.75, 4.75 ], "texture": "#mesh_atlas" },
				"north": { "uv": [ 6.25, 8.5, 5.75, 10 ], "texture": "#mesh_atlas" },
				"south": { "uv": [ 5.75, 7, 6.25, 8.5 ], "texture": "#mesh_atlas" },
				"west": { "uv": [ 15.75, 14.5, 16, 16 ], "texture": "#mesh_atlas" },
				"east": { "uv": [ 7, 0.25, 6.75, 1.75 ], "texture": "#mesh_atlas" }
			}
		},
		{
			"__comment": "Voxels",
			"from": [ 7, 8, 8 ],
			"to": [ 8, 9, 8.5 ],
			"faces": {
				"down": { "uv": [ 12.75, 4.5, 13.25, 4.75 ], "texture": "#mesh_atlas" },
				"up": { "uv": [ 13.25, 4.75, 13.75, 4.5 ], "texture": "#mesh_atlas" },
				"north": { "uv": [ 7.75, 0, 7.25, 0.5 ], "texture": "#mesh_atlas" },
				"south": { "uv": [ 15.5, 9.5, 16, 10 ], "texture": "#mesh_atlas" },
				"west": { "uv": [ 15, 11.25, 15.25, 11.75 ], "texture": "#mesh_atlas" },
				"east": { "uv": [ 5.5, 1, 5.25, 1.5 ], "texture": "#mesh_atlas" }
			}
		},
		{
			"__comment": "Voxels",
			"from": [ 7, 8.5, 4.5 ],
			"to": [ 8.5, 10.5, 5 ],
			"faces": {
				"down": { "uv": [ 14.75, 8.75, 15.5, 9 ], "texture": "#mesh_atlas" },
				"up": { "uv": [ 10.5, 6, 11.25, 5.75 ], "texture": "#mesh_atlas" },
				"north": { "uv": [ 13, 10.25, 12.25, 11.25 ], "texture": "#mesh_atlas" },
				"south": { "uv": [ 15.25, 11.25, 16, 12.25 ], "texture": "#mesh_atlas" },
				"west": { "uv": [ 9, 0.5, 9.25, 1.5 ], "texture": "#mesh_atlas" },
				"east": { "uv": [ 9.5, 1.5, 9.25, 2.5 ], "texture": "#mesh_atlas" }
			}
		},
		{
			"__comment": "Voxels",
			"from": [ 7, 10.5, 4.5 ],
			"to": [ 8, 11.5, 5 ],
			"faces": {
				"down": { "uv": [ 5.75, 0, 6.25, 0.25 ], "texture": "#mesh_atlas" },
				"up": { "uv": [ 15.5, 6.25, 16, 6 ], "texture": "#mesh_atlas" },
				"north": { "uv": [ 9.5, 5.5, 9, 6 ], "texture": "#mesh_atlas" },
				"south": { "uv": [ 9, 5, 9.5, 5.5 ], "texture": "#mesh_atlas" },
				"west": { "uv": [ 10.75, 0.25, 11, 0.75 ], "texture": "#mesh_atlas" },
				"east": { "uv": [ 8, 0, 7.75, 0.5 ], "texture": "#mesh_atlas" }
			}
		},
		{
			"__comment": "Voxels",
			"from": [ 7, 10.5, 5.5 ],
			"to": [ 9, 11, 6.5 ],
			"faces": {
				"down": { "uv": [ 7.5, 9.5, 8.5, 10 ], "texture": "#mesh_atlas" },
				"up": { "uv": [ 8.5, 10, 9.5, 9.5 ], "texture": "#mesh_atlas" },
				"north": { "uv": [ 13.5, 6, 12.5, 6.25 ], "texture": "#mesh_atlas" },
				"south": { "uv": [ 11.5, 6, 12.5, 6.25 ], "texture": "#mesh_atlas" },
				"west": { "uv": [ 15.5, 5, 16, 5.25 ], "texture": "#mesh_atlas" },
				"east": { "uv": [ 14.75, 4.75, 14.25, 5 ], "texture": "#mesh_atlas" }
			}
		},
		{
			"__comment": "Voxels",
			"from": [ 7, 11, 5 ],
			"to": [ 8.5, 13, 5.5 ],
			"faces": {
				"down": { "uv": [ 11.25, 5.75, 12, 6 ], "texture": "#mesh_atlas" },
				"up": { "uv": [ 12, 6, 12.75, 5.75 ], "texture": "#mesh_atlas" },
				"north": { "uv": [ 5.5, 0, 4.75, 1 ], "texture": "#mesh_atlas" },
				"south": { "uv": [ 10.75, 10.25, 11.5, 11.25 ], "texture": "#mesh_atlas" },
				"west": { "uv": [ 8.75, 0.75, 9, 1.75 ], "texture": "#mesh_atlas" },
				"east": { "uv": [ 8.25, 0, 8, 1 ], "texture": "#mesh_atlas" }
			}
		},
		{
			"__comment": "Voxels",
			"from": [ 7, 11.5, 8 ],
			"to": [ 8.5, 12.5, 8.5 ],
			"faces": {
				"down": { "uv": [ 12.75, 5.75, 13.5, 6 ], "texture": "#mesh_atlas" },
				"up": { "uv": [ 13.5, 6, 14.25, 5.75 ], "texture": "#mesh_atlas" },
				"north": { "uv": [ 12.25, 8.25, 11.5, 8.75 ], "texture": "#mesh_atlas" },
				"south": { "uv": [ 12.25, 8.25, 13, 8.75 ], "texture": "#mesh_atlas" },
				"west": { "uv": [ 11.25, 2, 11.5, 2.5 ], "texture": "#mesh_atlas" },
				"east": { "uv": [ 11.5, 1.5, 11.25, 2 ], "texture": "#mesh_atlas" }
			}
		},
		{
			"__comment": "Voxels",
			"from": [ 7, 13, 8.5 ],
			"to": [ 8.5, 16, 9 ],
			"faces": {
				"down": { "uv": [ 14.25, 5.75, 15, 6 ], "texture": "#mesh_atlas" },
				"up": { "uv": [ 15, 6, 15.75, 5.75 ], "texture": "#mesh_atlas" },
				"north": { "uv": [ 15.75, 14.5, 15, 16 ], "texture": "#mesh_atlas" },
				"south": { "uv": [ 4.75, 9.75, 5.5, 11.25 ], "texture": "#mesh_atlas" },
				"west": { "uv": [ 7, 6.75, 7.25, 8.25 ], "texture": "#mesh_atlas" },
				"east": { "uv": [ 7.25, 2.25, 7, 3.75 ], "texture": "#mesh_atlas" }
			}
		},
		{
			"__comment": "Voxels",
			"from": [ 7, 13.5, 5.5 ],
			"to": [ 8.5, 15.5, 6 ],
			"faces": {
				"down": { "uv": [ 11, 5.5, 11.75, 5.75 ], "texture": "#mesh_atlas" },
				"up": { "uv": [ 11.75, 5.75, 12.5, 5.5 ], "texture": "#mesh_atlas" },
				"north": { "uv": [ 12.25, 10.25, 11.5, 11.25 ], "texture": "#mesh_atlas" },
				"south": { "uv": [ 8.5, 10.25, 9.25, 11.25 ], "texture": "#mesh_atlas" },
				"west": { "uv": [ 9.5, 1.75, 9.75, 2.75 ], "texture": "#mesh_atlas" },
				"east": { "uv": [ 9.5, 4, 9.25, 5 ], "texture": "#mesh_atlas" }
			}
		},
		{
			"__comment": "Voxels",
			"from": [ 7, 16, 5 ],
			"to": [ 8.5, 17.5, 5.5 ],
			"faces": {
				"down": { "uv": [ 13.25, 5.5, 14, 5.75 ], "texture": "#mesh_atlas" },
				"up": { "uv": [ 14, 5.75, 14.75, 5.5 ], "texture": "#mesh_atlas" },
				"north": { "uv": [ 9, 8.75, 8.25, 9.5 ], "texture": "#mesh_atlas" },
				"south": { "uv": [ 9, 8.75, 9.75, 9.5 ], "texture": "#mesh_atlas" },
				"west": { "uv": [ 9.5, 0, 9.75, 0.75 ], "texture": "#mesh_atlas" },
				"east": { "uv": [ 10, 0, 9.75, 0.75 ], "texture": "#mesh_atlas" }
			}
		},
		{
			"__comment": "Voxels",
			"from": [ 7, 16.5, 8 ],
			"to": [ 8.5, 17.5, 8.5 ],
			"faces": {
				"down": { "uv": [ 11, 5.25, 11.75, 5.5 ], "texture": "#mesh_atlas" },
				"up": { "uv": [ 11.75, 5.5, 12.5, 5.25 ], "texture": "#mesh_atlas" },
				"north": { "uv": [ 8, 6, 7.25, 6.5 ], "texture": "#mesh_atlas" },
				"south": { "uv": [ 7.25, 6.5, 8, 7 ], "texture": "#mesh_atlas" },
				"west": { "uv": [ 10.25, 0, 10.5, 0.5 ], "texture": "#mesh_atlas" },
				"east": { "uv": [ 10.75, 0, 10.5, 0.5 ], "texture": "#mesh_atlas" }
			}
		},
		{
			"__comment": "Voxels",
			"from": [ 7, 18, 6 ],
			"to": [ 8.5, 18.5, 7.5 ],
			"faces": {
				"down": { "uv": [ 9.75, 8.75, 10.5, 9.5 ], "texture": "#mesh_atlas" },
				"up": { "uv": [ 10.5, 9.5, 11.25, 8.75 ], "texture": "#mesh_atlas" },
				"north": { "uv": [ 14, 5.25, 13.25, 5.5 ], "texture": "#mesh_atlas" },
				"south": { "uv": [ 14, 5.25, 14.75, 5.5 ], "texture": "#mesh_atlas" },
				"west": { "uv": [ 14.75, 5.25, 15.5, 5.5 ], "texture": "#mesh_atlas" },
				"east": { "uv": [ 11, 5, 10.25, 5.25 ], "texture": "#mesh_atlas" }
			}
		},
		{
			"__comment": "Voxels",
			"from": [ 7.5, 0, 7.5 ],
			"to": [ 8, 0.5, 8 ],
			"faces": {
				"down": { "uv": [ 11.5, 1.5, 11.75, 1.75 ], "texture": "#mesh_atlas" },
				"up": { "uv": [ 11.5, 1.5, 11.75, 1.25 ], "texture": "#mesh_atlas" },
				"north": { "uv": [ 11.75, 1, 11.5, 1.25 ], "texture": "#mesh_atlas" },
				"south": { "uv": [ 11.5, 0.75, 11.75, 1 ], "texture": "#mesh_atlas" },
				"west": { "uv": [ 13, 4, 13.25, 4.25 ], "texture": "#mesh_atlas" },
				"east": { "uv": [ 13.5, 4, 13.25, 4.25 ], "texture": "#mesh_atlas" }
			}
		},
		{
			"__comment": "Voxels",
			"from": [ 7.5, 2, 8 ],
			"to": [ 8.5, 3.5, 8.5 ],
			"faces": {
				"down": { "uv": [ 6.25, 0, 6.75, 0.25 ], "texture": "#mesh_atlas" },
				"up": { "uv": [ 15.5, 8.25, 16, 8 ], "texture": "#mesh_atlas" },
				"north": { "uv": [ 7.75, 7, 7.25, 7.75 ], "texture": "#mesh_atlas" },
				"south": { "uv": [ 12, 8.75, 12.5, 9.5 ], "texture": "#mesh_atlas" },
				"west": { "uv": [ 10, 2, 10.25, 2.75 ], "texture": "#mesh_atlas" },
				"east": { "uv": [ 10.25, 1.25, 10, 2 ], "texture": "#mesh_atlas" }
			}
		},
		{
			"__comment": "Voxels",
			"from": [ 7.5, 2.5, 4.5 ],
			"to": [ 8, 3.5, 5 ],
			"faces": {
				"down": { "uv": [ 11.75, 2, 12, 2.25 ], "texture": "#mesh_atlas" },
				"up": { "uv": [ 11.75, 2, 12, 1.75 ], "texture": "#mesh_atlas" },
				"north": { "uv": [ 11, 1.75, 10.75, 2.25 ], "texture": "#mesh_atlas" },
				"south": { "uv": [ 10.75, 1.25, 11, 1.75 ], "texture": "#mesh_atlas" },
				"west": { "uv": [ 10.75, 0.75, 11, 1.25 ], "texture": "#mesh_atlas" },
				"east": { "uv": [ 11.25, 4.25, 11, 4.75 ], "texture": "#mesh_atlas" }
			}
		},
		{
			"__comment": "Voxels",
			"from": [ 7.5, 6.5, 4.5 ],
			"to": [ 8, 8.5, 5 ],
			"faces": {
				"down": { "uv": [ 11.75, 0.5, 12, 0.75 ], "texture": "#mesh_atlas" },
				"up": { "uv": [ 5.5, 0.25, 5.75, 0 ], "texture": "#mesh_atlas" },
				"north": { "uv": [ 9.5, 0.5, 9.25, 1.5 ], "texture": "#mesh_atlas" },
				"south": { "uv": [ 9.5, 4.75, 9.75, 5.75 ], "texture": "#mesh_atlas" },
				"west": { "uv": [ 3.25, 0, 3.5, 1 ], "texture": "#mesh_atlas" },
				"east": { "uv": [ 9, 1.75, 8.75, 2.75 ], "texture": "#mesh_atlas" }
			}
		},
		{
			"__comment": "Voxels",
			"from": [ 7.5, 7.5, 8.5 ],
			"to": [ 8, 8.5, 9 ],
			"faces": {
				"down": { "uv": [ 15.75, 5.75, 16, 6 ], "texture": "#mesh_atlas" },
				"up": { "uv": [ 10.75, 0.25, 11, 0 ], "texture": "#mesh_atlas" },
				"north": { "uv": [ 11, 2.25, 10.75, 2.75 ], "texture": "#mesh_atlas" },
				"south": { "uv": [ 11, 3.75, 11.25, 4.25 ], "texture": "#mesh_atlas" },
				"west": { "uv": [ 11, 3.25, 11.25, 3.75 ], "texture": "#mesh_atlas" },
				"east": { "uv": [ 11.25, 2.75, 11, 3.25 ], "texture": "#mesh_atlas" }
			}
		},
		{
			"__comment": "Voxels",
			"from": [ 7.5, 9, 8 ],
			"to": [ 8, 9.5, 8.5 ],
			"faces": {
				"down": { "uv": [ 15.75, 4.75, 16, 5 ], "texture": "#mesh_atlas" },
				"up": { "uv": [ 11, 0.25, 11.25, 0 ], "texture": "#mesh_atlas" },
				"north": { "uv": [ 11.5, 0.5, 11.25, 0.75 ], "texture": "#mesh_atlas" },
				"south": { "uv": [ 13.75, 4.5, 14, 4.75 ], "texture": "#mesh_atlas" },
				"west": { "uv": [ 14, 4.5, 14.25, 4.75 ], "texture": "#mesh_atlas" },
				"east": { "uv": [ 14.5, 4.5, 14.25, 4.75 ], "texture": "#mesh_atlas" }
			}
		},
		{
			"__comment": "Voxels",
			"from": [ 7.5, 11.5, 4.5 ],
			"to": [ 8, 12, 5 ],
			"faces": {
				"down": { "uv": [ 14.5, 4.5, 14.75, 4.75 ], "texture": "#mesh_atlas" },
				"up": { "uv": [ 14.75, 4.75, 15, 4.5 ], "texture": "#mesh_atlas" },
				"north": { "uv": [ 15.25, 4.5, 15, 4.75 ], "texture": "#mesh_atlas" },
				"south": { "uv": [ 15.25, 4.5, 15.5, 4.75 ], "texture": "#mesh_atlas" },
				"west": { "uv": [ 15.5, 4.5, 15.75, 4.75 ], "texture": "#mesh_atlas" },
				"east": { "uv": [ 16, 4.5, 15.75, 4.75 ], "texture": "#mesh_atlas" }
			}
		},
		{
			"__comment": "Voxels",
			"from": [ 8, 2.5, 5.5 ],
			"to": [ 8.5, 3.5, 6 ],
			"faces": {
				"down": { "uv": [ 11.25, 1.25, 11.5, 1.5 ], "texture": "#mesh_atlas" },
				"up": { "uv": [ 11.25, 1.25, 11.5, 1 ], "texture": "#mesh_atlas" },
				"north": { "uv": [ 11.25, 1.75, 11, 2.25 ], "texture": "#mesh_atlas" },
				"south": { "uv": [ 8.25, 0, 8.5, 0.5 ], "texture": "#mesh_atlas" },
				"west": { "uv": [ 10, 0, 10.25, 0.5 ], "texture": "#mesh_atlas" },
				"east": { "uv": [ 11.25, 2.25, 11, 2.75 ], "texture": "#mesh_atlas" }
			}
		},
		{
			"__comment": "Voxels",
			"from": [ 8, 5.5, 5 ],
			"to": [ 8.5, 8, 5.5 ],
			"faces": {
				"down": { "uv": [ 11.25, 0.75, 11.5, 1 ], "texture": "#mesh_atlas" },
				"up": { "uv": [ 15, 4.5, 15.25, 4.25 ], "texture": "#mesh_atlas" },
				"north": { "uv": [ 7.5, 4.25, 7.25, 5.5 ], "texture": "#mesh_atlas" },
				"south": { "uv": [ 7, 1, 7.25, 2.25 ], "texture": "#mesh_atlas" },
				"west": { "uv": [ 15.75, 10, 16, 11.25 ], "texture": "#mesh_atlas" },
				"east": { "uv": [ 8, 3, 7.75, 4.25 ], "texture": "#mesh_atlas" }
			}
		},
		{
			"__comment": "Voxels",
			"from": [ 8, 8, 4.5 ],
			"to": [ 8.5, 8.5, 5 ],
			"faces": {
				"down": { "uv": [ 12, 4.25, 12.25, 4.5 ], "texture": "#mesh_atlas" },
				"up": { "uv": [ 12.25, 4.5, 12.5, 4.25 ], "texture": "#mesh_atlas" },
				"north": { "uv": [ 12.75, 4.25, 12.5, 4.5 ], "texture": "#mesh_atlas" },
				"south": { "uv": [ 11.75, 0, 12, 0.25 ], "texture": "#mesh_atlas" },
				"west": { "uv": [ 13, 4.25, 13.25, 4.5 ], "texture": "#mesh_atlas" },
				"east": { "uv": [ 13.5, 4.25, 13.25, 4.5 ], "texture": "#mesh_atlas" }
			}
		},
		{
			"__comment": "Voxels",
			"from": [ 8, 8.5, 7.5 ],
			"to": [ 8.5, 11, 8 ],
			"faces": {
				"down": { "uv": [ 13.5, 4.25, 13.75, 4.5 ], "texture": "#mesh_atlas" },
				"up": { "uv": [ 13.75, 4.5, 14, 4.25 ], "texture": "#mesh_atlas" },
				"north": { "uv": [ 8.5, 0.5, 8.25, 1.75 ], "texture": "#mesh_atlas" },
				"south": { "uv": [ 8.5, 5.25, 8.75, 6.5 ], "texture": "#mesh_atlas" },
				"west": { "uv": [ 8.5, 4, 8.75, 5.25 ], "texture": "#mesh_atlas" },
				"east": { "uv": [ 8.75, 2.75, 8.5, 4 ], "texture": "#mesh_atlas" }
			}
		},
		{
			"__comment": "Voxels",
			"from": [ 8.5, -0.5, 5.5 ],
			"to": [ 9, 0, 6.5 ],
			"faces": {
				"down": { "uv": [ 10.5, 10.25, 10.75, 10.75 ], "texture": "#mesh_atlas" },
				"up": { "uv": [ 11, 1.25, 11.25, 0.75 ], "texture": "#mesh_atlas" },
				"north": { "uv": [ 15.75, 4.25, 15.5, 4.5 ], "texture": "#mesh_atlas" },
				"south": { "uv": [ 15.75, 4.25, 16, 4.5 ], "texture": "#mesh_atlas" },
				"west": { "uv": [ 13.25, 4.75, 13.75, 5 ], "texture": "#mesh_atlas" },
				"east": { "uv": [ 14.25, 4.75, 13.75, 5 ], "texture": "#mesh_atlas" }
			}
		},
		{
			"__comment": "Voxels",
			"from": [ 8.5, 1.5, 7.5 ],
			"to": [ 9, 3, 8 ],
			"faces": {
				"down": { "uv": [ 11.5, 3.5, 11.75, 3.75 ], "texture": "#mesh_atlas" },
				"up": { "uv": [ 11.5, 3.5, 11.75, 3.25 ], "texture": "#mesh_atlas" },
				"north": { "uv": [ 10.5, 3.5, 10.25, 4.25 ], "texture": "#mesh_atlas" },
				"south": { "uv": [ 10.25, 2.75, 10.5, 3.5 ], "texture": "#mesh_atlas" },
				"west": { "uv": [ 10.25, 2, 10.5, 2.75 ], "texture": "#mesh_atlas" },
				"east": { "uv": [ 10.5, 1.25, 10.25, 2 ], "texture": "#mesh_atlas" }
			}
		},
		{
			"__comment": "Voxels",
			"from": [ 8.5, 2.5, 8 ],
			"to": [ 9, 3.5, 8.5 ],
			"faces": {
				"down": { "uv": [ 11.5, 2, 11.75, 2.25 ], "texture": "#mesh_atlas" },
				"up": { "uv": [ 11.5, 2, 11.75, 1.75 ], "texture": "#mesh_atlas" },
				"north": { "uv": [ 11.25, 0.25, 11, 0.75 ], "texture": "#mesh_atlas" },
				"south": { "uv": [ 11.25, 4, 11.5, 4.5 ], "texture": "#mesh_atlas" },
				"west": { "uv": [ 11.25, 3.5, 11.5, 4 ], "texture": "#mesh_atlas" },
				"east": { "uv": [ 11.5, 3, 11.25, 3.5 ], "texture": "#mesh_atlas" }
			}
		},
		{
			"__comment": "Voxels",
			"from": [ 8.5, 3, 5.5 ],
			"to": [ 9, 3.5, 6 ],
			"faces": {
				"down": { "uv": [ 11.5, 0.5, 11.75, 0.75 ], "texture": "#mesh_atlas" },
				"up": { "uv": [ 11.5, 0.5, 11.75, 0.25 ], "texture": "#mesh_atlas" },
				"north": { "uv": [ 11.75, 0, 11.5, 0.25 ], "texture": "#mesh_atlas" },
				"south": { "uv": [ 11.75, 4, 12, 4.25 ], "texture": "#mesh_atlas" },
				"west": { "uv": [ 12, 4, 12.25, 4.25 ], "texture": "#mesh_atlas" },
				"east": { "uv": [ 12.5, 4, 12.25, 4.25 ], "texture": "#mesh_atlas" }
			}
		},
		{
			"__comment": "Voxels",
			"from": [ 9, 0, 6 ],
			"to": [ 9.5, 2.5, 6.5 ],
			"faces": {
				"down": { "uv": [ 12.5, 4, 12.75, 4.25 ], "texture": "#mesh_atlas" },
				"up": { "uv": [ 12.75, 4.25, 13, 4 ], "texture": "#mesh_atlas" },
				"north": { "uv": [ 8.75, 1.5, 8.5, 2.75 ], "texture": "#mesh_atlas" },
				"south": { "uv": [ 8.5, 0.25, 8.75, 1.5 ], "texture": "#mesh_atlas" },
				"west": { "uv": [ 8.75, 5.25, 9, 6.5 ], "texture": "#mesh_atlas" },
				"east": { "uv": [ 9, 4, 8.75, 5.25 ], "texture": "#mesh_atlas" }
			}
		},
		{
			"__comment": "Voxels",
			"from": [ 9, 0.5, 5.5 ],
			"to": [ 9.5, 2, 6 ],
			"faces": {
				"down": { "uv": [ 14, 4, 14.25, 4.25 ], "texture": "#mesh_atlas" },
				"up": { "uv": [ 14.25, 4.25, 14.5, 4 ], "texture": "#mesh_atlas" },
				"north": { "uv": [ 10.75, 2, 10.5, 2.75 ], "texture": "#mesh_atlas" },
				"south": { "uv": [ 10.5, 1.25, 10.75, 2 ], "texture": "#mesh_atlas" },
				"west": { "uv": [ 10.5, 0.5, 10.75, 1.25 ], "texture": "#mesh_atlas" },
				"east": { "uv": [ 11, 4.25, 10.75, 5 ], "texture": "#mesh_atlas" }
			}
		},
		{
			"__comment": "Voxels",
			"from": [ 9, 7.5, 6 ],
			"to": [ 9.5, 13, 6.5 ],
			"faces": {
				"down": { "uv": [ 15.5, 4, 15.75, 4.25 ], "texture": "#mesh_atlas" },
				"up": { "uv": [ 15.75, 4.25, 16, 4 ], "texture": "#mesh_atlas" },
				"north": { "uv": [ 6.25, 1.5, 6, 4.25 ], "texture": "#mesh_atlas" },
				"south": { "uv": [ 5.75, 4.25, 6, 7 ], "texture": "#mesh_atlas" },
				"west": { "uv": [ 5.75, 1.5, 6, 4.25 ], "texture": "#mesh_atlas" },
				"east": { "uv": [ 6.25, 4.25, 6, 7 ], "texture": "#mesh_atlas" }
			}
		},
		{
			"__comment": "Voxels",
			"from": [ 9, 8, 5.5 ],
			"to": [ 9.5, 10, 6 ],
			"faces": {
				"down": { "uv": [ 11.75, 2.75, 12, 3 ], "texture": "#mesh_atlas" },
				"up": { "uv": [ 11.75, 2.75, 12, 2.5 ], "texture": "#mesh_atlas" },
				"north": { "uv": [ 10, 1.75, 9.75, 2.75 ], "texture": "#mesh_atlas" },
				"south": { "uv": [ 9.75, 0.75, 10, 1.75 ], "texture": "#mesh_atlas" },
				"west": { "uv": [ 10, 4.75, 10.25, 5.75 ], "texture": "#mesh_atlas" },
				"east": { "uv": [ 10.25, 3.75, 10, 4.75 ], "texture": "#mesh_atlas" }
			}
		},
		{
			"__comment": "Voxels",
			"from": [ 9, 11, 7 ],
			"to": [ 9.5, 17.5, 7.5 ],
			"faces": {
				"down": { "uv": [ 11.75, 1.25, 12, 1.5 ], "texture": "#mesh_atlas" },
				"up": { "uv": [ 11.75, 1.25, 12, 1 ], "texture": "#mesh_atlas" },
				"north": { "uv": [ 5.75, 3.5, 5.5, 6.75 ], "texture": "#mesh_atlas" },
				"south": { "uv": [ 5.5, 0.25, 5.75, 3.5 ], "texture": "#mesh_atlas" },
				"west": { "uv": [ 5.5, 6.75, 5.75, 10 ], "texture": "#mesh_atlas" },
				"east": { "uv": [ 5.5, 1.5, 5.25, 4.75 ], "texture": "#mesh_atlas" }
			}
		}
	],
	"display": {
		"thirdperson_righthand": {
			"rotation":  [ 59, 0, 0 ],
			"translation":  [ 0, -4.869, -6.259 ],
			"scale":  [ 0.5, 1.0956, 0.5 ]
		},
		"thirdperson_lefthand": {
			"rotation":  [ 59, 0, 0 ],
			"translation":  [ 0, -4.869, -6.259 ],
			"scale":  [ 0.5, 1.0956, 0.5 ]
		},
		"firstperson_righthand": {
			"rotation":  [ -3, -22, 2 ],
			"translation":  [ 2.0869, -4.173, 2.0869 ],
			"scale":  [ 0.339, 1, 0.2347 ]
		},
		"firstperson_lefthand": {
			"rotation":  [ -3, -22, 2 ],
			"translation":  [ 2.0869, -4.173, 2.0869 ],
			"scale":  [ 0.339, 1, 0.2347 ]
		},
		"gui": {
			"rotation":  [ 30, 225, 52 ],
			"translation":  [ -1.391, 0, 0 ],
			"scale":  [ 0.451, 0.8684, 0.451 ]
		},
		"ground": {
			"rotation":  [ 94, 0, 0 ],
			"scale":  [ 0.5, 2, 0.5 ]
		},
		"fixed": {
			"rotation":  [ 0, 0, 44 ],
			"translation":  [ 0.6963, -0.695, 1.3913 ],
			"scale":  [ -0.868, 0.9999, 0.6868 ]
		}
	}
}
