{
	"credit": "robinnoob220 ;p",
	"textures": {
		"0": "block/planks_big_oak",
		"1": "block/quartz_block_bottom",
		"2": "block/anvil_base",
		"particle": "block/planks_big_oak"
	},
	"elements": [
		{
			"from": [0, 0, 0],
			"to": [16, 1, 16],
			"faces": {
				"north": {"uv": [0, 0, 16, 1], "texture": "#0"},
				"east": {"uv": [0, 0, 16, 1], "texture": "#0"},
				"south": {"uv": [0, 0, 16, 1], "texture": "#0"},
				"west": {"uv": [0, 0, 16, 1], "texture": "#0"},
				"up": {"uv": [0, 0, 16, 16], "texture": "#0"},
				"down": {"uv": [0, 0, 16, 16], "texture": "#0"}
			}
		},
		{
			"from": [0, 15, 0],
			"to": [16, 16, 16],
			"faces": {
				"north": {"uv": [0, 0, 16, 1], "texture": "#0"},
				"east": {"uv": [0, 0, 16, 1], "texture": "#0"},
				"south": {"uv": [0, 0, 16, 1], "texture": "#0"},
				"west": {"uv": [0, 0, 16, 1], "texture": "#0"},
				"up": {"uv": [0, 0, 16, 16], "texture": "#0"},
				"down": {"uv": [0, 0, 16, 16], "texture": "#0"}
			}
		},
		{
			"from": [8.25, 1, 1],
			"to": [15.25, 15, 15],
			"faces": {
				"north": {"uv": [0, 0, 7, 14], "texture": "#1"},
				"east": {"uv": [0, 0, 14, 14], "texture": "#1"},
				"south": {"uv": [0, 0, 7, 14], "texture": "#1"},
				"west": {"uv": [0, 0, 14, 14], "texture": "#1"},
				"up": {"uv": [0, 0, 7, 14], "texture": "#1"},
				"down": {"uv": [0, 0, 7, 14], "texture": "#1"}
			}
		},
		{
			"from": [0.75, 1, 1],
			"to": [7.75, 15, 15],
			"faces": {
				"north": {"uv": [0, 0, 7, 14], "texture": "#1"},
				"east": {"uv": [0, 0, 14, 14], "texture": "#1"},
				"south": {"uv": [0, 0, 7, 14], "texture": "#1"},
				"west": {"uv": [0, 0, 14, 14], "texture": "#1"},
				"up": {"uv": [0, 0, 7, 14], "texture": "#1"},
				"down": {"uv": [0, 0, 7, 14], "texture": "#1"}
			}
		},
		{
			"from": [1, 1, 1.5],
			"to": [9.75, 15, 15.001],
			"faces": {
				"north": {"uv": [0, 0, 8.75, 14], "texture": "#0"},
				"east": {"uv": [0, 0, 13.501, 14], "texture": "#0"},
				"south": {"uv": [0, 0, 8.75, 14], "texture": "#0"},
				"west": {"uv": [0, 0, 13.501, 14], "texture": "#0"},
				"up": {"uv": [0, 0, 8.75, 13.501], "texture": "#0"},
				"down": {"uv": [0, 0, 8.75, 13.501], "texture": "#0"}
			}
		},
		{
			"from": [6, 9, 0.5],
			"to": [7, 10, 1.5],
			"faces": {
				"north": {"uv": [0, 0, 1, 1], "texture": "#2"},
				"east": {"uv": [0, 0, 1, 1], "texture": "#2"},
				"south": {"uv": [0, 0, 1, 1], "texture": "#2"},
				"west": {"uv": [0, 0, 1, 1], "texture": "#2"},
				"up": {"uv": [0, 0, 1, 1], "texture": "#2"},
				"down": {"uv": [0, 0, 1, 1], "texture": "#2"}
			}
		},
		{
			"from": [9, 9, 0.5],
			"to": [10, 10, 1.5],
			"faces": {
				"north": {"uv": [0, 0, 1, 1], "texture": "#2"},
				"east": {"uv": [0, 0, 1, 1], "texture": "#2"},
				"south": {"uv": [0, 0, 1, 1], "texture": "#2"},
				"west": {"uv": [0, 0, 1, 1], "texture": "#2"},
				"up": {"uv": [0, 0, 1, 1], "texture": "#2"},
				"down": {"uv": [0, 0, 1, 1], "texture": "#2"}
			}
		},
		{
			"from": [15.25, 1, 0],
			"to": [16, 15, 16],
			"faces": {
				"north": {"uv": [0, 0, 0.75, 14], "texture": "#0"},
				"east": {"uv": [0, 0, 16, 14], "texture": "#0"},
				"south": {"uv": [0, 0, 0.75, 14], "texture": "#0"},
				"west": {"uv": [0, 0, 16, 14], "texture": "#0"},
				"up": {"uv": [0, 0, 0.75, 16], "texture": "#0"},
				"down": {"uv": [0, 0, 0.75, 16], "texture": "#0"}
			}
		},
		{
			"from": [0, 1, 0],
			"to": [0.75, 15, 16],
			"faces": {
				"north": {"uv": [0, 0, 0.75, 14], "texture": "#0"},
				"east": {"uv": [0, 0, 16, 14], "texture": "#0"},
				"south": {"uv": [0, 0, 0.75, 14], "texture": "#0"},
				"west": {"uv": [0, 0, 16, 14], "texture": "#0"},
				"up": {"uv": [0, 0, 0.75, 16], "texture": "#0"},
				"down": {"uv": [0, 0, 0.75, 16], "texture": "#0"}
			}
		},
		{
			"from": [9, 6, 0.5],
			"to": [10, 7, 1.5],
			"faces": {
				"north": {"uv": [0, 0, 1, 1], "texture": "#2"},
				"east": {"uv": [0, 0, 1, 1], "texture": "#2"},
				"south": {"uv": [0, 0, 1, 1], "texture": "#2"},
				"west": {"uv": [0, 0, 1, 1], "texture": "#2"},
				"up": {"uv": [0, 0, 1, 1], "texture": "#2"},
				"down": {"uv": [0, 0, 1, 1], "texture": "#2"}
			}
		},
		{
			"from": [6, 6, 0.5],
			"to": [7, 7, 1.5],
			"faces": {
				"north": {"uv": [0, 0, 1, 1], "texture": "#2"},
				"east": {"uv": [0, 0, 1, 1], "texture": "#2"},
				"south": {"uv": [0, 0, 1, 1], "texture": "#2"},
				"west": {"uv": [0, 0, 1, 1], "texture": "#2"},
				"up": {"uv": [0, 0, 1, 1], "texture": "#2"},
				"down": {"uv": [0, 0, 1, 1], "texture": "#2"}
			}
		},
		{
			"from": [9, 6, 0],
			"to": [10, 10, 0.5],
			"faces": {
				"north": {"uv": [0, 0, 1, 4], "texture": "#2"},
				"east": {"uv": [0, 0, 0.5, 4], "texture": "#2"},
				"south": {"uv": [0, 0, 1, 4], "texture": "#2"},
				"west": {"uv": [0, 0, 0.5, 4], "texture": "#2"},
				"up": {"uv": [0, 0, 1, 0.5], "texture": "#2"},
				"down": {"uv": [0, 0, 1, 0.5], "texture": "#2"}
			}
		},
		{
			"from": [6, 6, 0],
			"to": [7, 10, 0.5],
			"faces": {
				"north": {"uv": [0, 0, 1, 4], "texture": "#2"},
				"east": {"uv": [0, 0, 0.5, 4], "texture": "#2"},
				"south": {"uv": [0, 0, 1, 4], "texture": "#2"},
				"west": {"uv": [0, 0, 0.5, 4], "texture": "#2"},
				"up": {"uv": [0, 0, 1, 0.5], "texture": "#2"},
				"down": {"uv": [0, 0, 1, 0.5], "texture": "#2"}
			}
		},
		{
			"from": [0.75, 1, 15],
			"to": [15.25, 15, 16],
			"faces": {
				"north": {"uv": [0, 0, 14.5, 14], "texture": "#0"},
				"east": {"uv": [0, 0, 1, 14], "texture": "#0"},
				"south": {"uv": [0, 0, 14.5, 14], "texture": "#0"},
				"west": {"uv": [0, 0, 1, 14], "texture": "#0"},
				"up": {"uv": [0, 0, 14.5, 1], "texture": "#0"},
				"down": {"uv": [0, 0, 14.5, 1], "texture": "#0"}
			}
		}
	],
	"display": {
		"thirdperson_righthand": {
			"rotation": [-95, -180, 0],
			"translation": [0, 1.5, 0],
			"scale": [0.2, 0.2, 0.2]
		},
		"thirdperson_lefthand": {
			"rotation": [-95, -180, 0],
			"translation": [0, 1.5, 0],
			"scale": [0.2, 0.2, 0.2]
		},
		"firstperson_righthand": {
			"rotation": [0, 110.75, 0],
			"translation": [0, 3.4782, 0],
			"scale": [0.3, 0.3, 0.3]
		},
		"firstperson_lefthand": {
			"rotation": [0, 110.75, 0],
			"translation": [0, 3.4782, 0],
			"scale": [0.3, 0.3, 0.3]
		},
		"ground": {
			"translation": [0, 2.7826, 0],
			"scale": [0.2, 0.2, 0.2]
		},
		"gui": {
			"rotation": [28, 138.5, 0],
			"scale": [0.6, 0.6, 0.6]
		},
		"head": {
			"rotation": [0, -180, 0],
			"translation": [0, 8.3478, 0]
		}
	}
}