{
"__comment": "Designed by Timbayens by order of DusDavid (DusDavidGames)",
"textures": {
    "texture": "block/anvil_base",
    "row": "block/hardened_clay_stained_green"
},
"elements": [ 
{
    "from": [ 4.1875, -0.1875, 4.25 ],
    "to": [ 11.6875, 1.1875, 11.75 ],
    "faces": {
        "down":  { "uv": [ 12, 12, 4, 4 ], "texture": "#texture" },
        "up":    { "uv": [ 4, 4, 12, 12 ], "texture": "#texture" },
        "north": { "uv": [ 4, 14.5, 12, 16 ], "texture": "#texture" },
        "south": { "uv": [ 4, 14.5, 12, 16 ], "texture": "#texture" },
        "west":  { "uv": [ 4, 14.5, 12, 16 ], "texture": "#texture" },
        "east":  { "uv": [ 4, 14.5, 12, 16 ], "texture": "#texture" }
    }
},
{
    "from": [ 5, 2.5, 5 ],
    "to": [ 11, 7, 11 ],
    "faces": {
        "down":  { "uv": [ 11, 11, 5, 5 ], "texture": "#texture" },
        "up":    { "uv": [ 5, 5, 11, 11 ], "texture": "#texture" },
        "north": { "uv": [ 5, 9, 11, 13.5 ], "texture": "#texture" },
        "south": { "uv": [ 5, 9, 11, 13.5 ], "texture": "#texture" },
        "west":  { "uv": [ 5, 9, 11, 13.5 ], "texture": "#texture" },
        "east":  { "uv": [ 5, 9, 11, 13.5 ], "texture": "#texture" }
    }
},
{
    "from": [ 5, 1.5, 5 ],
    "to": [ 11, 2.5, 11 ],
    "faces": {
        "down":  { "uv": [ 11, 11, 5, 5 ], "texture": "#row" },
        "up":    { "uv": [ 5, 5, 11, 11 ], "texture": "#row" },
        "north": { "uv": [ 5, 13.5, 11, 14.5 ], "texture": "#row" },
        "south": { "uv": [ 5, 13.5, 11, 14.5 ], "texture": "#row" },
        "west":  { "uv": [ 5, 13.5, 11, 14.5 ], "texture": "#row" },
        "east":  { "uv": [ 5, 13.5, 11, 14.5 ], "texture": "#row" }
    }
},
{
    "from": [ 4.5, 1, 4.5 ],
    "to": [ 11.5, 1.5, 11.5 ],
    "faces": {
        "down":  { "uv": [ 11.5, 11.5, 4.5, 4.5 ], "texture": "#texture" },
        "up":    { "uv": [ 4.5, 4.5, 11.5, 11.5 ], "texture": "#texture" },
        "north": { "uv": [ 4.5, 14.5, 11.5, 15 ], "texture": "#texture" },
        "south": { "uv": [ 4.5, 14.5, 11.5, 15 ], "texture": "#texture" },
        "west":  { "uv": [ 4.5, 14.5, 11.5, 15 ], "texture": "#texture" },
        "east":  { "uv": [ 4.5, 14.5, 11.5, 15 ], "texture": "#texture" }
    }
},
{
    "from": [ 5.5, 6.75, 5.5 ],
    "to": [ 10.5, 7.25, 10.5 ],
    "faces": {
        "down":  { "uv": [ 10.5, 10.5, 5.5, 5.5 ], "texture": "#texture" },
        "up":    { "uv": [ 5.5, 5.5, 10.5, 10.5 ], "texture": "#texture" },
        "north": { "uv": [ 5.5, 8.75, 10.5, 9.25 ], "texture": "#texture" },
        "south": { "uv": [ 5.5, 8.75, 10.5, 9.25 ], "texture": "#texture" },
        "west":  { "uv": [ 5.5, 8.75, 10.5, 9.25 ], "texture": "#texture" },
        "east":  { "uv": [ 5.5, 8.75, 10.5, 9.25 ], "texture": "#texture" }
    }
},
{
    "from": [ 4.75, 0.5, 5.5 ],
    "to": [ 5.75, 6.5, 10.5 ],
    "faces": {
        "down":  { "uv": [ 11.25, 10.5, 10.25, 5.5 ], "texture": "#texture" },
        "up":    { "uv": [ 4.75, 5.5, 5.75, 10.5 ], "texture": "#texture" },
        "north": { "uv": [ 10.25, 9.5, 11.25, 15.5 ], "texture": "#texture" },
        "south": { "uv": [ 4.75, 9.5, 5.75, 15.5 ], "texture": "#texture" },
        "west":  { "uv": [ 5.5, 9.5, 10.5, 15.5 ], "texture": "#texture" },
        "east":  { "uv": [ 5.5, 9.5, 10.5, 15.5 ], "texture": "#texture" }
    }
},
{
    "from": [ 10.3125, 0.5, 5.5 ],
    "to": [ 11.3125, 6.5, 10.5 ],
    "faces": {
        "down":  { "uv": [ 5.6875, 10.5, 4.6875, 5.5 ], "texture": "#texture" },
        "up":    { "uv": [ 10.3125, 5.5, 11.3125, 10.5 ], "texture": "#texture" },
        "north": { "uv": [ 4.6875, 9.5, 5.6875, 15.5 ], "texture": "#texture" },
        "south": { "uv": [ 10.3125, 9.5, 11.3125, 15.5 ], "texture": "#texture" },
        "west":  { "uv": [ 5.5, 9.5, 10.5, 15.5 ], "texture": "#texture" },
        "east":  { "uv": [ 5.5, 9.5, 10.5, 15.5 ], "texture": "#texture" }
    }
},
{
    "from": [ 5.5, 0.5, 4.6875 ],
    "to": [ 10.5, 6.5, 5.1875 ],
    "faces": {
        "down":  { "uv": [ 10.5, 5.1875, 5.5, 4.6875 ], "texture": "#texture" },
        "up":    { "uv": [ 5.5, 4.6875, 10.5, 5.1875 ], "texture": "#texture" },
        "north": { "uv": [ 5.5, 9.5, 10.5, 15.5 ], "texture": "#texture" },
        "south": { "uv": [ 5.5, 9.5, 10.5, 15.5 ], "texture": "#texture" },
        "west":  { "uv": [ 4.6875, 9.5, 5.1875, 15.5 ], "texture": "#texture" },
        "east":  { "uv": [ 10.8125, 9.5, 11.3125, 15.5 ], "texture": "#texture" }
    }
},
{
    "from": [ 5.5, 0.5, 10.8125 ],
    "to": [ 10.5, 6.5, 11.3125 ],
    "faces": {
        "down":  { "uv": [ 10.5, 11.3125, 5.5, 10.8125 ], "texture": "#texture" },
        "up":    { "uv": [ 5.5, 10.8125, 10.5, 11.3125 ], "texture": "#texture" },
        "north": { "uv": [ 5.5, 9.5, 10.5, 15.5 ], "texture": "#texture" },
        "south": { "uv": [ 5.5, 9.5, 10.5, 15.5 ], "texture": "#texture" },
        "west":  { "uv": [ 10.8125, 9.5, 11.3125, 15.5 ], "texture": "#texture" },
        "east":  { "uv": [ 4.6875, 9.5, 5.1875, 15.5 ], "texture": "#texture" }
    }
},
{
    "from": [ 4.6875, 1.5, 5.25 ],
    "to": [ 5.1875, 2.5, 10.75 ],
    "faces": {
        "down":  { "uv": [ 11.3125, 10.75, 10.8125, 5.25 ], "texture": "#row" },
        "up":    { "uv": [ 4.6875, 5.25, 5.1875, 10.75 ], "texture": "#row" },
        "north": { "uv": [ 10.8125, 13.5, 11.3125, 14.5 ], "texture": "#row" },
        "south": { "uv": [ 4.6875, 13.5, 5.1875, 14.5 ], "texture": "#row" },
        "west":  { "uv": [ 5.25, 13.5, 10.75, 14.5 ], "texture": "#row" },
        "east":  { "uv": [ 5.25, 13.5, 10.75, 14.5 ], "texture": "#row" }
    }
},
{
    "from": [ 5.25, 1.5, 10.875 ],
    "to": [ 10.75, 2.5, 11.375 ],
    "faces": {
        "down":  { "uv": [ 10.75, 11.375, 5.25, 10.875 ], "texture": "#row" },
        "up":    { "uv": [ 5.25, 10.875, 10.75, 11.375 ], "texture": "#row" },
        "north": { "uv": [ 5.25, 13.5, 10.75, 14.5 ], "texture": "#row" },
        "south": { "uv": [ 5.25, 13.5, 10.75, 14.5 ], "texture": "#row" },
        "west":  { "uv": [ 10.875, 13.5, 11.375, 14.5 ], "texture": "#row" },
        "east":  { "uv": [ 4.625, 13.5, 5.125, 14.5 ], "texture": "#row" }
    }
},
{
    "from": [ 10.4375, 1.5, 5.25 ],
    "to": [ 11.4375, 2.5, 10.75 ],
    "faces": {
        "down":  { "uv": [ 5.5625, 10.75, 4.5625, 5.25 ], "texture": "#row" },
        "up":    { "uv": [ 10.4375, 5.25, 11.4375, 10.75 ], "texture": "#row" },
        "north": { "uv": [ 4.5625, 13.5, 5.5625, 14.5 ], "texture": "#row" },
        "south": { "uv": [ 10.4375, 13.5, 11.4375, 14.5 ], "texture": "#row" },
        "west":  { "uv": [ 5.25, 13.5, 10.75, 14.5 ], "texture": "#row" },
        "east":  { "uv": [ 5.25, 13.5, 10.75, 14.5 ], "texture": "#row" }
    }
},
{
    "from": [ 5.25, 1.5, 4.625 ],
    "to": [ 10.75, 2.5, 5.125 ],
    "faces": {
        "down":  { "uv": [ 10.75, 5.125, 5.25, 4.625 ], "texture": "#row" },
        "up":    { "uv": [ 5.25, 4.625, 10.75, 5.125 ], "texture": "#row" },
        "north": { "uv": [ 5.25, 13.5, 10.75, 14.5 ], "texture": "#row" },
        "south": { "uv": [ 5.25, 13.5, 10.75, 14.5 ], "texture": "#row" },
        "west":  { "uv": [ 4.625, 13.5, 5.125, 14.5 ], "texture": "#row" },
        "east":  { "uv": [ 10.875, 13.5, 11.375, 14.5 ], "texture": "#row" }
    }
},
{
    "from": [ 4.9375, 1.5, 4.9375 ],
    "to": [ 5.9375, 2.5, 5.9375 ],
    "faces": {
        "down":  { "uv": [ 11.0625, 5.9375, 10.0625, 4.9375 ], "texture": "#row" },
        "up":    { "uv": [ 4.9375, 4.9375, 5.9375, 5.9375 ], "texture": "#row" },
        "north": { "uv": [ 10.0625, 13.5, 11.0625, 14.5 ], "texture": "#row" },
        "south": { "uv": [ 4.9375, 13.5, 5.9375, 14.5 ], "texture": "#row" },
        "west":  { "uv": [ 4.9375, 13.5, 5.9375, 14.5 ], "texture": "#row" },
        "east":  { "uv": [ 10.0625, 13.5, 11.0625, 14.5 ], "texture": "#row" }
    }
},
{
    "from": [ 10.0625, 1.5, 4.9375 ],
    "to": [ 11.0625, 2.5, 5.9375 ],
    "faces": {
        "down":  { "uv": [ 5.9375, 5.9375, 4.9375, 4.9375 ], "texture": "#row" },
        "up":    { "uv": [ 10.0625, 4.9375, 11.0625, 5.9375 ], "texture": "#row" },
        "north": { "uv": [ 4.9375, 13.5, 5.9375, 14.5 ], "texture": "#row" },
        "south": { "uv": [ 10.0625, 13.5, 11.0625, 14.5 ], "texture": "#row" },
        "west":  { "uv": [ 4.9375, 13.5, 5.9375, 14.5 ], "texture": "#row" },
        "east":  { "uv": [ 10.0625, 13.5, 11.0625, 14.5 ], "texture": "#row" }
    }
},
{
    "from": [ 4.9375, 1.5, 10.0625 ],
    "to": [ 5.9375, 2.5, 11.0625 ],
    "faces": {
        "down":  { "uv": [ 11.0625, 11.0625, 10.0625, 10.0625 ], "texture": "#row" },
        "up":    { "uv": [ 4.9375, 10.0625, 5.9375, 11.0625 ], "texture": "#row" },
        "north": { "uv": [ 10.0625, 13.5, 11.0625, 14.5 ], "texture": "#row" },
        "south": { "uv": [ 4.9375, 13.5, 5.9375, 14.5 ], "texture": "#row" },
        "west":  { "uv": [ 10.0625, 13.5, 11.0625, 14.5 ], "texture": "#row" },
        "east":  { "uv": [ 4.9375, 13.5, 5.9375, 14.5 ], "texture": "#row" }
    }
},
{
    "from": [ 10.0625, 1.5, 10.0625 ],
    "to": [ 11.0625, 2.5, 11.0625 ],
    "faces": {
        "down":  { "uv": [ 5.9375, 11.0625, 4.9375, 10.0625 ], "texture": "#row" },
        "up":    { "uv": [ 10.0625, 10.0625, 11.0625, 11.0625 ], "texture": "#row" },
        "north": { "uv": [ 4.9375, 13.5, 5.9375, 14.5 ], "texture": "#row" },
        "south": { "uv": [ 10.0625, 13.5, 11.0625, 14.5 ], "texture": "#row" },
        "west":  { "uv": [ 10.0625, 13.5, 11.0625, 14.5 ], "texture": "#row" },
        "east":  { "uv": [ 4.9375, 13.5, 5.9375, 14.5 ], "texture": "#row" }
    }
}
],
"display": {
    "thirdperson_righthand": {
        "rotation": [ 95, 92, -68 ],
        "translation": [ -0.32, 5.38, 4.12 ],
        "scale": [ 0.9, 0.9, 0.9 ]
    },
    "thirdperson_lefthand": {
        "rotation": [ 95, 92, -68 ],
        "translation": [ -0.32, 5.38, 4.12 ],
        "scale": [ 0.9, 0.9, 0.9 ]
    },
    "head": {
        "rotation": [ 0, 0, 0 ],
        "translation": [ 0.06, 21.21, 0 ],
        "scale": [ 2, 2, 2 ]
    },
    "ground": {
        "rotation": [ 0, 0, 0 ],
        "translation": [ 0, 5.67, 0 ],
        "scale": [ 0.9, 0.9, 0.9 ]
    },
    "fixed": {
        "rotation": [ 0, -42, 0 ],
        "translation": [ 0, 6.65, -0.56 ],
        "scale": [ 1.5, 1.5, 1.5 ]
    },
    "firstperson_righthand": {
        "rotation": [ 62, -76, 58 ],
        "translation": [ -3.36, 6.14, 1.71 ],
        "scale": [ 0.75, 0.75, 0.75 ]
    },
    "firstperson_lefthand": {
        "rotation": [ 62, -76, 58 ],
        "translation": [ -3.36, 6.14, 1.71 ],
        "scale": [ 0.75, 0.75, 0.75 ]
    },
    "gui": {
        "rotation": [ 20, 135, 0 ],
        "translation": [ -0.19, 5.76, 0 ],
        "scale": [ 1.3, 1.3, 1.3 ]
    }
}
}