{
	"credit": "robinnoob220 ;p",
	"texture_size": [128, 128],
	"textures": {
		"0": "blocks/wassing",
		"particle": "blocks/wassing"
	},
	"elements": [
		{
			"from": [0, 0, 0],
			"to": [16, 1, 16],
			"faces": {
				"north": {"uv": [6, 1.625, 8, 1.75], "texture": "#0"},
				"east": {"uv": [6.125, 4, 8.125, 4.125], "texture": "#0"},
				"south": {"uv": [6.25, 1.25, 8.25, 1.375], "texture": "#0"},
				"west": {"uv": [6.625, 3.625, 8.625, 3.75], "texture": "#0"},
				"up": {"uv": [2, 2, 0, 0], "texture": "#0"},
				"down": {"uv": [2, 2, 0, 4], "texture": "#0"}
			}
		},
		{
			"from": [7, 1, 4],
			"to": [9, 2, 15],
			"rotation": {"angle": 0, "axis": "y", "origin": [1, 0, 0]},
			"faces": {
				"north": {"uv": [8.5, 1.625, 8.75, 1.75], "texture": "#0"},
				"east": {"uv": [7.125, 2.5, 8.5, 2.625], "texture": "#0"},
				"south": {"uv": [0.5, 9, 0.75, 9.125], "texture": "#0"},
				"west": {"uv": [7.125, 2.625, 8.5, 2.75], "texture": "#0"},
				"up": {"uv": [6, 5.875, 5.75, 4.5], "texture": "#0"},
				"down": {"uv": [5.875, 5.875, 5.625, 7.25], "texture": "#0"}
			}
		},
		{
			"from": [9.83941, -1.21998, 4],
			"to": [11.83941, -0.21998, 15],
			"rotation": {"angle": 22.5, "axis": "z", "origin": [3.83941, -2.21998, 0]},
			"faces": {
				"north": {"uv": [0.75, 9, 1, 9.125], "texture": "#0"},
				"east": {"uv": [7.125, 2.75, 8.5, 2.875], "texture": "#0"},
				"south": {"uv": [1, 9, 1.25, 9.125], "texture": "#0"},
				"west": {"uv": [7.125, 2.875, 8.5, 3], "texture": "#0"},
				"up": {"uv": [6.125, 7.25, 5.875, 5.875], "texture": "#0"},
				"down": {"uv": [6.25, 0, 6, 1.375], "texture": "#0"}
			}
		},
		{
			"from": [13.46456, 1.88781, 4],
			"to": [15.46456, 2.88781, 15],
			"rotation": {"angle": 45, "axis": "z", "origin": [12.30397, -1.33217, 0]},
			"faces": {
				"north": {"uv": [9, 1, 9.25, 1.125], "texture": "#0"},
				"east": {"uv": [7.125, 3, 8.5, 3.125], "texture": "#0"},
				"south": {"uv": [9, 1.125, 9.25, 1.25], "texture": "#0"},
				"west": {"uv": [7.125, 3.125, 8.5, 3.25], "texture": "#0"},
				"up": {"uv": [6.25, 5.875, 6, 4.5], "texture": "#0"},
				"down": {"uv": [6.375, 2.375, 6.125, 3.75], "texture": "#0"}
			}
		},
		{
			"from": [8.88975, 3.25362, 4],
			"to": [9.88975, 5.25362, 15],
			"rotation": {"angle": -22.5, "axis": "z", "origin": [10.88975, -2.74638, 0]},
			"faces": {
				"north": {"uv": [5.625, 3.5, 5.75, 3.75], "texture": "#0"},
				"east": {"uv": [4, 3.5, 5.375, 3.75], "texture": "#0"},
				"south": {"uv": [0.625, 7.75, 0.75, 8], "texture": "#0"},
				"west": {"uv": [6, 1.375, 7.375, 1.625], "texture": "#0"},
				"up": {"uv": [6.25, 8.5, 6.125, 7.125], "texture": "#0"},
				"down": {"uv": [6.375, 7.125, 6.25, 8.5], "texture": "#0"}
			}
		},
		{
			"from": [12.02734, 5.02734, 4],
			"to": [13.02734, 7.02734, 15],
			"rotation": {"angle": 0, "axis": "y", "origin": [14.02734, -0.97266, 0]},
			"faces": {
				"north": {"uv": [3.375, 7.875, 3.5, 8.125], "texture": "#0"},
				"east": {"uv": [6.125, 3.75, 7.5, 4], "texture": "#0"},
				"south": {"uv": [5.5, 8.125, 5.625, 8.375], "texture": "#0"},
				"west": {"uv": [3.875, 6.125, 5.25, 6.375], "texture": "#0"},
				"up": {"uv": [6.5, 8.5, 6.375, 7.125], "texture": "#0"},
				"down": {"uv": [6.625, 7.125, 6.5, 8.5], "texture": "#0"}
			}
		},
		{
			"from": [14.24732, 7.86675, 4],
			"to": [15.24732, 9.86675, 15],
			"rotation": {"angle": 22.5, "axis": "z", "origin": [16.24732, 1.86675, 0]},
			"faces": {
				"north": {"uv": [3.75, 8.25, 3.875, 8.5], "texture": "#0"},
				"east": {"uv": [6.125, 5.875, 7.5, 6.125], "texture": "#0"},
				"south": {"uv": [5.5, 8.375, 5.625, 8.625], "texture": "#0"},
				"west": {"uv": [6.125, 6.125, 7.5, 6.375], "texture": "#0"},
				"up": {"uv": [6.75, 8.5, 6.625, 7.125], "texture": "#0"},
				"down": {"uv": [6.875, 7.125, 6.75, 8.5], "texture": "#0"}
			}
		},
		{
			"from": [11.13953, 11.4919, 4],
			"to": [12.13953, 13.4919, 15],
			"rotation": {"angle": 45, "axis": "z", "origin": [15.35951, 10.3313, 0]},
			"faces": {
				"north": {"uv": [1.25, 9, 1.375, 9.25], "texture": "#0"},
				"east": {"uv": [6.25, 0, 7.625, 0.25], "texture": "#0"},
				"south": {"uv": [9, 1.25, 9.125, 1.5], "texture": "#0"},
				"west": {"uv": [6.25, 0.25, 7.625, 0.5], "texture": "#0"},
				"up": {"uv": [7, 8.5, 6.875, 7.125], "texture": "#0"},
				"down": {"uv": [7.125, 7.125, 7, 8.5], "texture": "#0"}
			}
		},
		{
			"from": [8.77372, 6.91709, 4],
			"to": [10.77372, 7.91709, 15],
			"rotation": {"angle": -22.5, "axis": "z", "origin": [16.77372, 8.91709, 0]},
			"faces": {
				"north": {"uv": [1.375, 9, 1.625, 9.125], "texture": "#0"},
				"east": {"uv": [7.125, 3.25, 8.5, 3.375], "texture": "#0"},
				"south": {"uv": [9, 1.5, 9.25, 1.625], "texture": "#0"},
				"west": {"uv": [7.125, 3.375, 8.5, 3.5], "texture": "#0"},
				"up": {"uv": [5.5, 7.5, 5.25, 6.125], "texture": "#0"},
				"down": {"uv": [6.5, 4.5, 6.25, 5.875], "texture": "#0"}
			}
		},
		{
			"from": [7, 10.05468, 4],
			"to": [9, 11.05468, 15],
			"rotation": {"angle": 0, "axis": "y", "origin": [15, 12.05468, 0]},
			"faces": {
				"north": {"uv": [1.625, 9, 1.875, 9.125], "texture": "#0"},
				"east": {"uv": [7.125, 3.5, 8.5, 3.625], "texture": "#0"},
				"south": {"uv": [9, 1.625, 9.25, 1.75], "texture": "#0"},
				"west": {"uv": [7.125, 7.125, 8.5, 7.25], "texture": "#0"},
				"up": {"uv": [2, 7.75, 1.75, 6.375], "texture": "#0"},
				"down": {"uv": [2.25, 6.375, 2, 7.75], "texture": "#0"}
			}
		},
		{
			"from": [4.16059, 12.27466, 4],
			"to": [6.16059, 13.27466, 15],
			"rotation": {"angle": 22.5, "axis": "z", "origin": [12.16059, 14.27466, 0]},
			"faces": {
				"north": {"uv": [1.875, 9, 2.125, 9.125], "texture": "#0"},
				"east": {"uv": [7.125, 7.25, 8.5, 7.375], "texture": "#0"},
				"south": {"uv": [9, 1.875, 9.25, 2], "texture": "#0"},
				"west": {"uv": [7.375, 1.375, 8.75, 1.5], "texture": "#0"},
				"up": {"uv": [2.5, 7.75, 2.25, 6.375], "texture": "#0"},
				"down": {"uv": [6.625, 2.375, 6.375, 3.75], "texture": "#0"}
			}
		},
		{
			"from": [0.53544, 9.16687, 4],
			"to": [2.53544, 10.16687, 15],
			"rotation": {"angle": 45, "axis": "z", "origin": [3.69603, 13.38685, 0]},
			"faces": {
				"north": {"uv": [9, 2, 9.25, 2.125], "texture": "#0"},
				"east": {"uv": [7.375, 1.5, 8.75, 1.625], "texture": "#0"},
				"south": {"uv": [2.125, 9, 2.375, 9.125], "texture": "#0"},
				"west": {"uv": [7.125, 7.375, 8.5, 7.5], "texture": "#0"},
				"up": {"uv": [2.75, 7.75, 2.5, 6.375], "texture": "#0"},
				"down": {"uv": [3, 6.375, 2.75, 7.75], "texture": "#0"}
			}
		},
		{
			"from": [6.11025, 6.80106, 4],
			"to": [7.11025, 8.80106, 15],
			"rotation": {"angle": -22.5, "axis": "z", "origin": [5.11025, 14.80106, 0]},
			"faces": {
				"north": {"uv": [9, 2.125, 9.125, 2.375], "texture": "#0"},
				"east": {"uv": [6.25, 0.5, 7.625, 0.75], "texture": "#0"},
				"south": {"uv": [2.375, 9, 2.5, 9.25], "texture": "#0"},
				"west": {"uv": [6.25, 0.75, 7.625, 1], "texture": "#0"},
				"up": {"uv": [4, 8.625, 3.875, 7.25], "texture": "#0"},
				"down": {"uv": [4.125, 7.25, 4, 8.625], "texture": "#0"}
			}
		},
		{
			"from": [2.97266, 5.02734, 4],
			"to": [3.97266, 7.02734, 15],
			"rotation": {"angle": 0, "axis": "y", "origin": [1.97266, 13.02734, 0]},
			"faces": {
				"north": {"uv": [2.5, 9, 2.625, 9.25], "texture": "#0"},
				"east": {"uv": [6.25, 1, 7.625, 1.25], "texture": "#0"},
				"south": {"uv": [9, 2.5, 9.125, 2.75], "texture": "#0"},
				"west": {"uv": [3.875, 6.375, 5.25, 6.625], "texture": "#0"},
				"up": {"uv": [4.25, 8.625, 4.125, 7.25], "texture": "#0"},
				"down": {"uv": [4.375, 7.25, 4.25, 8.625], "texture": "#0"}
			}
		},
		{
			"from": [0.75268, 2.18793, 4],
			"to": [1.75268, 4.18793, 15],
			"rotation": {"angle": 22.5, "axis": "z", "origin": [-0.24732, 10.18793, 0]},
			"faces": {
				"north": {"uv": [2.625, 9, 2.75, 9.25], "texture": "#0"},
				"east": {"uv": [6.125, 6.375, 7.5, 6.625], "texture": "#0"},
				"south": {"uv": [9, 2.75, 9.125, 3], "texture": "#0"},
				"west": {"uv": [6.5, 4.5, 7.875, 4.75], "texture": "#0"},
				"up": {"uv": [5.75, 8.625, 5.625, 7.25], "texture": "#0"},
				"down": {"uv": [5.875, 7.25, 5.75, 8.625], "texture": "#0"}
			}
		},
		{
			"from": [3.86047, -1.43722, 4],
			"to": [4.86047, 0.56278, 15],
			"rotation": {"angle": 45, "axis": "z", "origin": [0.64049, 1.72337, 0]},
			"faces": {
				"north": {"uv": [9, 3, 9.125, 3.25], "texture": "#0"},
				"east": {"uv": [6.5, 4.75, 7.875, 5], "texture": "#0"},
				"south": {"uv": [9, 3.25, 9.125, 3.5], "texture": "#0"},
				"west": {"uv": [6.5, 5, 7.875, 5.25], "texture": "#0"},
				"up": {"uv": [6, 8.625, 5.875, 7.25], "texture": "#0"},
				"down": {"uv": [6.125, 7.25, 6, 8.625], "texture": "#0"}
			}
		},
		{
			"from": [5.22628, 4.13759, 4],
			"to": [7.22628, 5.13759, 15],
			"rotation": {"angle": -22.5, "axis": "z", "origin": [-0.77372, 3.13759, 0]},
			"faces": {
				"north": {"uv": [3.5, 9, 3.75, 9.125], "texture": "#0"},
				"east": {"uv": [0, 7.5, 1.375, 7.625], "texture": "#0"},
				"south": {"uv": [9, 3.75, 9.25, 3.875], "texture": "#0"},
				"west": {"uv": [7.5, 1.75, 8.875, 1.875], "texture": "#0"},
				"up": {"uv": [3.25, 7.75, 3, 6.375], "texture": "#0"},
				"down": {"uv": [3.5, 6.375, 3.25, 7.75], "texture": "#0"}
			}
		},
		{
			"from": [0, 1, 0],
			"to": [1, 16, 16],
			"faces": {
				"north": {"uv": [4.75, 6.625, 4.875, 8.5], "texture": "#0"},
				"east": {"uv": [2, 0, 4, 1.875], "texture": "#0"},
				"south": {"uv": [4.875, 6.625, 5, 8.5], "texture": "#0"},
				"west": {"uv": [2, 1.875, 4, 3.75], "texture": "#0"},
				"up": {"uv": [5.625, 8.125, 5.5, 6.125], "texture": "#0"},
				"down": {"uv": [4.5, 6.625, 4.375, 8.625], "texture": "#0"}
			}
		},
		{
			"from": [15, 1, 0],
			"to": [16, 15, 16],
			"faces": {
				"north": {"uv": [5, 6.625, 5.125, 8.375], "texture": "#0"},
				"east": {"uv": [0, 4, 2, 5.75], "texture": "#0"},
				"south": {"uv": [5.125, 6.625, 5.25, 8.375], "texture": "#0"},
				"west": {"uv": [4, 0, 6, 1.75], "texture": "#0"},
				"up": {"uv": [4.625, 8.625, 4.5, 6.625], "texture": "#0"},
				"down": {"uv": [4.75, 6.625, 4.625, 8.625], "texture": "#0"}
			}
		},
		{
			"from": [1, 15, 0],
			"to": [16, 16, 16],
			"faces": {
				"north": {"uv": [6.125, 6.875, 8, 7], "texture": "#0"},
				"east": {"uv": [6.125, 6.625, 8.125, 6.75], "texture": "#0"},
				"south": {"uv": [7, 5.25, 8.875, 5.375], "texture": "#0"},
				"west": {"uv": [6.125, 6.75, 8.125, 6.875], "texture": "#0"},
				"up": {"uv": [3.875, 5.75, 2, 3.75], "texture": "#0"},
				"down": {"uv": [5.75, 3.75, 3.875, 5.75], "texture": "#0"}
			}
		},
		{
			"from": [1, 1, 0],
			"to": [15, 15, 3],
			"rotation": {"angle": 0, "axis": "y", "origin": [17, 0, -15]},
			"faces": {
				"north": {"uv": [4, 1.75, 5.75, 3.5], "texture": "#0"},
				"east": {"uv": [5.75, 2.375, 6.125, 4.125], "texture": "#0"},
				"south": {"uv": [0, 5.75, 1.75, 7.5], "texture": "#0"},
				"west": {"uv": [3.5, 5.75, 3.875, 7.5], "texture": "#0"},
				"up": {"uv": [5.625, 6.125, 3.875, 5.75], "texture": "#0"},
				"down": {"uv": [7.5, 4.125, 5.75, 4.5], "texture": "#0"}
			}
		},
		{
			"from": [9.83941, -0.46998, 2],
			"to": [11.58941, 1.03002, 4],
			"rotation": {"angle": 22.5, "axis": "z", "origin": [4.08941, -1.96998, 0]},
			"faces": {
				"north": {"uv": [3.25, 8.375, 3.5, 8.5625], "texture": "#0"},
				"east": {"uv": [5, 8.375, 5.25, 8.5625], "texture": "#0"},
				"south": {"uv": [7.125, 8.375, 7.375, 8.5625], "texture": "#0"},
				"west": {"uv": [7.375, 8.375, 7.625, 8.5625], "texture": "#0"},
				"up": {"uv": [5.625, 3.75, 5.375, 3.5], "texture": "#0"},
				"down": {"uv": [3.125, 7.875, 2.875, 8.125], "texture": "#0"}
			}
		},
		{
			"from": [13.17471, -1.40895, 1.998],
			"to": [14.92471, 0.09105, 3.998],
			"rotation": {"angle": 45, "axis": "z", "origin": [7.42471, -2.90895, 0]},
			"faces": {
				"north": {"uv": [8.375, 7.5, 8.625, 7.6875], "texture": "#0"},
				"east": {"uv": [7.625, 8.375, 7.875, 8.5625], "texture": "#0"},
				"south": {"uv": [8.375, 7.75, 8.625, 7.9375], "texture": "#0"},
				"west": {"uv": [7.875, 8.375, 8.125, 8.5625], "texture": "#0"},
				"up": {"uv": [3.375, 8.125, 3.125, 7.875], "texture": "#0"},
				"down": {"uv": [8.125, 4.5, 7.875, 4.75], "texture": "#0"}
			}
		},
		{
			"from": [10.88782, 4.94438, 1.998],
			"to": [12.38782, 6.69438, 3.998],
			"rotation": {"angle": 0, "axis": "z", "origin": [13.88782, -0.80562, 0]},
			"faces": {
				"north": {"uv": [8.375, 8, 8.5625, 8.25], "texture": "#0"},
				"east": {"uv": [7.875, 4.75, 8.125, 5], "texture": "#0"},
				"south": {"uv": [8.125, 8.375, 8.3125, 8.625], "texture": "#0"},
				"west": {"uv": [7.875, 5, 8.125, 5.25], "texture": "#0"},
				"up": {"uv": [8.5625, 8.5, 8.375, 8.25], "texture": "#0"},
				"down": {"uv": [0.1875, 8.5, 0, 8.75], "texture": "#0"}
			}
		},
		{
			"from": [7.86545, 3.24992, 2],
			"to": [9.36545, 4.99992, 4],
			"rotation": {"angle": -22.5, "axis": "z", "origin": [10.86545, -2.50008, 0]},
			"faces": {
				"north": {"uv": [0.25, 8.5, 0.4375, 8.75], "texture": "#0"},
				"east": {"uv": [7.125, 7.875, 7.375, 8.125], "texture": "#0"},
				"south": {"uv": [0.5, 8.5, 0.6875, 8.75], "texture": "#0"},
				"west": {"uv": [7.375, 7.875, 7.625, 8.125], "texture": "#0"},
				"up": {"uv": [0.9375, 8.75, 0.75, 8.5], "texture": "#0"},
				"down": {"uv": [1.1875, 8.5, 1, 8.75], "texture": "#0"}
			}
		},
		{
			"from": [6.23858, 5.41334, 2],
			"to": [7.73858, 7.16334, 4],
			"rotation": {"angle": 22.5, "axis": "z", "origin": [9.73858, -0.58666, 0]},
			"faces": {
				"north": {"uv": [8.5, 1, 8.6875, 1.25], "texture": "#0"},
				"east": {"uv": [7.625, 7.875, 7.875, 8.125], "texture": "#0"},
				"south": {"uv": [1.25, 8.5, 1.4375, 8.75], "texture": "#0"},
				"west": {"uv": [7.875, 7.875, 8.125, 8.125], "texture": "#0"},
				"up": {"uv": [1.6875, 8.75, 1.5, 8.5], "texture": "#0"},
				"down": {"uv": [1.9375, 8.5, 1.75, 8.75], "texture": "#0"}
			}
		},
		{
			"from": [8.59546, 6.62658, 1.998],
			"to": [10.09546, 8.37658, 3.998],
			"rotation": {"angle": 45, "axis": "z", "origin": [12.09546, 0.62658, 0]},
			"faces": {
				"north": {"uv": [8.5, 1.875, 8.6875, 2.125], "texture": "#0"},
				"east": {"uv": [0, 8, 0.25, 8.25], "texture": "#0"},
				"south": {"uv": [2, 8.5, 2.1875, 8.75], "texture": "#0"},
				"west": {"uv": [0.25, 8, 0.5, 8.25], "texture": "#0"},
				"up": {"uv": [8.6875, 2.375, 8.5, 2.125], "texture": "#0"},
				"down": {"uv": [2.4375, 8.5, 2.25, 8.75], "texture": "#0"}
			}
		},
		{
			"from": [6.05864, -0.85058, 2],
			"to": [7.80864, 0.64942, 4],
			"rotation": {"angle": -22.5, "axis": "z", "origin": [13.80864, 2.64942, 0]},
			"faces": {
				"north": {"uv": [2.5, 8.5, 2.75, 8.6875], "texture": "#0"},
				"east": {"uv": [8.5, 2.5, 8.75, 2.6875], "texture": "#0"},
				"south": {"uv": [8.5, 2.75, 8.75, 2.9375], "texture": "#0"},
				"west": {"uv": [8.5, 3, 8.75, 3.1875], "texture": "#0"},
				"up": {"uv": [0.75, 8.25, 0.5, 8], "texture": "#0"},
				"down": {"uv": [2, 8, 1.75, 8.25], "texture": "#0"}
			}
		},
		{
			"from": [6.86732, 1.67388, 1.998],
			"to": [8.86732, 3.17388, 3.998],
			"rotation": {"angle": 0, "axis": "z", "origin": [14.86732, 5.17388, 0]},
			"faces": {
				"north": {"uv": [8.5, 3.25, 8.75, 3.4375], "texture": "#0"},
				"east": {"uv": [3.5, 8.5, 3.75, 8.6875], "texture": "#0"},
				"south": {"uv": [8.5, 3.75, 8.75, 3.9375], "texture": "#0"},
				"west": {"uv": [8.5, 4, 8.75, 4.1875], "texture": "#0"},
				"up": {"uv": [2.25, 8.25, 2, 8], "texture": "#0"},
				"down": {"uv": [2.5, 8, 2.25, 8.25], "texture": "#0"}
			}
		},
		{
			"from": [3.59681, 5.19438, 1.998],
			"to": [5.09681, 6.94438, 3.998],
			"rotation": {"angle": 0, "axis": "z", "origin": [2.09681, 12.69438, 0]},
			"faces": {
				"north": {"uv": [8.5, 4.25, 8.6875, 4.5], "texture": "#0"},
				"east": {"uv": [2.5, 8, 2.75, 8.25], "texture": "#0"},
				"south": {"uv": [4.75, 8.5, 4.9375, 8.75], "texture": "#0"},
				"west": {"uv": [8, 6.875, 8.25, 7.125], "texture": "#0"},
				"up": {"uv": [5.4375, 8.75, 5.25, 8.5], "texture": "#0"},
				"down": {"uv": [8.6875, 5.875, 8.5, 6.125], "texture": "#0"}
			}
		},
		{
			"from": [6.61918, 6.88885, 2],
			"to": [8.11918, 8.63885, 4],
			"rotation": {"angle": -22.5, "axis": "z", "origin": [5.11918, 14.38885, 0]},
			"faces": {
				"north": {"uv": [6.125, 8.5, 6.3125, 8.75], "texture": "#0"},
				"east": {"uv": [2.75, 8.125, 3, 8.375], "texture": "#0"},
				"south": {"uv": [8.5, 6.125, 8.6875, 6.375], "texture": "#0"},
				"west": {"uv": [3, 8.125, 3.25, 8.375], "texture": "#0"},
				"up": {"uv": [6.5625, 8.75, 6.375, 8.5], "texture": "#0"},
				"down": {"uv": [8.6875, 6.375, 8.5, 6.625], "texture": "#0"}
			}
		},
		{
			"from": [1.05992, 11.79772, 1.998],
			"to": [2.80992, 13.29772, 3.998],
			"rotation": {"angle": 45, "axis": "z", "origin": [8.55992, 14.79772, 0]},
			"faces": {
				"north": {"uv": [6.625, 8.5, 6.875, 8.6875], "texture": "#0"},
				"east": {"uv": [8.5, 6.75, 8.75, 6.9375], "texture": "#0"},
				"south": {"uv": [6.875, 8.5, 7.125, 8.6875], "texture": "#0"},
				"west": {"uv": [8.5, 7, 8.75, 7.1875], "texture": "#0"},
				"up": {"uv": [3.5, 8.375, 3.25, 8.125], "texture": "#0"},
				"down": {"uv": [8.375, 4.5, 8.125, 4.75], "texture": "#0"}
			}
		},
		{
			"from": [4.39523, 10.85875, 2],
			"to": [6.14523, 12.35875, 4],
			"rotation": {"angle": 22.5, "axis": "z", "origin": [11.89523, 13.85875, 0]},
			"faces": {
				"north": {"uv": [8.5, 7.25, 8.75, 7.4375], "texture": "#0"},
				"east": {"uv": [8.375, 8.5, 8.625, 8.6875], "texture": "#0"},
				"south": {"uv": [8.625, 0, 8.875, 0.1875], "texture": "#0"},
				"west": {"uv": [8.625, 0.25, 8.875, 0.4375], "texture": "#0"},
				"up": {"uv": [8.375, 5, 8.125, 4.75], "texture": "#0"},
				"down": {"uv": [8.375, 5, 8.125, 5.25], "texture": "#0"}
			}
		},
		{
			"from": [7.11732, 8.71489, 1.998],
			"to": [9.11732, 10.21489, 3.998],
			"rotation": {"angle": 0, "axis": "z", "origin": [1.11732, 6.71489, 0]},
			"faces": {
				"north": {"uv": [8.625, 0.5, 8.875, 0.6875], "texture": "#0"},
				"east": {"uv": [8.625, 0.75, 8.875, 0.9375], "texture": "#0"},
				"south": {"uv": [2.75, 8.625, 3, 8.8125], "texture": "#0"},
				"west": {"uv": [3, 8.625, 3.25, 8.8125], "texture": "#0"},
				"up": {"uv": [8.375, 6.875, 8.125, 6.625], "texture": "#0"},
				"down": {"uv": [7.375, 8.125, 7.125, 8.375], "texture": "#0"}
			}
		},
		{
			"from": [8.17599, 11.23935, 2],
			"to": [9.92599, 12.73935, 4],
			"rotation": {"angle": -22.5, "axis": "z", "origin": [2.17599, 9.23935, 0]},
			"faces": {
				"north": {"uv": [3.25, 8.625, 3.5, 8.8125], "texture": "#0"},
				"east": {"uv": [8.625, 3.5, 8.875, 3.6875], "texture": "#0"},
				"south": {"uv": [3.75, 8.625, 4, 8.8125], "texture": "#0"},
				"west": {"uv": [4, 8.625, 4.25, 8.8125], "texture": "#0"},
				"up": {"uv": [7.625, 8.375, 7.375, 8.125], "texture": "#0"},
				"down": {"uv": [7.875, 8.125, 7.625, 8.375], "texture": "#0"}
			}
		},
		{
			"from": [8.24606, 4.72543, 2],
			"to": [9.74606, 6.47543, 4],
			"rotation": {"angle": 22.5, "axis": "z", "origin": [6.24606, 12.47543, 0]},
			"faces": {
				"north": {"uv": [4.25, 8.625, 4.4375, 8.875], "texture": "#0"},
				"east": {"uv": [7.875, 8.125, 8.125, 8.375], "texture": "#0"},
				"south": {"uv": [4.5, 8.625, 4.6875, 8.875], "texture": "#0"},
				"west": {"uv": [8.125, 7.875, 8.375, 8.125], "texture": "#0"},
				"up": {"uv": [5.1875, 8.875, 5, 8.625], "texture": "#0"},
				"down": {"uv": [5.6875, 8.625, 5.5, 8.875], "texture": "#0"}
			}
		},
		{
			"from": [5.88917, 3.51218, 1.998],
			"to": [7.38917, 5.26218, 3.998],
			"rotation": {"angle": 45, "axis": "z", "origin": [3.88917, 11.26218, 0]},
			"faces": {
				"north": {"uv": [8.875, 8.625, 9.0625, 8.8125], "texture": "#0"},
				"east": {"uv": [5.75, 8.625, 6, 8.8125], "texture": "#0"},
				"south": {"uv": [8.875, 8.875, 9.0625, 9.0625], "texture": "#0"},
				"west": {"uv": [7.125, 8.625, 7.375, 8.8125], "texture": "#0"},
				"up": {"uv": [7.5625, 8.875, 7.375, 8.625], "texture": "#0"},
				"down": {"uv": [8.8125, 7.5, 8.625, 7.75], "texture": "#0"}
			}
		},
		{
			"from": [1, 1, 15],
			"to": [15, 2, 16],
			"faces": {
				"north": {"uv": [7, 5.375, 8.75, 5.5], "texture": "#0"},
				"east": {"uv": [5.625, 5.75, 5.75, 5.875], "texture": "#0"},
				"south": {"uv": [7, 5.5, 8.75, 5.625], "texture": "#0"},
				"west": {"uv": [7.875, 7, 8, 7.125], "texture": "#0"},
				"up": {"uv": [8.75, 5.75, 7, 5.625], "texture": "#0"},
				"down": {"uv": [8.75, 5.75, 7, 5.875], "texture": "#0"}
			}
		},
		{
			"from": [1, 10, 15],
			"to": [15, 15, 16],
			"faces": {
				"north": {"uv": [1.75, 5.75, 3.5, 6.375], "texture": "#0"},
				"east": {"uv": [0.875, 7.625, 1, 8.25], "texture": "#0"},
				"south": {"uv": [5.75, 1.75, 7.5, 2.375], "texture": "#0"},
				"west": {"uv": [1, 7.625, 1.125, 8.25], "texture": "#0"},
				"up": {"uv": [7.875, 7.125, 6.125, 7], "texture": "#0"},
				"down": {"uv": [8.875, 2.375, 7.125, 2.5], "texture": "#0"}
			}
		},
		{
			"from": [6.86732, 8.97172, 14.75],
			"to": [8.86732, 10.47172, 16.75],
			"rotation": {"angle": 0, "axis": "z", "origin": [0.86732, 6.97172, 14]},
			"faces": {
				"north": {"uv": [7.625, 8.625, 7.875, 8.8125], "texture": "#0"},
				"east": {"uv": [8.625, 7.75, 8.875, 7.9375], "texture": "#0"},
				"south": {"uv": [7.875, 8.625, 8.125, 8.8125], "texture": "#0"},
				"west": {"uv": [8.625, 8, 8.875, 8.1875], "texture": "#0"},
				"up": {"uv": [8.375, 8.375, 8.125, 8.125], "texture": "#0"},
				"down": {"uv": [0.25, 8.25, 0, 8.5], "texture": "#0"}
			}
		},
		{
			"from": [7.98465, 11.53425, 14.75],
			"to": [9.73465, 13.03425, 16.75],
			"rotation": {"angle": -22.5, "axis": "z", "origin": [1.98465, 9.53425, 14]},
			"faces": {
				"north": {"uv": [8.125, 8.625, 8.375, 8.8125], "texture": "#0"},
				"east": {"uv": [8.625, 8.25, 8.875, 8.4375], "texture": "#0"},
				"south": {"uv": [8.625, 8.5, 8.875, 8.6875], "texture": "#0"},
				"west": {"uv": [0, 8.75, 0.25, 8.9375], "texture": "#0"},
				"up": {"uv": [0.5, 8.5, 0.25, 8.25], "texture": "#0"},
				"down": {"uv": [0.75, 8.25, 0.5, 8.5], "texture": "#0"}
			}
		},
		{
			"from": [5.76659, 3.81979, 14.75],
			"to": [7.26659, 5.56979, 16.75],
			"rotation": {"angle": 45, "axis": "z", "origin": [3.76659, 11.56979, 14]},
			"faces": {
				"north": {"uv": [0, 9, 0.1875, 9.1875], "texture": "#0"},
				"east": {"uv": [0.25, 8.75, 0.5, 8.9375], "texture": "#0"},
				"south": {"uv": [0.25, 9, 0.4375, 9.1875], "texture": "#0"},
				"west": {"uv": [0.5, 8.75, 0.75, 8.9375], "texture": "#0"},
				"up": {"uv": [0.9375, 9, 0.75, 8.75], "texture": "#0"},
				"down": {"uv": [1.1875, 8.75, 1, 9], "texture": "#0"}
			}
		},
		{
			"from": [8.19186, 5.01848, 14.75],
			"to": [9.69186, 6.76848, 16.75],
			"rotation": {"angle": 22.5, "axis": "z", "origin": [6.19186, 12.76848, 14]},
			"faces": {
				"north": {"uv": [8.75, 1, 8.9375, 1.25], "texture": "#0"},
				"east": {"uv": [0.75, 8.25, 1, 8.5], "texture": "#0"},
				"south": {"uv": [1.25, 8.75, 1.4375, 9], "texture": "#0"},
				"west": {"uv": [1, 8.25, 1.25, 8.5], "texture": "#0"},
				"up": {"uv": [8.9375, 1.5, 8.75, 1.25], "texture": "#0"},
				"down": {"uv": [1.6875, 8.75, 1.5, 9], "texture": "#0"}
			}
		},
		{
			"from": [10.89124, 5.1978, 14.75],
			"to": [12.39124, 6.9478, 16.75],
			"rotation": {"angle": 0, "axis": "z", "origin": [13.89124, -0.5522, 14]},
			"faces": {
				"north": {"uv": [8.75, 1.5, 8.9375, 1.75], "texture": "#0"},
				"east": {"uv": [8.25, 1, 8.5, 1.25], "texture": "#0"},
				"south": {"uv": [1.75, 8.75, 1.9375, 9], "texture": "#0"},
				"west": {"uv": [1.25, 8.25, 1.5, 8.5], "texture": "#0"},
				"up": {"uv": [8.9375, 2.125, 8.75, 1.875], "texture": "#0"},
				"down": {"uv": [2.1875, 8.75, 2, 9], "texture": "#0"}
			}
		},
		{
			"from": [7.90693, 3.44468, 14.75],
			"to": [9.40693, 5.19468, 16.75],
			"rotation": {"angle": -22.5, "axis": "z", "origin": [10.90693, -2.30532, 14]},
			"faces": {
				"north": {"uv": [8.75, 2.125, 8.9375, 2.375], "texture": "#0"},
				"east": {"uv": [1.5, 8.25, 1.75, 8.5], "texture": "#0"},
				"south": {"uv": [2.25, 8.75, 2.4375, 9], "texture": "#0"},
				"west": {"uv": [1.75, 8.25, 2, 8.5], "texture": "#0"},
				"up": {"uv": [2.6875, 9, 2.5, 8.75], "texture": "#0"},
				"down": {"uv": [8.9375, 2.5, 8.75, 2.75], "texture": "#0"}
			}
		},
		{
			"from": [13.2289, -1.28295, 14.75],
			"to": [14.9789, 0.21705, 16.75],
			"rotation": {"angle": 45, "axis": "z", "origin": [7.4789, -2.78295, 14]},
			"faces": {
				"north": {"uv": [8.75, 2.75, 9, 2.9375], "texture": "#0"},
				"east": {"uv": [8.75, 3, 9, 3.1875], "texture": "#0"},
				"south": {"uv": [8.75, 3.25, 9, 3.4375], "texture": "#0"},
				"west": {"uv": [3.5, 8.75, 3.75, 8.9375], "texture": "#0"},
				"up": {"uv": [8.5, 2.125, 8.25, 1.875], "texture": "#0"},
				"down": {"uv": [2.25, 8.25, 2, 8.5], "texture": "#0"}
			}
		},
		{
			"from": [9.87903, -0.41237, 14.75],
			"to": [11.62903, 1.08763, 16.75],
			"rotation": {"angle": 22.5, "axis": "z", "origin": [4.12903, -1.91237, 14]},
			"faces": {
				"north": {"uv": [8.75, 3.75, 9, 3.9375], "texture": "#0"},
				"east": {"uv": [8.75, 4, 9, 4.1875], "texture": "#0"},
				"south": {"uv": [8.75, 4.25, 9, 4.4375], "texture": "#0"},
				"west": {"uv": [4.75, 8.75, 5, 8.9375], "texture": "#0"},
				"up": {"uv": [8.5, 2.375, 8.25, 2.125], "texture": "#0"},
				"down": {"uv": [2.5, 8.25, 2.25, 8.5], "texture": "#0"}
			}
		},
		{
			"from": [6.86732, 1.67388, 14.75],
			"to": [8.86732, 3.17388, 16.75],
			"rotation": {"angle": 0, "axis": "z", "origin": [14.86732, 5.17388, 14]},
			"faces": {
				"north": {"uv": [5.25, 8.75, 5.5, 8.9375], "texture": "#0"},
				"east": {"uv": [8.75, 5.375, 9, 5.5625], "texture": "#0"},
				"south": {"uv": [8.75, 5.625, 9, 5.8125], "texture": "#0"},
				"west": {"uv": [8.75, 5.875, 9, 6.0625], "texture": "#0"},
				"up": {"uv": [2.75, 8.5, 2.5, 8.25], "texture": "#0"},
				"down": {"uv": [3.75, 8.25, 3.5, 8.5], "texture": "#0"}
			}
		},
		{
			"from": [5.99999, -0.88864, 14.75],
			"to": [7.74999, 0.61136, 16.75],
			"rotation": {"angle": -22.5, "axis": "z", "origin": [13.74999, 2.61136, 14]},
			"faces": {
				"north": {"uv": [6, 8.75, 6.25, 8.9375], "texture": "#0"},
				"east": {"uv": [8.75, 6.125, 9, 6.3125], "texture": "#0"},
				"south": {"uv": [6.25, 8.75, 6.5, 8.9375], "texture": "#0"},
				"west": {"uv": [8.75, 6.375, 9, 6.5625], "texture": "#0"},
				"up": {"uv": [8.5, 4, 8.25, 3.75], "texture": "#0"},
				"down": {"uv": [8.5, 4, 8.25, 4.25], "texture": "#0"}
			}
		},
		{
			"from": [8.46804, 6.57581, 14.75],
			"to": [9.96804, 8.32581, 16.75],
			"rotation": {"angle": 45, "axis": "z", "origin": [11.96804, 0.57581, 14]},
			"faces": {
				"north": {"uv": [6.5, 8.75, 6.6875, 9], "texture": "#0"},
				"east": {"uv": [8.25, 4.25, 8.5, 4.5], "texture": "#0"},
				"south": {"uv": [6.75, 8.75, 6.9375, 9], "texture": "#0"},
				"west": {"uv": [5.25, 8.25, 5.5, 8.5], "texture": "#0"},
				"up": {"uv": [8.9375, 7, 8.75, 6.75], "texture": "#0"},
				"down": {"uv": [8.9375, 7, 8.75, 7.25], "texture": "#0"}
			}
		},
		{
			"from": [6.04277, 5.37713, 14.75],
			"to": [7.54277, 7.12713, 16.75],
			"rotation": {"angle": 22.5, "axis": "z", "origin": [9.54277, -0.62287, 14]},
			"faces": {
				"north": {"uv": [8.75, 7.25, 8.9375, 7.5], "texture": "#0"},
				"east": {"uv": [8.25, 5.875, 8.5, 6.125], "texture": "#0"},
				"south": {"uv": [8.375, 8.75, 8.5625, 9], "texture": "#0"},
				"west": {"uv": [8.25, 6.125, 8.5, 6.375], "texture": "#0"},
				"up": {"uv": [8.8125, 9, 8.625, 8.75], "texture": "#0"},
				"down": {"uv": [9.0625, 0, 8.875, 0.25], "texture": "#0"}
			}
		},
		{
			"from": [3.34339, 5.1978, 14.75],
			"to": [4.84339, 6.9478, 16.75],
			"rotation": {"angle": 0, "axis": "z", "origin": [1.84339, 12.6978, 14]},
			"faces": {
				"north": {"uv": [8.875, 0.25, 9.0625, 0.5], "texture": "#0"},
				"east": {"uv": [8.25, 6.375, 8.5, 6.625], "texture": "#0"},
				"south": {"uv": [8.875, 0.5, 9.0625, 0.75], "texture": "#0"},
				"west": {"uv": [8.25, 6.875, 8.5, 7.125], "texture": "#0"},
				"up": {"uv": [9.0625, 1, 8.875, 0.75], "texture": "#0"},
				"down": {"uv": [2.9375, 8.875, 2.75, 9.125], "texture": "#0"}
			}
		},
		{
			"from": [6.3277, 6.95092, 14.75],
			"to": [7.8277, 8.70092, 16.75],
			"rotation": {"angle": -22.5, "axis": "z", "origin": [4.8277, 14.45092, 14]},
			"faces": {
				"north": {"uv": [3, 8.875, 3.1875, 9.125], "texture": "#0"},
				"east": {"uv": [8.375, 0, 8.625, 0.25], "texture": "#0"},
				"south": {"uv": [3.25, 8.875, 3.4375, 9.125], "texture": "#0"},
				"west": {"uv": [8.375, 0.25, 8.625, 0.5], "texture": "#0"},
				"up": {"uv": [9.0625, 3.75, 8.875, 3.5], "texture": "#0"},
				"down": {"uv": [3.9375, 8.875, 3.75, 9.125], "texture": "#0"}
			}
		},
		{
			"from": [0.75573, 11.92855, 14.75],
			"to": [2.50573, 13.42855, 16.75],
			"rotation": {"angle": 45, "axis": "z", "origin": [8.25573, 14.92855, 14]},
			"faces": {
				"north": {"uv": [4, 8.875, 4.25, 9.0625], "texture": "#0"},
				"east": {"uv": [4.25, 8.875, 4.5, 9.0625], "texture": "#0"},
				"south": {"uv": [4.5, 8.875, 4.75, 9.0625], "texture": "#0"},
				"west": {"uv": [8.875, 4.5, 9.125, 4.6875], "texture": "#0"},
				"up": {"uv": [8.625, 0.75, 8.375, 0.5], "texture": "#0"},
				"down": {"uv": [8.625, 0.75, 8.375, 1], "texture": "#0"}
			}
		},
		{
			"from": [4.1056, 11.05797, 14.75],
			"to": [5.8556, 12.55797, 16.75],
			"rotation": {"angle": 22.5, "axis": "z", "origin": [11.6056, 14.05797, 14]},
			"faces": {
				"north": {"uv": [8.875, 4.75, 9.125, 4.9375], "texture": "#0"},
				"east": {"uv": [5, 8.875, 5.25, 9.0625], "texture": "#0"},
				"south": {"uv": [8.875, 5, 9.125, 5.1875], "texture": "#0"},
				"west": {"uv": [5.5, 8.875, 5.75, 9.0625], "texture": "#0"},
				"up": {"uv": [3, 8.625, 2.75, 8.375], "texture": "#0"},
				"down": {"uv": [3.25, 8.375, 3, 8.625], "texture": "#0"}
			}
		},
		{
			"from": [9.5, 2, 15],
			"to": [15, 3, 16],
			"faces": {
				"north": {"uv": [7.625, 1, 8.25, 1.125], "texture": "#0"},
				"east": {"uv": [2.75, 8, 2.875, 8.125], "texture": "#0"},
				"south": {"uv": [7.625, 1.125, 8.25, 1.25], "texture": "#0"},
				"west": {"uv": [8.125, 4, 8.25, 4.125], "texture": "#0"},
				"up": {"uv": [7.75, 7.75, 7.125, 7.625], "texture": "#0"},
				"down": {"uv": [0.625, 7.75, 0, 7.875], "texture": "#0"}
			}
		},
		{
			"from": [1, 2, 15],
			"to": [6.25, 3, 16],
			"faces": {
				"north": {"uv": [7.75, 0.375, 8.375, 0.5], "texture": "#0"},
				"east": {"uv": [8.375, 6.75, 8.5, 6.875], "texture": "#0"},
				"south": {"uv": [7.75, 0.5, 8.375, 0.625], "texture": "#0"},
				"west": {"uv": [8.5, 3.5, 8.625, 3.625], "texture": "#0"},
				"up": {"uv": [8.375, 0.75, 7.75, 0.625], "texture": "#0"},
				"down": {"uv": [8.375, 0.75, 7.75, 0.875], "texture": "#0"}
			}
		},
		{
			"from": [1, 3, 15],
			"to": [5.5, 4, 16],
			"faces": {
				"north": {"uv": [7.75, 0.875, 8.3125, 1], "texture": "#0"},
				"east": {"uv": [3.75, 8.5, 3.875, 8.625], "texture": "#0"},
				"south": {"uv": [1.75, 7.75, 2.3125, 7.875], "texture": "#0"},
				"west": {"uv": [6, 8.625, 6.125, 8.75], "texture": "#0"},
				"up": {"uv": [2.9375, 7.875, 2.375, 7.75], "texture": "#0"},
				"down": {"uv": [7.6875, 7.75, 7.125, 7.875], "texture": "#0"}
			}
		},
		{
			"from": [10.5, 3, 15],
			"to": [15, 4, 16],
			"faces": {
				"north": {"uv": [7.75, 7.625, 8.3125, 7.75], "texture": "#0"},
				"east": {"uv": [9, 4.375, 9.125, 4.5], "texture": "#0"},
				"south": {"uv": [7.75, 7.75, 8.3125, 7.875], "texture": "#0"},
				"west": {"uv": [5.375, 9, 5.5, 9.125], "texture": "#0"},
				"up": {"uv": [0.5625, 8, 0, 7.875], "texture": "#0"},
				"down": {"uv": [2.3125, 7.875, 1.75, 8], "texture": "#0"}
			}
		},
		{
			"from": [11.25, 5, 15],
			"to": [15, 8.75, 16],
			"faces": {
				"north": {"uv": [6.5, 5.25, 7, 5.875], "texture": "#0"},
				"east": {"uv": [7.625, 0.375, 7.75, 1], "texture": "#0"},
				"south": {"uv": [6.625, 2.375, 7.125, 3], "texture": "#0"},
				"west": {"uv": [0.75, 7.625, 0.875, 8.25], "texture": "#0"},
				"up": {"uv": [3.5, 7.875, 3, 7.75], "texture": "#0"},
				"down": {"uv": [2.875, 7.875, 2.375, 8], "texture": "#0"}
			}
		},
		{
			"from": [1, 4, 15],
			"to": [4.25, 8.75, 16],
			"faces": {
				"north": {"uv": [6.625, 3, 7.0625, 3.625], "texture": "#0"},
				"east": {"uv": [1.125, 7.625, 1.25, 8.25], "texture": "#0"},
				"south": {"uv": [3.875, 6.625, 4.3125, 7.25], "texture": "#0"},
				"west": {"uv": [1.25, 7.625, 1.375, 8.25], "texture": "#0"},
				"up": {"uv": [8.8125, 5.25, 8.375, 5.125], "texture": "#0"},
				"down": {"uv": [8.8125, 6.625, 8.375, 6.75], "texture": "#0"}
			}
		},
		{
			"from": [11.25, 4, 15],
			"to": [15, 5, 16],
			"faces": {
				"north": {"uv": [7.875, 7.5, 8.375, 7.625], "texture": "#0"},
				"east": {"uv": [9, 5.625, 9.125, 5.75], "texture": "#0"},
				"south": {"uv": [8, 1.625, 8.5, 1.75], "texture": "#0"},
				"west": {"uv": [9, 5.75, 9.125, 5.875], "texture": "#0"},
				"up": {"uv": [8.75, 1.375, 8.25, 1.25], "texture": "#0"},
				"down": {"uv": [8.875, 4.5, 8.375, 4.625], "texture": "#0"}
			}
		},
		{
			"from": [1, 8.75, 15],
			"to": [6.5, 10.25, 16],
			"faces": {
				"north": {"uv": [7.5, 1.875, 8.1875, 2.0625], "texture": "#0"},
				"east": {"uv": [9, 4.125, 9.125, 4.3125], "texture": "#0"},
				"south": {"uv": [7.5, 2.125, 8.1875, 2.3125], "texture": "#0"},
				"west": {"uv": [4.75, 9, 4.875, 9.1875], "texture": "#0"},
				"up": {"uv": [0.6875, 7.75, 0, 7.625], "texture": "#0"},
				"down": {"uv": [8.3125, 0, 7.625, 0.125], "texture": "#0"}
			}
		},
		{
			"from": [9.5, 8.75, 15],
			"to": [15, 10, 16],
			"faces": {
				"north": {"uv": [7.5, 3.75, 8.1875, 3.9375], "texture": "#0"},
				"east": {"uv": [4.875, 9, 5, 9.1875], "texture": "#0"},
				"south": {"uv": [7.5, 4.125, 8.1875, 4.3125], "texture": "#0"},
				"west": {"uv": [5.25, 9, 5.375, 9.1875], "texture": "#0"},
				"up": {"uv": [8.3125, 0.25, 7.625, 0.125], "texture": "#0"},
				"down": {"uv": [8.3125, 0.25, 7.625, 0.375], "texture": "#0"}
			}
		},
		{
			"from": [7.75, 2, 6.5],
			"to": [8.25, 2.75, 12.25],
			"rotation": {"angle": 0, "axis": "y", "origin": [1, 0, 0]},
			"faces": {
				"north": {"uv": [9, 6.25, 9.0625, 6.375], "texture": "#0"},
				"east": {"uv": [7.5, 4.375, 8.25, 4.5], "texture": "#0"},
				"south": {"uv": [9, 6.375, 9.0625, 6.5], "texture": "#0"},
				"west": {"uv": [7.5, 5.875, 8.25, 6], "texture": "#0"},
				"up": {"uv": [7.0625, 9.5, 7, 8.75], "texture": "#0"},
				"down": {"uv": [5.8125, 8.875, 5.75, 9.625], "texture": "#0"}
			}
		},
		{
			"from": [7.75, 9.25, 6.5],
			"to": [8.25, 10, 12.25],
			"rotation": {"angle": 0, "axis": "y", "origin": [1, 0, 0]},
			"faces": {
				"north": {"uv": [6.5, 9, 6.5625, 9.125], "texture": "#0"},
				"east": {"uv": [7.5, 6, 8.25, 6.125], "texture": "#0"},
				"south": {"uv": [9, 6.5, 9.0625, 6.625], "texture": "#0"},
				"west": {"uv": [7.5, 6.125, 8.25, 6.25], "texture": "#0"},
				"up": {"uv": [5.9375, 9.625, 5.875, 8.875], "texture": "#0"},
				"down": {"uv": [7.1875, 8.875, 7.125, 9.625], "texture": "#0"}
			}
		},
		{
			"from": [4, 5.75, 6.5],
			"to": [4.75, 6.25, 12.25],
			"rotation": {"angle": 0, "axis": "y", "origin": [1, 0, 0]},
			"faces": {
				"north": {"uv": [6.625, 9, 6.75, 9.0625], "texture": "#0"},
				"east": {"uv": [8.875, 1.75, 9.625, 1.8125], "texture": "#0"},
				"south": {"uv": [6.75, 9, 6.875, 9.0625], "texture": "#0"},
				"west": {"uv": [8.875, 2.375, 9.625, 2.4375], "texture": "#0"},
				"up": {"uv": [1.5, 8.25, 1.375, 7.5], "texture": "#0"},
				"down": {"uv": [1.625, 7.5, 1.5, 8.25], "texture": "#0"}
			}
		},
		{
			"from": [11.25, 5.75, 6.5],
			"to": [12, 6.25, 12.25],
			"rotation": {"angle": 0, "axis": "y", "origin": [1, 0, 0]},
			"faces": {
				"north": {"uv": [9, 6.75, 9.125, 6.8125], "texture": "#0"},
				"east": {"uv": [8.875, 5.25, 9.625, 5.3125], "texture": "#0"},
				"south": {"uv": [6.875, 9, 7, 9.0625], "texture": "#0"},
				"west": {"uv": [8.875, 6.625, 9.625, 6.6875], "texture": "#0"},
				"up": {"uv": [1.75, 8.25, 1.625, 7.5], "texture": "#0"},
				"down": {"uv": [3.625, 7.5, 3.5, 8.25], "texture": "#0"}
			}
		},
		{
			"from": [1.5, 12.25, 6.5],
			"to": [2, 13, 12.25],
			"rotation": {"angle": -45, "axis": "z", "origin": [1, 0, 0]},
			"faces": {
				"north": {"uv": [9, 6.875, 9.0625, 7], "texture": "#0"},
				"east": {"uv": [7.5, 6.25, 8.25, 6.375], "texture": "#0"},
				"south": {"uv": [9, 7, 9.0625, 7.125], "texture": "#0"},
				"west": {"uv": [7.5, 6.375, 8.25, 6.5], "texture": "#0"},
				"up": {"uv": [7.3125, 9.625, 7.25, 8.875], "texture": "#0"},
				"down": {"uv": [7.4375, 8.875, 7.375, 9.625], "texture": "#0"}
			}
		},
		{
			"from": [1.5, 5, 6.5],
			"to": [2, 5.75, 12.25],
			"rotation": {"angle": -45, "axis": "z", "origin": [1, 0, 0]},
			"faces": {
				"north": {"uv": [9, 7.125, 9.0625, 7.25], "texture": "#0"},
				"east": {"uv": [7.5, 6.5, 8.25, 6.625], "texture": "#0"},
				"south": {"uv": [9, 7.25, 9.0625, 7.375], "texture": "#0"},
				"west": {"uv": [7.125, 7.5, 7.875, 7.625], "texture": "#0"},
				"up": {"uv": [7.5625, 9.625, 7.5, 8.875], "texture": "#0"},
				"down": {"uv": [8.9375, 7.5, 8.875, 8.25], "texture": "#0"}
			}
		},
		{
			"from": [5, 8.75, 6.5],
			"to": [5.75, 9.25, 12.25],
			"rotation": {"angle": -45, "axis": "z", "origin": [1, 0, 0]},
			"faces": {
				"north": {"uv": [9, 7.375, 9.125, 7.4375], "texture": "#0"},
				"east": {"uv": [7.625, 8.875, 8.375, 8.9375], "texture": "#0"},
				"south": {"uv": [9, 7.5, 9.125, 7.5625], "texture": "#0"},
				"west": {"uv": [8.875, 8.25, 9.625, 8.3125], "texture": "#0"},
				"up": {"uv": [3.75, 8.25, 3.625, 7.5], "texture": "#0"},
				"down": {"uv": [3.875, 7.5, 3.75, 8.25], "texture": "#0"}
			}
		},
		{
			"from": [-2.25, 8.75, 6.5],
			"to": [-1.5, 9.25, 12.25],
			"rotation": {"angle": -45, "axis": "z", "origin": [1, 0, 0]},
			"faces": {
				"north": {"uv": [7.625, 9, 7.75, 9.0625], "texture": "#0"},
				"east": {"uv": [8.875, 8.375, 9.625, 8.4375], "texture": "#0"},
				"south": {"uv": [9, 7.625, 9.125, 7.6875], "texture": "#0"},
				"west": {"uv": [8.875, 8.5, 9.625, 8.5625], "texture": "#0"},
				"up": {"uv": [5.375, 8.25, 5.25, 7.5], "texture": "#0"},
				"down": {"uv": [5.5, 7.5, 5.375, 8.25], "texture": "#0"}
			}
		},
		{
			"from": [14.4531, 9.63289, 15.75],
			"to": [14.9531, 10.38289, 16.25],
			"rotation": {"angle": 45, "axis": "z", "origin": [6.9531, 4.38289, 14]},
			"faces": {
				"north": {"uv": [7.75, 9, 7.8125, 9.125], "texture": "#0"},
				"east": {"uv": [9, 7.75, 9.0625, 7.875], "texture": "#0"},
				"south": {"uv": [7.875, 9, 7.9375, 9.125], "texture": "#0"},
				"west": {"uv": [9, 7.875, 9.0625, 8], "texture": "#0"},
				"up": {"uv": [1.1875, 9.1875, 1.125, 9.125], "texture": "#0"},
				"down": {"uv": [9.1875, 1.25, 9.125, 1.3125], "texture": "#0"}
			}
		},
		{
			"from": [7.61732, 13.53238, 15.75],
			"to": [8.36732, 14.28238, 16.25],
			"rotation": {"angle": 0, "axis": "z", "origin": [14.36732, 6.28238, 14]},
			"faces": {
				"north": {"uv": [9, 5.875, 9.125, 6], "texture": "#0"},
				"east": {"uv": [8, 9, 8.0625, 9.125], "texture": "#0"},
				"south": {"uv": [6, 9, 6.125, 9.125], "texture": "#0"},
				"west": {"uv": [9, 8, 9.0625, 8.125], "texture": "#0"},
				"up": {"uv": [8.25, 9.0625, 8.125, 9], "texture": "#0"},
				"down": {"uv": [9.125, 8.125, 9, 8.1875], "texture": "#0"}
			}
		},
		{
			"from": [10.98648, 19.83784, 15.75],
			"to": [11.73648, 20.33784, 16.25],
			"rotation": {"angle": 45, "axis": "z", "origin": [16.98648, 12.33784, 14]},
			"faces": {
				"north": {"uv": [8.25, 9, 8.375, 9.0625], "texture": "#0"},
				"east": {"uv": [1.375, 9.125, 1.4375, 9.1875], "texture": "#0"},
				"south": {"uv": [8.375, 9, 8.5, 9.0625], "texture": "#0"},
				"west": {"uv": [9.125, 1.375, 9.1875, 1.4375], "texture": "#0"},
				"up": {"uv": [8.625, 9.0625, 8.5, 9], "texture": "#0"},
				"down": {"uv": [8.75, 9, 8.625, 9.0625], "texture": "#0"}
			}
		},
		{
			"from": [1.03153, 16.37122, 15.75],
			"to": [1.53153, 17.12122, 16.25],
			"rotation": {"angle": 45, "axis": "z", "origin": [9.03153, 22.37122, 14]},
			"faces": {
				"north": {"uv": [8.75, 9, 8.8125, 9.125], "texture": "#0"},
				"east": {"uv": [9.125, 0, 9.1875, 0.125], "texture": "#0"},
				"south": {"uv": [9.125, 0.125, 9.1875, 0.25], "texture": "#0"},
				"west": {"uv": [9.125, 0.25, 9.1875, 0.375], "texture": "#0"},
				"up": {"uv": [1.5625, 9.1875, 1.5, 9.125], "texture": "#0"},
				"down": {"uv": [1.6875, 9.125, 1.625, 9.1875], "texture": "#0"}
			}
		},
		{
			"from": [7.61732, 12.47172, 15.75],
			"to": [8.36732, 13.22172, 16.25],
			"rotation": {"angle": 0, "axis": "z", "origin": [1.61732, 20.47172, 14]},
			"faces": {
				"north": {"uv": [9, 6, 9.125, 6.125], "texture": "#0"},
				"east": {"uv": [9.125, 0.375, 9.1875, 0.5], "texture": "#0"},
				"south": {"uv": [6.125, 9, 6.25, 9.125], "texture": "#0"},
				"west": {"uv": [0.5, 9.125, 0.5625, 9.25], "texture": "#0"},
				"up": {"uv": [9.25, 0.5625, 9.125, 0.5], "texture": "#0"},
				"down": {"uv": [0.75, 9.125, 0.625, 9.1875], "texture": "#0"}
			}
		},
		{
			"from": [4.24815, 6.41627, 15.75],
			"to": [4.99815, 6.91627, 16.25],
			"rotation": {"angle": 45, "axis": "z", "origin": [-1.00185, 14.41627, 14]},
			"faces": {
				"north": {"uv": [9.125, 0.625, 9.25, 0.6875], "texture": "#0"},
				"east": {"uv": [1.75, 9.125, 1.8125, 9.1875], "texture": "#0"},
				"south": {"uv": [0.75, 9.125, 0.875, 9.1875], "texture": "#0"},
				"west": {"uv": [1.875, 9.125, 1.9375, 9.1875], "texture": "#0"},
				"up": {"uv": [9.25, 0.8125, 9.125, 0.75], "texture": "#0"},
				"down": {"uv": [1, 9.125, 0.875, 9.1875], "texture": "#0"}
			}
		},
		{
			"from": [7.08699, 13.00205, 15.75],
			"to": [8.89699, 13.75205, 16.25],
			"rotation": {"angle": 0, "axis": "z", "origin": [15.08699, 19.75205, 14]},
			"faces": {
				"north": {"uv": [9, 3.875, 9.25, 4], "texture": "#0"},
				"east": {"uv": [9.125, 0.875, 9.1875, 1], "texture": "#0"},
				"south": {"uv": [9, 4, 9.25, 4.125], "texture": "#0"},
				"west": {"uv": [1, 9.125, 1.0625, 9.25], "texture": "#0"},
				"up": {"uv": [9.25, 6.1875, 9, 6.125], "texture": "#0"},
				"down": {"uv": [6.5, 9, 6.25, 9.0625], "texture": "#0"}
			}
		},
		{
			"from": [5.75, 4, 16],
			"to": [6.25, 4.5, 16],
			"faces": {
				"north": {"uv": [0, 0, 0.125, 0.125], "texture": "#missing"},
				"east": {"uv": [0, 0, 0, 0.125], "texture": "#missing"},
				"south": {"uv": [10.4375, 0, 10.5625, 0.125], "texture": "#0"},
				"west": {"uv": [0, 0, 0, 0.125], "texture": "#missing"},
				"up": {"uv": [0, 0, 0.125, 0], "texture": "#missing"},
				"down": {"uv": [0, 0, 0.125, 0], "texture": "#missing"}
			}
		},
		{
			"from": [6.25, 4.5, 16],
			"to": [6.75, 5, 16],
			"faces": {
				"north": {"uv": [0, 0, 0.125, 0.125], "texture": "#missing"},
				"east": {"uv": [0, 0, 0, 0.125], "texture": "#missing"},
				"south": {"uv": [10.3125, 0, 10.4375, 0.125], "texture": "#0"},
				"west": {"uv": [0, 0, 0, 0.125], "texture": "#missing"},
				"up": {"uv": [0, 0, 0.125, 0], "texture": "#missing"},
				"down": {"uv": [0, 0, 0.125, 0], "texture": "#missing"}
			}
		},
		{
			"from": [9, 7.5, 16],
			"to": [9.5, 8, 16],
			"faces": {
				"north": {"uv": [0, 0, 0.125, 0.125], "texture": "#missing"},
				"east": {"uv": [0, 0, 0, 0.125], "texture": "#missing"},
				"south": {"uv": [10.4375, 0, 10.5625, 0.125], "texture": "#0"},
				"west": {"uv": [0, 0, 0, 0.125], "texture": "#missing"},
				"up": {"uv": [0, 0, 0.125, 0], "texture": "#missing"},
				"down": {"uv": [0, 0, 0.125, 0], "texture": "#missing"}
			}
		},
		{
			"from": [8.5, 7, 16],
			"to": [9, 7.5, 16],
			"faces": {
				"north": {"uv": [0, 0, 0.125, 0.125], "texture": "#missing"},
				"east": {"uv": [0, 0, 0, 0.125], "texture": "#missing"},
				"south": {"uv": [10.5625, 0, 10.6875, 0.125], "texture": "#0"},
				"west": {"uv": [0, 0, 0, 0.125], "texture": "#missing"},
				"up": {"uv": [0, 0, 0.125, 0], "texture": "#missing"},
				"down": {"uv": [0, 0, 0.125, 0], "texture": "#missing"}
			}
		},
		{
			"from": [9, 4, 16],
			"to": [9.5, 4.5, 16],
			"faces": {
				"north": {"uv": [0, 0, 0.125, 0.125], "texture": "#missing"},
				"east": {"uv": [0, 0, 0, 0.125], "texture": "#missing"},
				"south": {"uv": [10.4375, 0, 10.5625, 0.125], "texture": "#0"},
				"west": {"uv": [0, 0, 0, 0.125], "texture": "#missing"},
				"up": {"uv": [0, 0, 0.125, 0], "texture": "#missing"},
				"down": {"uv": [0, 0, 0.125, 0], "texture": "#missing"}
			}
		},
		{
			"from": [9.5, 4.5, 16],
			"to": [10, 5, 16],
			"faces": {
				"north": {"uv": [0, 0, 0.125, 0.125], "texture": "#missing"},
				"east": {"uv": [0, 0, 0, 0.125], "texture": "#missing"},
				"south": {"uv": [10.5625, 0, 10.6875, 0.125], "texture": "#0"},
				"west": {"uv": [0, 0, 0, 0.125], "texture": "#missing"},
				"up": {"uv": [0, 0, 0.125, 0], "texture": "#missing"},
				"down": {"uv": [0, 0, 0.125, 0], "texture": "#missing"}
			}
		},
		{
			"from": [5, 7, 16],
			"to": [5.5, 7.5, 16],
			"faces": {
				"north": {"uv": [0, 0, 0.125, 0.125], "texture": "#missing"},
				"east": {"uv": [0, 0, 0, 0.125], "texture": "#missing"},
				"south": {"uv": [10.3125, 0, 10.4375, 0.125], "texture": "#0"},
				"west": {"uv": [0, 0, 0, 0.125], "texture": "#missing"},
				"up": {"uv": [0, 0, 0.125, 0], "texture": "#missing"},
				"down": {"uv": [0, 0, 0.125, 0], "texture": "#missing"}
			}
		},
		{
			"from": [5.5, 7.5, 16],
			"to": [6, 8, 16],
			"faces": {
				"north": {"uv": [0, 0, 0.125, 0.125], "texture": "#missing"},
				"east": {"uv": [0, 0, 0, 0.125], "texture": "#missing"},
				"south": {"uv": [10.4375, 0, 10.5625, 0.125], "texture": "#0"},
				"west": {"uv": [0, 0, 0, 0.125], "texture": "#missing"},
				"up": {"uv": [0, 0, 0.125, 0], "texture": "#missing"},
				"down": {"uv": [0, 0, 0.125, 0], "texture": "#missing"}
			}
		},
		{
			"from": [8, 6, 16],
			"to": [8.5, 6.5, 16],
			"faces": {
				"north": {"uv": [0, 0, 0.125, 0.125], "texture": "#missing"},
				"east": {"uv": [0, 0, 0, 0.125], "texture": "#missing"},
				"south": {"uv": [10.5625, 0, 10.6875, 0.125], "texture": "#0"},
				"west": {"uv": [0, 0, 0, 0.125], "texture": "#missing"},
				"up": {"uv": [0, 0, 0.125, 0], "texture": "#missing"},
				"down": {"uv": [0, 0, 0.125, 0], "texture": "#missing"}
			}
		},
		{
			"from": [7.5, 5.5, 16],
			"to": [8, 6, 16],
			"faces": {
				"north": {"uv": [0, 0, 0.125, 0.125], "texture": "#missing"},
				"east": {"uv": [0, 0, 0, 0.125], "texture": "#missing"},
				"south": {"uv": [10.4375, 0, 10.5625, 0.125], "texture": "#0"},
				"west": {"uv": [0, 0, 0, 0.125], "texture": "#missing"},
				"up": {"uv": [0, 0, 0.125, 0], "texture": "#missing"},
				"down": {"uv": [0, 0, 0.125, 0], "texture": "#missing"}
			}
		},
		{
			"from": [6.75, 7.75, 16],
			"to": [7.25, 8.25, 16],
			"faces": {
				"north": {"uv": [0, 0, 0.125, 0.125], "texture": "#missing"},
				"east": {"uv": [0, 0, 0, 0.125], "texture": "#missing"},
				"south": {"uv": [10.4375, 0, 10.5625, 0.125], "texture": "#0"},
				"west": {"uv": [0, 0, 0, 0.125], "texture": "#missing"},
				"up": {"uv": [0, 0, 0.125, 0], "texture": "#missing"},
				"down": {"uv": [0, 0, 0.125, 0], "texture": "#missing"}
			}
		},
		{
			"from": [7.25, 8.25, 16],
			"to": [7.75, 8.75, 16],
			"faces": {
				"north": {"uv": [0, 0, 0.125, 0.125], "texture": "#missing"},
				"east": {"uv": [0, 0, 0, 0.125], "texture": "#missing"},
				"south": {"uv": [10.3125, 0, 10.4375, 0.125], "texture": "#0"},
				"west": {"uv": [0, 0, 0, 0.125], "texture": "#missing"},
				"up": {"uv": [0, 0, 0.125, 0], "texture": "#missing"},
				"down": {"uv": [0, 0, 0.125, 0], "texture": "#missing"}
			}
		}
	],
	"display": {
		"thirdperson_righthand": {
			"rotation": [63, -180, 0],
			"translation": [0, 1.5, 0],
			"scale": [0.2, 0.2, 0.2]
		},
		"thirdperson_lefthand": {
			"rotation": [63, -180, 0],
			"translation": [0, 1.5, 0],
			"scale": [0.2, 0.2, 0.2]
		},
		"firstperson_righthand": {
			"rotation": [0, -23, 0],
			"translation": [0, 3.4782, 0],
			"scale": [0.3, 0.3, 0.3]
		},
		"firstperson_lefthand": {
			"rotation": [0, -23, 0],
			"translation": [0, 3.4782, 0],
			"scale": [0.3, 0.3, 0.3]
		},
		"ground": {
			"translation": [0, 2.7826, 0],
			"scale": [0.2, 0.2, 0.2]
		},
		"gui": {
			"rotation": [28, 27, 0],
			"scale": [0.6, 0.6, 0.6]
		},
		"head": {
			"rotation": [0, -180, 0],
			"translation": [0, 8.3478, 0]
		},
		"fixed": {
			"rotation": [0, -180, 0],
			"translation": [0, 0, -7.5]
		}
	},
	"groups": [
		{
			"name": "group",
			"origin": [17, 0, -15],
			"color": 0,
			"children": [
				{
					"name": "group",
					"origin": [0, 0, 0],
					"color": 0,
					"children": [
						{
							"name": "group",
							"origin": [14.35951, 10.3313, 0],
							"color": 0,
							"children": [
								{
									"name": "group",
									"origin": [12.52074, -1.65659, 0],
									"color": 0,
									"children": [
										{
											"name": "group",
											"origin": [12.09546, 0.37658, 0],
											"color": 0,
											"children": [
												{
													"name": "group",
													"origin": [12.09546, 0.37658, 0],
													"color": 0,
													"children": [
														{
															"name": "group",
															"origin": [12.09546, 0.37658, 0],
															"color": 0,
															"children": []
														}
													]
												}
											]
										},
										{
											"name": "group",
											"origin": [12.52074, -1.65659, 0],
											"color": 0,
											"children": []
										}
									]
								},
								{
									"name": "group",
									"origin": [14.35951, 10.3313, 0],
									"color": 0,
									"children": [
										{
											"name": "group",
											"origin": [14.35951, 10.3313, 0],
											"color": 0,
											"children": [
												{
													"name": "group",
													"origin": [12.52074, -1.65659, 0],
													"color": 0,
													"children": [
														{
															"name": "group",
															"origin": [12.52074, -1.65659, 0],
															"color": 0,
															"children": []
														}
													]
												}
											]
										}
									]
								}
							]
						},
						{
							"name": "group",
							"origin": [0, 0, 0],
							"color": 0,
							"children": [0, 1, 2, 3, 4, 5, 6, 7, 8, 9, 10, 11, 12, 13, 14, 15, 16, 17, 18, 19, 20, 21, 22, 23, 24, 25, 26, 27, 28, 29, 30, 31, 32, 33, 34, 35, 36, 37, 38, 39, 40, 41, 42, 43, 44, 45, 46, 47, 48, 49, 50, 51, 52, 53, 54, 55, 56, 57, 58, 59, 60, 61, 62, 63, 64, 65, 66, 67, 68, 69, 70, 71, 72, 73, 74, 75, 76, 77, 78, 79, 80, 81, 82, 83, 84, 85, 86, 87, 88, 89, 90]
						}
					]
				},
				{
					"name": "knop",
					"origin": [16.95615, 12.30751, 14],
					"color": 0,
					"children": []
				}
			]
		}
	]
}