{
    "credit": "robinnoob220 :p",
    "textures": {
        "0": "block/kluisdonker",
        "1": "block/kluislicht",
        "particle": "block/kluisdonker"
    },
    "elements": [{
            "from": [0, 0, 0],
            "to": [16, 16, 16],
            "rotation": { "angle": 0, "axis": "y", "origin": [0, 0, 16] },
            "faces": {
                "north": { "uv": [0, 0, 16, 16], "texture": "#0" },
                "east": { "uv": [0, 0, 16, 16], "texture": "#0" },
                "south": { "uv": [0, 0, 16, 16], "texture": "#0" },
                "west": { "uv": [0, 0, 16, 16], "texture": "#0" },
                "up": { "uv": [0, 0, 16, 16], "rotation": 270, "texture": "#0" },
                "down": { "uv": [0, 0, 16, 16], "rotation": 90, "texture": "#0" }
            }
        },
        {
            "from": [2, 3, 16],
            "to": [14, 14, 16.5],
            "rotation": { "angle": 0, "axis": "y", "origin": [0, 0, 16] },
            "faces": {
                "north": { "uv": [0, 0, 12, 13], "texture": "#missing" },
                "east": { "uv": [0, 0, 0.5, 13], "texture": "#0" },
                "south": { "uv": [0, 0, 16, 16], "texture": "#0" },
                "west": { "uv": [0, 0, 0.5, 13], "texture": "#0" },
                "up": { "uv": [0, 0, 0.5, 12], "rotation": 270, "texture": "#0" },
                "down": { "uv": [0, 0, 0.5, 12], "rotation": 90, "texture": "#0" }
            }
        },
        {
            "from": [1.5, 4, 16],
            "to": [2, 6, 16.25],
            "rotation": { "angle": 0, "axis": "y", "origin": [0, 0, 16] },
            "faces": {
                "north": { "uv": [0, 0, 0.5, 2], "texture": "#0" },
                "east": { "uv": [0, 0, 0.25, 2], "texture": "#0" },
                "south": { "uv": [0, 0, 0.5, 2], "texture": "#0" },
                "west": { "uv": [0, 0, 0.25, 2], "texture": "#0" },
                "up": { "uv": [0, 0, 0.25, 0.5], "rotation": 270, "texture": "#0" },
                "down": { "uv": [0, 0, 0.25, 0.5], "rotation": 90, "texture": "#0" }
            }
        },
        {
            "from": [1.5, 11, 16],
            "to": [2, 13, 16.25],
            "rotation": { "angle": 0, "axis": "y", "origin": [0, 0, 16] },
            "faces": {
                "north": { "uv": [0, 0, 0.5, 2], "texture": "#missing" },
                "east": { "uv": [0, 0, 0.25, 2], "texture": "#0" },
                "south": { "uv": [0, 0, 0.5, 2], "texture": "#0" },
                "west": { "uv": [0, 0, 0.25, 2], "texture": "#0" },
                "up": { "uv": [0, 0, 0.25, 0.5], "rotation": 270, "texture": "#0" },
                "down": { "uv": [0, 0, 0.25, 0.5], "rotation": 90, "texture": "#0" }
            }
        },
        {
            "from": [6.85092, 8.45953, 17],
            "to": [8.35092, 11.20953, 19.5],
            "rotation": { "angle": -22.5, "axis": "z", "origin": [-1.14908, 9.45953, 16] },
            "faces": {
                "north": { "uv": [0, 0, 0.5, 1], "texture": "#1" },
                "east": { "uv": [3, 0, 4.5, 1], "texture": "#1" },
                "south": { "uv": [3, 3, 3.5, 4], "texture": "#1" },
                "west": { "uv": [0, 0, 1.5, 1], "texture": "#1" },
                "up": { "uv": [7, 7, 8.5, 7.5], "rotation": 270, "texture": "#1" },
                "down": { "uv": [3, 0, 4.5, 0.5], "rotation": 90, "texture": "#1" }
            }
        },
        {
            "from": [1.23716, 3.43948, 17],
            "to": [3.98716, 4.93948, 19.5],
            "rotation": { "angle": 22.5, "axis": "z", "origin": [-4.76284, 13.93948, 16] },
            "faces": {
                "north": { "uv": [0, 0, 0.5, 1], "rotation": 270, "texture": "#1" },
                "east": { "uv": [7, 7, 8.5, 7.5], "texture": "#1" },
                "south": { "uv": [3, 3, 3.5, 4], "texture": "#1" },
                "west": { "uv": [3, 0, 4.5, 0.5], "rotation": 180, "texture": "#1" },
                "up": { "uv": [0, 0, 1.5, 1], "rotation": 90, "texture": "#1" },
                "down": { "uv": [0, 0, 1.5, 1], "rotation": 90, "texture": "#1" }
            }
        },
        {
            "from": [3.19201, 14.65616, 17],
            "to": [4.69201, 17.40616, 19.5],
            "rotation": { "angle": -45, "axis": "z", "origin": [-5.80799, 8.65616, 16] },
            "faces": {
                "north": { "uv": [0, 0, 0.5, 1], "texture": "#1" },
                "east": { "uv": [3, 0, 4.5, 1], "texture": "#1" },
                "south": { "uv": [3, 3, 3.5, 4], "texture": "#1" },
                "west": { "uv": [0, 0, 1.5, 1], "texture": "#1" },
                "up": { "uv": [7, 7, 8.5, 7.5], "rotation": 270, "texture": "#1" },
                "down": { "uv": [3, 0, 4.5, 0.5], "rotation": 90, "texture": "#1" }
            }
        },
        {
            "from": [4.22459, 7.92066, 17],
            "to": [6.97459, 9.42066, 19.5],
            "rotation": { "angle": 0, "axis": "x", "origin": [-1.77541, 19.42066, 16] },
            "faces": {
                "north": { "uv": [0, 0, 0.5, 1], "rotation": 270, "texture": "#1" },
                "east": { "uv": [7, 7, 8.5, 7.5], "texture": "#1" },
                "south": { "uv": [3, 3, 3.5, 4], "texture": "#1" },
                "west": { "uv": [3, 0, 4.5, 0.5], "rotation": 180, "texture": "#1" },
                "up": { "uv": [0, 0, 1.5, 1], "rotation": 90, "texture": "#1" },
                "down": { "uv": [0, 0, 1.5, 1], "rotation": 90, "texture": "#1" }
            }
        },
        {
            "from": [7.93412, 11.06974, 17],
            "to": [10.68412, 12.56974, 19.5],
            "rotation": { "angle": -22.5, "axis": "z", "origin": [1.93412, 19.56974, 16] },
            "faces": {
                "north": { "uv": [0, 0, 0.5, 1], "rotation": 270, "texture": "#1" },
                "east": { "uv": [7, 7, 8.5, 7.5], "texture": "#1" },
                "south": { "uv": [3, 3, 3.5, 4], "texture": "#1" },
                "west": { "uv": [3, 0, 4.5, 0.5], "rotation": 180, "texture": "#1" },
                "up": { "uv": [0, 0, 1.5, 1], "rotation": 90, "texture": "#1" },
                "down": { "uv": [0, 0, 1.5, 1], "rotation": 90, "texture": "#1" }
            }
        },
        {
            "from": [13.27349, 12.26664, 17],
            "to": [16.02349, 13.76664, 19.5],
            "rotation": { "angle": -45, "axis": "z", "origin": [7.27349, 21.76664, 16] },
            "faces": {
                "north": { "uv": [0, 0, 0.5, 1], "rotation": 270, "texture": "#1" },
                "east": { "uv": [7, 7, 8.5, 7.5], "texture": "#1" },
                "south": { "uv": [3, 3, 3.5, 4], "texture": "#1" },
                "west": { "uv": [3, 0, 4.5, 0.5], "rotation": 180, "texture": "#1" },
                "up": { "uv": [0, 0, 1.5, 1], "rotation": 90, "texture": "#1" },
                "down": { "uv": [0, 0, 1.5, 1], "rotation": 90, "texture": "#1" }
            }
        },
        {
            "from": [3.03137, 12.33397, 17],
            "to": [4.53137, 15.08397, 19.5],
            "rotation": { "angle": 22.5, "axis": "z", "origin": [12.53137, 20.58397, 16] },
            "faces": {
                "north": { "uv": [0, 0, 0.5, 1], "rotation": 180, "texture": "#1" },
                "east": { "uv": [3, 0, 4.5, 1], "rotation": 180, "texture": "#1" },
                "south": { "uv": [3, 3, 3.5, 4], "texture": "#1" },
                "west": { "uv": [0, 0, 1.5, 1], "rotation": 180, "texture": "#1" },
                "up": { "uv": [3, 0, 4.5, 0.5], "rotation": 270, "texture": "#1" },
                "down": { "uv": [7, 7, 8.5, 7.5], "rotation": 90, "texture": "#1" }
            }
        },
        {
            "from": [7.24509, 9.69117, 17],
            "to": [8.74509, 12.44117, 19.5],
            "rotation": { "angle": 0, "axis": "y", "origin": [13.74509, 17.94117, 16] },
            "faces": {
                "north": { "uv": [0, 0, 0.5, 1], "rotation": 180, "texture": "#1" },
                "east": { "uv": [3, 0, 4.5, 1], "rotation": 180, "texture": "#1" },
                "south": { "uv": [3, 3, 3.5, 4], "texture": "#1" },
                "west": { "uv": [0, 0, 1.5, 1], "rotation": 180, "texture": "#1" },
                "up": { "uv": [3, 0, 4.5, 0.5], "rotation": 270, "texture": "#1" },
                "down": { "uv": [7, 7, 8.5, 7.5], "rotation": 90, "texture": "#1" }
            }
        },
        {
            "from": [10.20283, 6.0197, 17],
            "to": [11.70283, 8.7697, 19.5],
            "rotation": { "angle": -22.5, "axis": "z", "origin": [18.70283, 14.2697, 16] },
            "faces": {
                "north": { "uv": [0, 0, 0.5, 1], "rotation": 180, "texture": "#1" },
                "east": { "uv": [3, 0, 4.5, 1], "rotation": 180, "texture": "#1" },
                "south": { "uv": [3, 3, 3.5, 4], "texture": "#1" },
                "west": { "uv": [0, 0, 1.5, 1], "rotation": 180, "texture": "#1" },
                "up": { "uv": [3, 0, 4.5, 0.5], "rotation": 270, "texture": "#1" },
                "down": { "uv": [7, 7, 8.5, 7.5], "rotation": 90, "texture": "#1" }
            }
        },
        {
            "from": [11.8233, 2.20293, 17],
            "to": [13.3233, 4.95293, 19.5],
            "rotation": { "angle": -45, "axis": "z", "origin": [19.3233, 10.45293, 16] },
            "faces": {
                "north": { "uv": [0, 0, 0.5, 1], "rotation": 180, "texture": "#1" },
                "east": { "uv": [3, 0, 4.5, 1], "rotation": 180, "texture": "#1" },
                "south": { "uv": [3, 3, 3.5, 4], "texture": "#1" },
                "west": { "uv": [0, 0, 1.5, 1], "rotation": 180, "texture": "#1" },
                "up": { "uv": [3, 0, 4.5, 0.5], "rotation": 270, "texture": "#1" },
                "down": { "uv": [7, 7, 8.5, 7.5], "rotation": 90, "texture": "#1" }
            }
        },
        {
            "from": [12.11721, 11.82782, 17],
            "to": [14.86721, 13.32782, 19.5],
            "rotation": { "angle": 22.5, "axis": "z", "origin": [19.36721, 2.82782, 16] },
            "faces": {
                "north": { "uv": [0, 0, 0.5, 1], "rotation": 90, "texture": "#1" },
                "east": { "uv": [3, 0, 4.5, 0.5], "texture": "#1" },
                "south": { "uv": [3, 3, 3.5, 4], "texture": "#1" },
                "west": { "uv": [7, 7, 8.5, 7.5], "texture": "#1" },
                "up": { "uv": [0, 0, 1.5, 1], "rotation": 270, "texture": "#1" },
                "down": { "uv": [0, 0, 1.5, 1], "rotation": 270, "texture": "#1" }
            }
        },
        {
            "from": [9.0156, 7.92066, 17],
            "to": [11.7656, 9.42066, 19.5],
            "rotation": { "angle": 0, "axis": "x", "origin": [16.2656, -2.07934, 16] },
            "faces": {
                "north": { "uv": [0, 0, 0.5, 1], "rotation": 90, "texture": "#1" },
                "east": { "uv": [3, 0, 4.5, 0.5], "texture": "#1" },
                "south": { "uv": [3, 3, 3.5, 4], "texture": "#1" },
                "west": { "uv": [7, 7, 8.5, 7.5], "texture": "#1" },
                "up": { "uv": [0, 0, 1.5, 1], "rotation": 270, "texture": "#1" },
                "down": { "uv": [0, 0, 1.5, 1], "rotation": 270, "texture": "#1" }
            }
        },
        {
            "from": [4.96144, 5.03905, 17],
            "to": [7.71144, 6.53905, 19.5],
            "rotation": { "angle": -22.5, "axis": "z", "origin": [13.21144, -2.96095, 16] },
            "faces": {
                "north": { "uv": [0, 0, 0.5, 1], "rotation": 90, "texture": "#1" },
                "east": { "uv": [3, 0, 4.5, 0.5], "texture": "#1" },
                "south": { "uv": [3, 3, 3.5, 4], "texture": "#1" },
                "west": { "uv": [7, 7, 8.5, 7.5], "texture": "#1" },
                "up": { "uv": [0, 0, 1.5, 1], "rotation": 270, "texture": "#1" },
                "down": { "uv": [0, 0, 1.5, 1], "rotation": 270, "texture": "#1" }
            }
        },
        {
            "from": [-0.30107, 4.92824, 17],
            "to": [2.44893, 6.42824, 19.5],
            "rotation": { "angle": -45, "axis": "z", "origin": [6.94893, -4.07176, 16] },
            "faces": {
                "north": { "uv": [0, 0, 0.5, 1], "rotation": 90, "texture": "#1" },
                "east": { "uv": [3, 0, 4.5, 0.5], "texture": "#1" },
                "south": { "uv": [3, 3, 3.5, 4], "texture": "#1" },
                "west": { "uv": [7, 7, 8.5, 7.5], "texture": "#1" },
                "up": { "uv": [0, 0, 1.5, 1], "rotation": 270, "texture": "#1" },
                "down": { "uv": [0, 0, 1.5, 1], "rotation": 270, "texture": "#1" }
            }
        },
        {
            "from": [6.30248, 6.23154, 17.25],
            "to": [10.30248, 7.73154, 19],
            "rotation": { "angle": -45, "axis": "z", "origin": [7.30248, 1.23154, 16.25] },
            "faces": {
                "north": { "uv": [0, 0, 0.5, 2], "rotation": 90, "texture": "#1" },
                "east": { "uv": [0, 0, 0.75, 0.5], "texture": "#1" },
                "south": { "uv": [0, 0, 0.75, 2], "rotation": 270, "texture": "#1" },
                "west": { "uv": [0, 0, 0.75, 0.5], "rotation": 180, "texture": "#1" },
                "up": { "uv": [0, 0, 0.75, 2], "rotation": 270, "texture": "#1" },
                "down": { "uv": [0, 0, 0.75, 2], "rotation": 270, "texture": "#1" }
            }
        },
        {
            "from": [-4.10519, -4.96085, 17.25],
            "to": [-2.60519, -0.96085, 19],
            "rotation": { "angle": -45, "axis": "z", "origin": [9.39481, -7.96085, 16.25] },
            "faces": {
                "north": { "uv": [0, 0, 0.5, 2], "texture": "#1" },
                "east": { "uv": [0, 0, 0.75, 2], "texture": "#1" },
                "south": { "uv": [0, 0, 0.75, 2], "texture": "#1" },
                "west": { "uv": [0, 0, 0.75, 2], "texture": "#1" },
                "up": { "uv": [0, 0, 0.75, 0.5], "rotation": 270, "texture": "#1" },
                "down": { "uv": [0, 0, 0.75, 0.5], "rotation": 90, "texture": "#1" }
            }
        },
        {
            "from": [-8.93362, 5.31079, 17.25],
            "to": [-4.93362, 6.81079, 19],
            "rotation": { "angle": -45, "axis": "z", "origin": [6.56638, -3.68921, 16.25] },
            "faces": {
                "north": { "uv": [0, 0, 0.5, 2], "rotation": 90, "texture": "#1" },
                "east": { "uv": [0, 0, 0.75, 0.5], "texture": "#1" },
                "south": { "uv": [0, 0, 0.75, 2], "rotation": 90, "texture": "#1" },
                "west": { "uv": [0, 0, 0.75, 0.5], "texture": "#1" },
                "up": { "uv": [0, 0, 0.75, 2], "rotation": 270, "texture": "#1" },
                "down": { "uv": [0, 0, 0.75, 2], "rotation": 270, "texture": "#1" }
            }
        },
        {
            "from": [-1.61173, 10.5179, 17.25],
            "to": [-0.11173, 14.5179, 19],
            "rotation": { "angle": -45, "axis": "z", "origin": [5.88827, -2.9821, 16.25] },
            "faces": {
                "north": { "uv": [0, 0, 0.75, 2], "rotation": 180, "texture": "#1" },
                "east": { "uv": [0, 0, 0.75, 2], "rotation": 180, "texture": "#1" },
                "south": { "uv": [0, 0, 0.75, 2], "rotation": 180, "texture": "#1" },
                "west": { "uv": [0, 0, 0.75, 2], "rotation": 180, "texture": "#1" },
                "up": { "uv": [0, 0, 0.75, 0.5], "rotation": 270, "texture": "#1" },
                "down": { "uv": [0, 0, 0.75, 0.5], "rotation": 90, "texture": "#1" }
            }
        },
        {
            "from": [11.8024, 1.53005, 17],
            "to": [13.3024, 4.28005, 19.5],
            "rotation": { "angle": 22.5, "axis": "z", "origin": [1.8024, -4.46995, 16] },
            "faces": {
                "north": { "uv": [0, 0, 0.5, 1], "texture": "#1" },
                "east": { "uv": [3, 0, 4.5, 1], "texture": "#1" },
                "south": { "uv": [3, 3, 3.5, 4], "texture": "#1" },
                "west": { "uv": [0, 0, 1.5, 1], "texture": "#1" },
                "up": { "uv": [7, 7, 8.5, 7.5], "rotation": 270, "texture": "#1" },
                "down": { "uv": [3, 0, 4.5, 0.5], "rotation": 90, "texture": "#1" }
            }
        },
        {
            "from": [7.24509, 4.90016, 17],
            "to": [8.74509, 7.65016, 19.5],
            "rotation": { "angle": 0, "axis": "x", "origin": [-3.75491, -1.09984, 16] },
            "faces": {
                "north": { "uv": [0, 0, 0.5, 1], "texture": "#1" },
                "east": { "uv": [3, 0, 4.5, 1], "texture": "#1" },
                "south": { "uv": [3, 3, 3.5, 4], "texture": "#1" },
                "west": { "uv": [0, 0, 1.5, 1], "texture": "#1" },
                "up": { "uv": [7, 7, 8.5, 7.5], "rotation": 270, "texture": "#1" },
                "down": { "uv": [3, 0, 4.5, 0.5], "rotation": 90, "texture": "#1" }
            }
        },
        {
            "from": [6.75, 8.25, 16.25],
            "to": [9.16, 9.25, 19],
            "rotation": { "angle": 0, "axis": "y", "origin": [9, -0.25, 16] },
            "faces": {
                "north": { "uv": [0, 0, 0.75, 0.75], "texture": "#1" },
                "east": { "uv": [0, 0, 1.75, 0.75], "texture": "#1" },
                "south": { "uv": [1, 0, 1.75, 0.75], "texture": "#1" },
                "west": { "uv": [0, 0, 1.75, 0.75], "texture": "#1" },
                "up": { "uv": [0, 0, 1.75, 0.75], "rotation": 270, "texture": "#1" },
                "down": { "uv": [0, 0, 1.75, 0.75], "rotation": 90, "texture": "#1" }
            }
        },
        {
            "from": [7.45711, 7.54289, 16.25],
            "to": [8.45711, 9.95289, 19],
            "rotation": { "angle": 0, "axis": "x", "origin": [8.95711, 0.04289, 16] },
            "faces": {
                "north": { "uv": [0, 0, 0.75, 0.75], "rotation": 270, "texture": "#1" },
                "east": { "uv": [0, 0, 1.75, 0.75], "texture": "#1" },
                "south": { "uv": [1, 0, 1.75, 0.75], "rotation": 90, "texture": "#1" },
                "west": { "uv": [0, 0, 1.75, 0.75], "rotation": 180, "texture": "#1" },
                "up": { "uv": [0, 0, 1.75, 0.75], "rotation": 90, "texture": "#1" },
                "down": { "uv": [0, 0, 1.75, 0.75], "rotation": 90, "texture": "#1" }
            }
        },
        {
            "from": [0.27513, 8.61827, 16.25],
            "to": [2.68513, 9.61827, 19],
            "rotation": { "angle": -45, "axis": "z", "origin": [4.27513, 1.11827, 16] },
            "faces": {
                "north": { "uv": [0, 0, 0.75, 0.75], "texture": "#1" },
                "east": { "uv": [0, 0, 1.75, 0.75], "texture": "#1" },
                "south": { "uv": [1, 0, 1.75, 0.75], "texture": "#1" },
                "west": { "uv": [0, 0, 1.75, 0.75], "texture": "#1" },
                "up": { "uv": [0, 0, 1.75, 0.75], "rotation": 270, "texture": "#1" },
                "down": { "uv": [0, 0, 1.75, 0.75], "rotation": 90, "texture": "#1" }
            }
        },
        {
            "from": [1.54289, 6.67893, 16.25],
            "to": [2.54289, 9.08893, 19],
            "rotation": { "angle": -45, "axis": "z", "origin": [6.04289, 1.17893, 16] },
            "faces": {
                "north": { "uv": [0, 0, 0.75, 0.75], "rotation": 270, "texture": "#1" },
                "east": { "uv": [0, 0, 1.75, 0.75], "texture": "#1" },
                "south": { "uv": [1, 0, 1.75, 0.75], "rotation": 90, "texture": "#1" },
                "west": { "uv": [0, 0, 1.75, 0.75], "rotation": 180, "texture": "#1" },
                "up": { "uv": [0, 0, 1.75, 0.75], "rotation": 90, "texture": "#1" },
                "down": { "uv": [0, 0, 1.75, 0.75], "rotation": 90, "texture": "#1" }
            }
        },
        {
            "from": [5.25, 8.25, 18.75],
            "to": [5.75, 8.75, 19.75],
            "rotation": { "angle": 0, "axis": "y", "origin": [0, 0, 16] },
            "faces": {
                "north": { "uv": [11, 3, 11.5, 3.5], "texture": "#0" },
                "east": { "uv": [11, 3, 11.5, 3.5], "texture": "#0" },
                "south": { "uv": [11, 3, 11.5, 3.5], "texture": "#0" },
                "west": { "uv": [11, 3, 11.5, 3.5], "texture": "#0" },
                "up": { "uv": [11, 3, 11.5, 3.5], "rotation": 270, "texture": "#0" },
                "down": { "uv": [11, 3, 11.5, 3.5], "rotation": 90, "texture": "#0" }
            }
        },
        {
            "from": [-3.25, 11.5, 18.75],
            "to": [-2.75, 12, 19.75],
            "rotation": { "angle": -45, "axis": "z", "origin": [0, 0, 16] },
            "faces": {
                "north": { "uv": [11, 3, 11.5, 3.5], "texture": "#0" },
                "east": { "uv": [11, 3, 11.5, 3.5], "texture": "#0" },
                "south": { "uv": [11, 3, 11.5, 3.5], "texture": "#0" },
                "west": { "uv": [11, 3, 11.5, 3.5], "texture": "#0" },
                "up": { "uv": [11, 3, 11.5, 3.5], "rotation": 270, "texture": "#0" },
                "down": { "uv": [11, 3, 11.5, 3.5], "rotation": 90, "texture": "#0" }
            }
        },
        {
            "from": [10.25, 8.25, 18.75],
            "to": [10.75, 8.75, 19.75],
            "rotation": { "angle": 0, "axis": "y", "origin": [0, 0, 16] },
            "faces": {
                "north": { "uv": [11, 3, 11.5, 3.5], "texture": "#0" },
                "east": { "uv": [11, 3, 11.5, 3.5], "texture": "#0" },
                "south": { "uv": [11, 3, 11.5, 3.5], "texture": "#0" },
                "west": { "uv": [11, 3, 11.5, 3.5], "texture": "#0" },
                "up": { "uv": [11, 3, 11.5, 3.5], "rotation": 270, "texture": "#0" },
                "down": { "uv": [11, 3, 11.5, 3.5], "rotation": 90, "texture": "#0" }
            }
        },
        {
            "from": [1.5, 11.5, 18.75],
            "to": [2, 12, 19.75],
            "rotation": { "angle": -45, "axis": "z", "origin": [0, 0, 16] },
            "faces": {
                "north": { "uv": [11, 3, 11.5, 3.5], "texture": "#0" },
                "east": { "uv": [11, 3, 11.5, 3.5], "texture": "#0" },
                "south": { "uv": [11, 3, 11.5, 3.5], "texture": "#0" },
                "west": { "uv": [11, 3, 11.5, 3.5], "texture": "#0" },
                "up": { "uv": [11, 3, 11.5, 3.5], "rotation": 270, "texture": "#0" },
                "down": { "uv": [11, 3, 11.5, 3.5], "rotation": 90, "texture": "#0" }
            }
        },
        {
            "from": [7.75, 6, 18.75],
            "to": [8.25, 6.5, 19.75],
            "rotation": { "angle": 0, "axis": "y", "origin": [0, 0, 16] },
            "faces": {
                "north": { "uv": [11, 3, 11.5, 3.5], "texture": "#0" },
                "east": { "uv": [11, 3, 11.5, 3.5], "texture": "#0" },
                "south": { "uv": [11, 3, 11.5, 3.5], "texture": "#0" },
                "west": { "uv": [11, 3, 11.5, 3.5], "texture": "#0" },
                "up": { "uv": [11, 3, 11.5, 3.5], "rotation": 270, "texture": "#0" },
                "down": { "uv": [11, 3, 11.5, 3.5], "rotation": 90, "texture": "#0" }
            }
        },
        {
            "from": [-0.75, 9.25, 18.75],
            "to": [-0.25, 9.75, 19.75],
            "rotation": { "angle": -45, "axis": "z", "origin": [0, 0, 16] },
            "faces": {
                "north": { "uv": [11, 3, 11.5, 3.5], "texture": "#0" },
                "east": { "uv": [11, 3, 11.5, 3.5], "texture": "#0" },
                "south": { "uv": [11, 3, 11.5, 3.5], "texture": "#0" },
                "west": { "uv": [11, 3, 11.5, 3.5], "texture": "#0" },
                "up": { "uv": [11, 3, 11.5, 3.5], "rotation": 270, "texture": "#0" },
                "down": { "uv": [11, 3, 11.5, 3.5], "rotation": 90, "texture": "#0" }
            }
        },
        {
            "from": [7.75, 11, 18.75],
            "to": [8.25, 11.5, 19.75],
            "rotation": { "angle": 0, "axis": "y", "origin": [0, 0, 16] },
            "faces": {
                "north": { "uv": [11, 3, 11.5, 3.5], "texture": "#0" },
                "east": { "uv": [11, 3, 11.5, 3.5], "texture": "#0" },
                "south": { "uv": [11, 3, 11.5, 3.5], "texture": "#0" },
                "west": { "uv": [11, 3, 11.5, 3.5], "texture": "#0" },
                "up": { "uv": [11, 3, 11.5, 3.5], "rotation": 270, "texture": "#0" },
                "down": { "uv": [11, 3, 11.5, 3.5], "rotation": 90, "texture": "#0" }
            }
        },
        {
            "from": [-0.75, 14, 18.75],
            "to": [-0.25, 14.5, 19.75],
            "rotation": { "angle": -45, "axis": "z", "origin": [0, 0, 16] },
            "faces": {
                "north": { "uv": [11, 3, 11.5, 3.5], "texture": "#0" },
                "east": { "uv": [11, 3, 11.5, 3.5], "texture": "#0" },
                "south": { "uv": [11, 3, 11.5, 3.5], "texture": "#0" },
                "west": { "uv": [11, 3, 11.5, 3.5], "texture": "#0" },
                "up": { "uv": [11, 3, 11.5, 3.5], "rotation": 270, "texture": "#0" },
                "down": { "uv": [11, 3, 11.5, 3.5], "rotation": 90, "texture": "#0" }
            }
        }
    ],
    "display": {
        "thirdperson_righthand": {
            "rotation": [110, -180, 0],
            "translation": [0, 1.5, 0],
            "scale": [0.2, 0.2, 0.2]
        },
        "thirdperson_lefthand": {
            "rotation": [110, -180, 0],
            "translation": [0, 1.5, 0],
            "scale": [0.2, 0.2, 0.2]
        },
        "firstperson_righthand": {
            "rotation": [0, -23, 0],
            "translation": [0, 3.4782, 0],
            "scale": [0.3, 0.3, 0.3]
        },
        "firstperson_lefthand": {
            "rotation": [0, -23, 0],
            "translation": [0, 3.4782, 0],
            "scale": [0.3, 0.3, 0.3]
        },
        "ground": {
            "translation": [0, 2.7826, 0],
            "scale": [0.2, 0.2, 0.2]
        },
        "gui": {
            "rotation": [28, 27, 0],
            "scale": [0.6, 0.6, 0.6]
        },
        "head": {
            "rotation": [0, -180, 0],
            "translation": [0, 8.3478, 0]
        },
        "fixed": {
            "rotation": [0, -180, 0]
        }
    },
    "groups": [0, 1, 2, 3,
        {
            "name": "group",
            "origin": [0, 0.75, -3.25],
            "children": [4, 5, 6, 7, 8, 9, 10, 11, 12, 13, 14, 15, 16, 17, 18, 19, 20, 21, 22, 23, 24, 25, 26, 27, 28, 29, 30, 31, 32, 33, 34, 35]
        }
    ]
}