{
"__comment": "Designed by NathanKuijt - In Order Of DusDavidGames",
"textures": {
    "particle": "block/snow",
    "texture": "block/quartz_block_bottom",
    "coal_block": "block/coal_block"
},
"elements": [ 
{
    "from": [ -4.5, 3.75, 5.5 ],
    "to": [ 1.5, 9.25, 10.5 ],
    "rotation": { "origin": [ -4.5, 9.25, 5.5 ], "axis": "z", "angle": 22.5 },
    "faces": {
        "down":  { "uv": [ 13.5, 10.5, 8, 5.5 ], "texture": "#texture" },
        "up":    { "uv": [ 2.5, 5.5, 8, 10.5 ], "texture": "#texture" },
        "north": { "uv": [ 8, 1.375, 13.5, 5.875 ], "texture": "#texture" },
        "south": { "uv": [ 2.5, 1.375, 8, 5.875 ], "texture": "#texture" },
        "west":  { "uv": [ 5.5, 1.375, 10.5, 5.875 ], "texture": "#texture" },
        "east":  { "uv": [ 5.5, 1.375, 10.5, 5.875 ], "texture": "#texture" }
    }
},
{
    "from": [ 2, 5, 4 ],
    "to": [ 14.5, 12.5, 12.5 ],
    "faces": {
        "down":  { "uv": [ 14, 12.5, 1.5, 4 ], "texture": "#texture" },
        "up":    { "uv": [ 2, 4, 14.5, 12.5 ], "texture": "#texture" },
        "north": { "uv": [ 1.5, 3.5, 14, 11 ], "texture": "#texture" },
        "south": { "uv": [ 2, 3.5, 14.5, 11 ], "texture": "#texture" },
        "west":  { "uv": [ 4, 3.5, 12.5, 11 ], "texture": "#texture" },
        "east":  { "uv": [ 3.5, 3.5, 12, 11 ], "texture": "#texture" }
    }
},
{
    "from": [ -0.5, 6, 5 ],
    "to": [ 2, 11.5, 11.5 ],
    "faces": {
        "down":  { "uv": [ 16, 11.5, 14, 5 ], "texture": "#texture" },
        "up":    { "uv": [ 0, 5, 2, 11.5 ], "texture": "#texture" },
        "north": { "uv": [ 14, 4.5, 16, 10 ], "texture": "#texture" },
        "south": { "uv": [ 0, 4.5, 2, 10 ], "texture": "#texture" },
        "west":  { "uv": [ 5, 4.5, 11.5, 10 ], "texture": "#texture" },
        "east":  { "uv": [ 4.5, 4.5, 11, 10 ], "texture": "#texture" }
    }
},
{
    "from": [ -4.875, 4.4375, 6.5 ],
    "to": [ -2.375, 7.4375, 9.5 ],
    "faces": {
        "down":  { "uv": [ 16, 9.5, 16, 6.5 ], "texture": "#texture" },
        "up":    { "uv": [ 0, 6.5, 0, 9.5 ], "texture": "#texture" },
        "north": { "uv": [ 16, 8.5625, 16, 11.5625 ], "texture": "#texture" },
        "south": { "uv": [ 0, 8.5625, 0, 11.5625 ], "texture": "#texture" },
        "west":  { "uv": [ 6.5, 8.5625, 9.5, 11.5625 ], "texture": "#texture" },
        "east":  { "uv": [ 6.5, 8.5625, 9.5, 11.5625 ], "texture": "#texture" }
    }
},
{
    "from": [ 3, 2.5, 3.4375 ],
    "to": [ 6.5, 7, 6.9375 ],
    "rotation": { "origin": [ 3, 7, 3.4375 ], "axis": "z", "angle": -22.5 },
    "faces": {
        "down":  { "uv": [ 13.125, 5, 10.625, 4 ], "texture": "#coal_block" },
        "up":    { "uv": [ 2.875, 4, 5.375, 5 ], "texture": "#coal_block" },
        "north": { "uv": [ 10.625, 10.375, 13.125, 13.875 ], "texture": "#coal_block" },
        "south": { "uv": [ 2.875, 10.375, 5.375, 13.875 ], "texture": "#coal_block" },
        "west":  { "uv": [ 4, 10.375, 5, 13.875 ], "texture": "#coal_block" },
        "east":  { "uv": [ 11, 10.375, 12, 13.875 ], "texture": "#coal_block" }
    }
},
{
    "from": [ 1.25, -1.3125, 3.4375 ],
    "to": [ 4.5625, 3, 6.9375 ],
    "faces": {
        "down":  { "uv": [ 14.75, 6.9375, 11.4375, 3.4375 ], "texture": "#coal_block" },
        "up":    { "uv": [ 1.25, 3.4375, 4.5625, 6.9375 ], "texture": "#coal_block" },
        "north": { "uv": [ 11.4375, 13, 14.75, 16 ], "texture": "#coal_block" },
        "south": { "uv": [ 1.25, 13, 4.5625, 16 ], "texture": "#coal_block" },
        "west":  { "uv": [ 3.4375, 13, 6.9375, 16 ], "texture": "#coal_block" },
        "east":  { "uv": [ 9.0625, 13, 12.5625, 16 ], "texture": "#coal_block" }
    }
},
{
    "from": [ -4, 9, 6 ],
    "to": [ -3, 10.5, 7 ],
    "faces": {
        "down":  { "uv": [ 16, 7, 16, 6 ], "texture": "#coal_block" },
        "up":    { "uv": [ 0, 6, 0, 7 ], "texture": "#coal_block" },
        "north": { "uv": [ 16, 5.5, 16, 7 ], "texture": "#coal_block" },
        "south": { "uv": [ 0, 5.5, 0, 7 ], "texture": "#coal_block" },
        "west":  { "uv": [ 6, 5.5, 7, 7 ], "texture": "#coal_block" },
        "east":  { "uv": [ 9, 5.5, 10, 7 ], "texture": "#coal_block" }
    }
},
{
    "from": [ -4, 9, 9 ],
    "to": [ -3, 10.5, 10 ],
    "faces": {
        "down":  { "uv": [ 16, 10, 16, 9 ], "texture": "#coal_block" },
        "up":    { "uv": [ 0, 9, 0, 10 ], "texture": "#coal_block" },
        "north": { "uv": [ 16, 5.5, 16, 7 ], "texture": "#coal_block" },
        "south": { "uv": [ 0, 5.5, 0, 7 ], "texture": "#coal_block" },
        "west":  { "uv": [ 9, 5.5, 10, 7 ], "texture": "#coal_block" },
        "east":  { "uv": [ 6, 5.5, 7, 7 ], "texture": "#coal_block" }
    }
},
{
    "from": [ 2.8125, 2.6875, 10 ],
    "to": [ 6.3125, 6.6875, 13 ],
    "rotation": { "origin": [ 2.8125, 6.6875, 10 ], "axis": "z", "angle": -22.5 },
    "faces": {
        "down":  { "uv": [ 14, 13, 10.5, 10 ], "texture": "#coal_block" },
        "up":    { "uv": [ 2, 10, 5.5, 13 ], "texture": "#coal_block" },
        "north": { "uv": [ 10.5, 10.5, 14, 14.5 ], "texture": "#coal_block" },
        "south": { "uv": [ 2, 10.5, 5.5, 14.5 ], "texture": "#coal_block" },
        "west":  { "uv": [ 10, 10.5, 13, 14.5 ], "texture": "#coal_block" },
        "east":  { "uv": [ 3, 10.5, 6, 14.5 ], "texture": "#coal_block" }
    }
},
{
    "from": [ 1.1875, -1.25, 10 ],
    "to": [ 4.625, 3, 13 ],
    "faces": {
        "down":  { "uv": [ 14.8125, 13, 11.375, 10 ], "texture": "#coal_block" },
        "up":    { "uv": [ 1.1875, 10, 4.625, 13 ], "texture": "#coal_block" },
        "north": { "uv": [ 11.375, 13, 14.8125, 16 ], "texture": "#coal_block" },
        "south": { "uv": [ 1.1875, 13, 4.625, 16 ], "texture": "#coal_block" },
        "west":  { "uv": [ 10, 13, 13, 16 ], "texture": "#coal_block" },
        "east":  { "uv": [ 3, 13, 6, 16 ], "texture": "#coal_block" }
    }
},
{
    "from": [ 3, 12.5, 4.5 ],
    "to": [ 13.5, 13.5, 11.5 ],
    "faces": {
        "down":  { "uv": [ 13, 11.5, 2.5, 4.5 ], "texture": "#texture" },
        "up":    { "uv": [ 3, 4.5, 13.5, 11.5 ], "texture": "#texture" },
        "north": { "uv": [ 2.5, 2.5, 13, 3.5 ], "texture": "#texture" },
        "south": { "uv": [ 3, 2.5, 13.5, 3.5 ], "texture": "#texture" },
        "west":  { "uv": [ 4.5, 2.5, 11.5, 3.5 ], "texture": "#texture" },
        "east":  { "uv": [ 4.5, 2.5, 11.5, 3.5 ], "texture": "#texture" }
    }
},
{
    "from": [ 8.5, 2, 3 ],
    "to": [ 13.5, 6.5, 6.5 ],
    "faces": {
        "down":  { "uv": [ 7.5, 6.5, 2.5, 3 ], "texture": "#coal_block" },
        "up":    { "uv": [ 8.5, 3, 13.5, 6.5 ], "texture": "#coal_block" },
        "north": { "uv": [ 2.5, 9.5, 7.5, 14 ], "texture": "#coal_block" },
        "south": { "uv": [ 8.5, 9.5, 13.5, 14 ], "texture": "#coal_block" },
        "west":  { "uv": [ 3, 9.5, 6.5, 14 ], "texture": "#coal_block" },
        "east":  { "uv": [ 9.5, 9.5, 13, 14 ], "texture": "#coal_block" }
    }
},
{
    "from": [ 8.9375, -2.0625, 2.6875 ],
    "to": [ 12.625, 1.9375, 5.6875 ],
    "rotation": { "origin": [ 8.9375, 1.9375, 2.6875 ], "axis": "z", "angle": 22.5 },
    "faces": {
        "down":  { "uv": [ 6.9375, 5.6875, 3.25, 2.6875 ], "texture": "#coal_block" },
        "up":    { "uv": [ 9.0625, 2.6875, 12.75, 5.6875 ], "texture": "#coal_block" },
        "north": { "uv": [ 3.25, 13.375, 6.9375, 16 ], "texture": "#coal_block" },
        "south": { "uv": [ 9.0625, 13.375, 12.75, 16 ], "texture": "#coal_block" },
        "west":  { "uv": [ 2.6875, 13.375, 5.6875, 16 ], "texture": "#coal_block" },
        "east":  { "uv": [ 10.3125, 13.375, 13.3125, 16 ], "texture": "#coal_block" }
    }
},
{
    "from": [ 3.5, 6, 3.5 ],
    "to": [ 13, 12, 4.5 ],
    "faces": {
        "down":  { "uv": [ 12.5, 4.5, 3, 3.5 ], "texture": "#texture" },
        "up":    { "uv": [ 3.5, 3.5, 13, 4.5 ], "texture": "#texture" },
        "north": { "uv": [ 3, 4, 12.5, 10 ], "texture": "#texture" },
        "south": { "uv": [ 3.5, 4, 13, 10 ], "texture": "#texture" },
        "west":  { "uv": [ 3.5, 4, 4.5, 10 ], "texture": "#texture" },
        "east":  { "uv": [ 11.5, 4, 12.5, 10 ], "texture": "#texture" }
    }
},
{
    "from": [ -4.5, 7.5, 6.3125 ],
    "to": [ -3.5, 8.5, 7.3125 ],
    "rotation": { "origin": [ -4.5, 8.5, 6.3125 ], "axis": "z", "angle": 22.5 },
    "faces": {
        "down":  { "uv": [ 16, 7.3125, 16, 6.3125 ], "texture": "#coal_block" },
        "up":    { "uv": [ 0, 6.3125, 0, 7.3125 ], "texture": "#coal_block" },
        "north": { "uv": [ 16, 4.5, 16, 5.5 ], "texture": "#coal_block" },
        "south": { "uv": [ 0, 4.5, 0, 5.5 ], "texture": "#coal_block" },
        "west":  { "uv": [ 6.3125, 4.5, 7.3125, 5.5 ], "texture": "#coal_block" },
        "east":  { "uv": [ 8.6875, 4.5, 9.6875, 5.5 ], "texture": "#coal_block" }
    }
},
{
    "from": [ -4.5, 7.5, 8.5 ],
    "to": [ -3.5, 8.5, 9.5 ],
    "rotation": { "origin": [ -4.5, 8.5, 8.5 ], "axis": "z", "angle": 22.5 },
    "faces": {
        "down":  { "uv": [ 16, 9.5, 16, 8.5 ], "texture": "#coal_block" },
        "up":    { "uv": [ 0, 8.5, 0, 9.5 ], "texture": "#coal_block" },
        "north": { "uv": [ 16, 0, 16, 1 ], "texture": "#coal_block" },
        "south": { "uv": [ 0, 0, 0, 1 ], "texture": "#coal_block" },
        "west":  { "uv": [ 8.5, 0, 9.5, 1 ], "texture": "#coal_block" },
        "east":  { "uv": [ 6.5, 0, 7.5, 1 ], "texture": "#coal_block" }
    }
},
{
    "from": [ -5.0625, 6.5, 6.6875 ],
    "to": [ -4.0625, 7.5, 9.1875 ],
    "faces": {
        "down":  { "uv": [ 16, 9.1875, 16, 6.6875 ], "texture": "#coal_block" },
        "up":    { "uv": [ 0, 6.6875, 0, 9.1875 ], "texture": "#coal_block" },
        "north": { "uv": [ 16, 8.5, 16, 9.5 ], "texture": "#coal_block" },
        "south": { "uv": [ 0, 8.5, 0, 9.5 ], "texture": "#coal_block" },
        "west":  { "uv": [ 6.6875, 8.5, 9.1875, 9.5 ], "texture": "#coal_block" },
        "east":  { "uv": [ 6.8125, 8.5, 9.3125, 9.5 ], "texture": "#coal_block" }
    }
},
{
    "from": [ -4.4375, 8, 6.4375 ],
    "to": [ -3.9375, 8.5, 6.875 ],
    "faces": {
        "down":  { "uv": [ 16, 6.875, 16, 6.4375 ], "texture": "#texture" },
        "up":    { "uv": [ 0, 6.4375, 0, 6.875 ], "texture": "#texture" },
        "north": { "uv": [ 16, 7.5, 16, 8 ], "texture": "#texture" },
        "south": { "uv": [ 0, 7.5, 0, 8 ], "texture": "#texture" },
        "west":  { "uv": [ 6.4375, 7.5, 6.875, 8 ], "texture": "#texture" },
        "east":  { "uv": [ 9.125, 7.5, 9.5625, 8 ], "texture": "#texture" }
    }
},
{
    "from": [ -4.4375, 7.9375, 8.625 ],
    "to": [ -3.9375, 8.4375, 9.125 ],
    "faces": {
        "down":  { "uv": [ 16, 9.125, 16, 8.625 ], "texture": "#texture" },
        "up":    { "uv": [ 0, 8.625, 0, 9.125 ], "texture": "#texture" },
        "north": { "uv": [ 16, 7.5625, 16, 8.0625 ], "texture": "#texture" },
        "south": { "uv": [ 0, 7.5625, 0, 8.0625 ], "texture": "#texture" },
        "west":  { "uv": [ 8.625, 7.5625, 9.125, 8.0625 ], "texture": "#texture" },
        "east":  { "uv": [ 6.875, 7.5625, 7.375, 8.0625 ], "texture": "#texture" }
    }
},
{
    "from": [ 1.9375, 4.9375, 7.0625 ],
    "to": [ 9.9375, 9.9375, 12.5625 ],
    "faces": {
        "down":  { "uv": [ 14.0625, 12.5625, 6.0625, 7.0625 ], "texture": "#coal_block" },
        "up":    { "uv": [ 1.9375, 7.0625, 9.9375, 12.5625 ], "texture": "#coal_block" },
        "north": { "uv": [ 6.0625, 6.0625, 14.0625, 11.0625 ], "texture": "#coal_block" },
        "south": { "uv": [ 1.9375, 6.0625, 9.9375, 11.0625 ], "texture": "#coal_block" },
        "west":  { "uv": [ 7.0625, 6.0625, 12.5625, 11.0625 ], "texture": "#coal_block" },
        "east":  { "uv": [ 3.4375, 6.0625, 8.9375, 11.0625 ], "texture": "#coal_block" }
    }
},
{
    "from": [ 9.5, 5, 11.5625 ],
    "to": [ 11, 8, 12.5625 ],
    "faces": {
        "down":  { "uv": [ 6.5, 12.5625, 5, 11.5625 ], "texture": "#coal_block" },
        "up":    { "uv": [ 9.5, 11.5625, 11, 12.5625 ], "texture": "#coal_block" },
        "north": { "uv": [ 5, 8, 6.5, 11 ], "texture": "#coal_block" },
        "south": { "uv": [ 9.5, 8, 11, 11 ], "texture": "#coal_block" },
        "west":  { "uv": [ 11.5625, 8, 12.5625, 11 ], "texture": "#coal_block" },
        "east":  { "uv": [ 3.4375, 8, 4.4375, 11 ], "texture": "#coal_block" }
    }
},
{
    "from": [ 1.9375, 9.875, 9.0625 ],
    "to": [ 7.9375, 10.875, 12.5625 ],
    "faces": {
        "down":  { "uv": [ 14.0625, 12.5625, 8.0625, 9.0625 ], "texture": "#coal_block" },
        "up":    { "uv": [ 1.9375, 9.0625, 7.9375, 12.5625 ], "texture": "#coal_block" },
        "north": { "uv": [ 8.0625, 5.125, 14.0625, 6.125 ], "texture": "#coal_block" },
        "south": { "uv": [ 1.9375, 5.125, 7.9375, 6.125 ], "texture": "#coal_block" },
        "west":  { "uv": [ 9.0625, 5.125, 12.5625, 6.125 ], "texture": "#coal_block" },
        "east":  { "uv": [ 3.4375, 5.125, 6.9375, 6.125 ], "texture": "#coal_block" }
    }
},
{
    "from": [ 3.4375, 5.9375, 3.4375 ],
    "to": [ 9.9375, 9.9375, 4.4375 ],
    "faces": {
        "down":  { "uv": [ 12.5625, 4.4375, 6.0625, 3.4375 ], "texture": "#coal_block" },
        "up":    { "uv": [ 3.4375, 3.4375, 9.9375, 4.4375 ], "texture": "#coal_block" },
        "north": { "uv": [ 6.0625, 6.0625, 12.5625, 10.0625 ], "texture": "#coal_block" },
        "south": { "uv": [ 3.4375, 6.0625, 9.9375, 10.0625 ], "texture": "#coal_block" },
        "west":  { "uv": [ 3.4375, 6.0625, 4.4375, 10.0625 ], "texture": "#coal_block" },
        "east":  { "uv": [ 11.5625, 6.0625, 12.5625, 10.0625 ], "texture": "#coal_block" }
    }
},
{
    "from": [ 1.9375, 4.9375, 3.9375 ],
    "to": [ 9.9375, 8.9375, 6.4375 ],
    "faces": {
        "down":  { "uv": [ 14.0625, 6.4375, 6.0625, 3.9375 ], "texture": "#coal_block" },
        "up":    { "uv": [ 1.9375, 3.9375, 9.9375, 6.4375 ], "texture": "#coal_block" },
        "north": { "uv": [ 6.0625, 7.0625, 14.0625, 11.0625 ], "texture": "#coal_block" },
        "south": { "uv": [ 1.9375, 7.0625, 9.9375, 11.0625 ], "texture": "#coal_block" },
        "west":  { "uv": [ 3.9375, 7.0625, 6.4375, 11.0625 ], "texture": "#coal_block" },
        "east":  { "uv": [ 9.5625, 7.0625, 12.0625, 11.0625 ], "texture": "#coal_block" }
    }
},
{
    "from": [ 9.8125, 6, 3.4375 ],
    "to": [ 11.3125, 9.5, 4.4375 ],
    "faces": {
        "down":  { "uv": [ 6.1875, 4.4375, 4.6875, 3.4375 ], "texture": "#coal_block" },
        "up":    { "uv": [ 9.8125, 3.4375, 11.3125, 4.4375 ], "texture": "#coal_block" },
        "north": { "uv": [ 4.6875, 6.5, 6.1875, 10 ], "texture": "#coal_block" },
        "south": { "uv": [ 9.8125, 6.5, 11.3125, 10 ], "texture": "#coal_block" },
        "west":  { "uv": [ 3.4375, 6.5, 4.4375, 10 ], "texture": "#coal_block" },
        "east":  { "uv": [ 11.5625, 6.5, 12.5625, 10 ], "texture": "#coal_block" }
    }
},
{
    "from": [ 11.0625, 5, 3.4375 ],
    "to": [ 12.0625, 8.5, 4.4375 ],
    "faces": {
        "down":  { "uv": [ 4.9375, 4.4375, 3.9375, 3.4375 ], "texture": "#coal_block" },
        "up":    { "uv": [ 11.0625, 3.4375, 12.0625, 4.4375 ], "texture": "#coal_block" },
        "north": { "uv": [ 3.9375, 7.5, 4.9375, 11 ], "texture": "#coal_block" },
        "south": { "uv": [ 11.0625, 7.5, 12.0625, 11 ], "texture": "#coal_block" },
        "west":  { "uv": [ 3.4375, 7.5, 4.4375, 11 ], "texture": "#coal_block" },
        "east":  { "uv": [ 11.5625, 7.5, 12.5625, 11 ], "texture": "#coal_block" }
    }
},
{
    "from": [ 9.25, 2.0625, 9.6875 ],
    "to": [ 14.25, 6.0625, 12.6875 ],
    "faces": {
        "down":  { "uv": [ 6.75, 12.6875, 1.75, 9.6875 ], "texture": "#coal_block" },
        "up":    { "uv": [ 9.25, 9.6875, 14.25, 12.6875 ], "texture": "#coal_block" },
        "north": { "uv": [ 1.75, 9.9375, 6.75, 13.9375 ], "texture": "#coal_block" },
        "south": { "uv": [ 9.25, 9.9375, 14.25, 13.9375 ], "texture": "#coal_block" },
        "west":  { "uv": [ 9.6875, 9.9375, 12.6875, 13.9375 ], "texture": "#coal_block" },
        "east":  { "uv": [ 3.3125, 9.9375, 6.3125, 13.9375 ], "texture": "#coal_block" }
    }
},
{
    "from": [ 9.4375, -2.25, 10.5 ],
    "to": [ 12.9375, 2.75, 13 ],
    "rotation": { "origin": [ 9.4375, 2.75, 10.5 ], "axis": "z", "angle": 22.5 },
    "faces": {
        "down":  { "uv": [ 6.5, 13.5, 2, 11 ], "texture": "#coal_block" },
        "up":    { "uv": [ 9.5, 11, 14, 13.5 ], "texture": "#coal_block" },
        "north": { "uv": [ 2, 0, 6.5, 5 ], "texture": "#coal_block" },
        "south": { "uv": [ 9.5, 0, 14, 5 ], "texture": "#coal_block" },
        "west":  { "uv": [ 11, 0, 13.5, 5 ], "texture": "#coal_block" },
        "east":  { "uv": [ 2.5, 0, 5, 5 ], "texture": "#coal_block" }
    }
}
],
"display": {
    "thirdperson_righthand": {
        "rotation": [ 51, -55, 0 ],
        "translation": [ 0.76, -0.76, 1.7 ],
        "scale": [ 0.5, 0.5, 0.5 ]
    },
    "thirdperson_lefthand": {
        "rotation": [ 51, 35, 0 ],
        "translation": [ 0, 2.08, 1.7 ],
        "scale": [ 0.5, 0.5, 0.5 ]
    },
    "head": {
        "rotation": [ 14, -94, 6 ],
        "translation": [ -0.19, 9.26, -1.32 ],
        "scale": [ 1, 1, 1 ]
    },
    "ground": {
        "rotation": [ 48, 0, -33 ],
        "translation": [ 0, 0, 2.5 ],
        "scale": [ 0.4, 0.4, 0.4 ]
    },
    "firstperson_righthand": {
        "rotation": [ 0, -43, 0 ],
        "translation": [ 3.4, 1.7, -1 ],
        "scale": [ 0.7, 0.7, 0.7 ]
    },
    "firstperson_lefthand": {
        "rotation": [ 0, 115, 0 ],
        "translation": [ 3.4, 1.7, -1 ],
        "scale": [ 0.7, 0.7, 0.7 ]
    },
    "gui": {
        "rotation": [ 30, 135, 0 ],
        "translation": [ -0.2, 1, 0 ],
        "scale": [ 0.7, 0.7, 0.7 ]
    }
}
}