{
	"credit": "Made with Blockbench",
	"textures": {
		"telefoon_back": "custom/mobiel/telefoon_back",
		"particle": "custom/mobiel/telefoon_back",
		"telefoon_front": "custom/mobiel/telefoon_front"
	},
	"elements": [
		{
			"name": "Cube1",
			"from": [4.5, 8, 1],
			"to": [12.5, 8.5, 15],
			"faces": {
				"north": {"uv": [4.5, 1.5, 12.5, 1], "texture": "#telefoon_back"},
				"east": {"uv": [4.5, 1, 5, 15], "texture": "#telefoon_back", "rotation": 90},
				"south": {"uv": [12.5, 15, 4.5, 14.5], "texture": "#telefoon_back"},
				"west": {"uv": [12.5, 15, 12, 1], "texture": "#telefoon_back", "rotation": 90},
				"up": {"uv": [4.5, 15, 12.5, 1], "texture": "#telefoon_back", "rotation": 180},
				"down": {"uv": [4.5, 1, 12.5, 15], "texture": "#telefoon_back", "rotation": 180}
			}
		},
		{
			"name": "Cube2",
			"from": [5, 8, 0.5],
			"to": [12, 8.5, 15.5],
			"faces": {
				"north": {"uv": [5, 1, 12, 0.5], "texture": "#telefoon_back"},
				"east": {"uv": [5, 0.5, 5.5, 15.5], "texture": "#telefoon_back", "rotation": 90},
				"south": {"uv": [12, 15.5, 5, 15], "texture": "#telefoon_back"},
				"west": {"uv": [12, 15.5, 11.5, 0.5], "texture": "#telefoon_back", "rotation": 90},
				"up": {"uv": [5, 15.5, 12, 0.5], "texture": "#telefoon_back", "rotation": 180},
				"down": {"uv": [5, 0.5, 12, 15.5], "texture": "#telefoon_back", "rotation": 180}
			}
		},
		{
			"name": "Cube3",
			"from": [4.5, 8.5, 1],
			"to": [12.5, 9.5, 15],
			"faces": {
				"north": {"uv": [12.5, 1, 4.5, 1.5], "texture": "#telefoon_front"},
				"east": {"uv": [12.5, 15, 12, 1], "texture": "#telefoon_front", "rotation": 270},
				"south": {"uv": [4.5, 14.5, 12.5, 15], "texture": "#telefoon_front"},
				"west": {"uv": [4.5, 1, 5, 15], "texture": "#telefoon_front", "rotation": 270},
				"up": {"uv": [4.5, 1, 12.5, 15], "texture": "#telefoon_front"},
				"down": {"uv": [4.5, 15, 12.5, 1], "texture": "#telefoon_front"}
			}
		},
		{
			"name": "Cube4",
			"from": [5, 8.5, 0.5],
			"to": [12, 9.5, 15.5],
			"faces": {
				"north": {"uv": [12, 0.5, 5, 1], "texture": "#telefoon_front"},
				"east": {"uv": [12, 15.5, 11.5, 0.5], "texture": "#telefoon_front", "rotation": 270},
				"south": {"uv": [5, 15, 12, 15.5], "texture": "#telefoon_front"},
				"west": {"uv": [5, 0.5, 5.5, 15.5], "texture": "#telefoon_front", "rotation": 270},
				"up": {"uv": [5, 0.5, 12, 15.5], "texture": "#telefoon_front"},
				"down": {"uv": [5, 15.5, 12, 0.5], "texture": "#telefoon_front"}
			}
		}
	],
	"display": {
		"thirdperson_righthand": {
			"rotation": [90, 0, 0],
			"translation": [0, 2, 0.1],
			"scale": [0.3, 0.3, 0.3]
		},
		"thirdperson_lefthand": {
			"rotation": [90, 0, 0],
			"translation": [0, 2, 0.1],
			"scale": [0.3, 0.3, 0.3]
		},
		"firstperson_righthand": {
			"rotation": [82, 2, 16],
			"translation": [0, 2.7826, 0],
			"scale": [0.5, 0.5, 0.5]
		},
		"firstperson_lefthand": {
			"rotation": [82, 2, 16],
			"translation": [0, 2.7826, 0],
			"scale": [0.5, 0.5, 0.5]
		},
		"gui": {
			"rotation": [90, 0, 0]
		},
		"head": {
			"scale": [0.1, 0.1, 0.1]
		},
		"ground": {
			"rotation": [90, 0, 0],
			"translation": [0, 4.8695, 0],
			"scale": [0.4, 0.4, 0.4]
		},
		"fixed": {
			"rotation": [90, 0, 180],
			"translation": [0, 0, 1.3913]
		}
	}
}
