{
"textures": {
    "texture": "block/anvil_base",
    "planks_acacia": "block/wool_colored_brown"
},
"elements": [ 
{
    "from": [ 2, 7, 7 ],
    "to": [ 12, 8, 9 ],
    "faces": {
        "down":  { "uv": [ 0, 8, 8, 10 ], "texture": "#texture" },
        "up":    { "uv": [ 0, 3.5, 8, 5.5 ], "texture": "#texture" },
        "north": { "uv": [ 0, 2.5, 8, 5 ], "texture": "#texture" },
        "south": { "uv": [ 0, 5.5, 8, 7 ], "texture": "#texture" },
        "west":  { "uv": [ 2.5, 6, 4.5, 7 ], "texture": "#texture" },
        "east":  { "uv": [ 3, 8, 5, 9 ], "texture": "#texture" }
    }
},
{
    "from": [ 2, 8, 7 ],
    "to": [ 11.5, 9, 9 ],
    "faces": {
        "down":  { "uv": [ 10.5, 5.5, 16, 7.5 ], "texture": "#texture" },
        "up":    { "uv": [ 10.5, 8.5, 16, 11 ], "texture": "#texture" },
        "north": { "uv": [ 8, 7.5, 16, 9 ], "texture": "#texture" },
        "south": { "uv": [ 8.5, 8, 16, 9.5 ], "texture": "#texture" },
        "west":  { "uv": [ 8.5, 6, 10.5, 7 ], "texture": "#texture" },
        "east":  { "uv": [ 8.5, 10, 10.5, 11 ], "texture": "#texture" }
    }
},
{
    "from": [ 1.4, 7.6, 7.5 ],
    "to": [ 2.4, 8.6, 8.5 ],
    "faces": {
        "down":  { "uv": [ 11.5, 7, 12.5, 8 ], "texture": "#texture" },
        "up":    { "uv": [ 10.5, 6.5, 11.5, 7.5 ], "texture": "#texture" },
        "north": { "uv": [ 14.5, 7.5, 15.5, 8.5 ], "texture": "#texture" },
        "south": { "uv": [ 11.5, 11.5, 12.5, 12.5 ], "texture": "#texture" },
        "west":  { "uv": [ 10.5, 4.5, 11.5, 5.5 ], "texture": "#texture" },
        "east":  { "uv": [ 10.5, 7.5, 11.5, 8.5 ], "texture": "#texture" }
    }
},
{
    "from": [ 8.8, 3, 7.2 ],
    "to": [ 11.3, 7, 8.8 ],
    "faces": {
        "down":  { "uv": [ 13.8125, 0, 16, 1.5625 ], "texture": "#texture" },
        "up":    { "uv": [ 13.8125, 0, 16, 1.5625 ], "texture": "#texture" },
        "north": { "uv": [ 3.5, 5, 5.6875, 10 ], "texture": "#planks_acacia" },
        "south": { "uv": [ 1.5, 4.5, 3.6875, 9.5 ], "texture": "#planks_acacia" },
        "west":  { "uv": [ 7, 5, 8.5625, 10 ], "texture": "#texture" },
        "east":  { "uv": [ 3.5, 4, 5.0625, 9 ], "texture": "#planks_acacia" }
    }
},
{
    "from": [ 8.5, 2.5, 7.125 ],
    "to": [ 11.5, 3, 8.925 ],
    "faces": {
        "down":  { "uv": [ 3, 11.5, 5.375, 13.25 ], "texture": "#texture" },
        "up":    { "uv": [ 6, 7.5, 8.375, 9.25 ], "texture": "#texture" },
        "north": { "uv": [ 7.5, 8, 9.875, 8.5 ], "texture": "#texture" },
        "south": { "uv": [ 6.5, 7.5, 8.875, 8 ], "texture": "#texture" },
        "west":  { "uv": [ 7.5, 7, 9.25, 7.5 ], "texture": "#texture" },
        "east":  { "uv": [ 7, 7.5, 8.75, 8 ], "texture": "#texture" }
    }
},
{
    "from": [ 7, 5.8, 7.6 ],
    "to": [ 7.2, 7.5, 8.4 ],
    "faces": {
        "down":  { "uv": [ 6, 5, 6.1875, 5.75 ], "texture": "#texture" },
        "up":    { "uv": [ 4.5, 6, 4.6875, 6.75 ], "texture": "#texture" },
        "north": { "uv": [ 5.5, 7, 5.6875, 8.6875 ], "texture": "#texture" },
        "south": { "uv": [ 5, 9, 5.1875, 10.6875 ], "texture": "#texture" },
        "west":  { "uv": [ 3, 4, 3.75, 5.6875 ], "texture": "#texture" },
        "east":  { "uv": [ 2, 6, 2.75, 7.6875 ], "texture": "#texture" }
    }
},
{
    "from": [ 7, 5.7, 7.625 ],
    "to": [ 9.2, 6, 8.425 ],
    "faces": {
        "down":  { "uv": [ 3, 11.5, 5.1875, 12.25 ], "texture": "#texture" },
        "up":    { "uv": [ 4, 4, 6.1875, 4.75 ], "texture": "#texture" },
        "north": { "uv": [ 2.5, 6, 4.6875, 6.25 ], "texture": "#texture" },
        "south": { "uv": [ 4, 6.5, 6.1875, 6.75 ], "texture": "#texture" },
        "west":  { "uv": [ 2.5, 10.5, 3.25, 10.75 ], "texture": "#texture" },
        "east":  { "uv": [ 6, 12, 6.75, 12.25 ], "texture": "#texture" }
    }
},
{
    "from": [ 3, 9, 7.2 ],
    "to": [ 11, 9.2, 8.8 ],
    "faces": {
        "down":  { "uv": [ 8, 11.5, 16, 13.0625 ], "texture": "#texture" },
        "up":    { "uv": [ 8, 7, 16, 8.5625 ], "texture": "#texture" },
        "north": { "uv": [ 8, 9, 16, 9.1875 ], "texture": "#texture" },
        "south": { "uv": [ 8, 8.5, 16, 8.6875 ], "texture": "#texture" },
        "west":  { "uv": [ 9, 7, 10.5625, 7.1875 ], "texture": "#texture" },
        "east":  { "uv": [ 10.5, 7, 12.0625, 7.1875 ], "texture": "#texture" }
    }
},
{
    "from": [ 3, 9.2, 7.2 ],
    "to": [ 4, 9.4, 8.8 ],
    "faces": {
        "down":  { "uv": [ 12, 5, 13, 6.6 ], "texture": "#texture" },
        "up":    { "uv": [ 5, 4, 6, 5.5999999046325684 ], "texture": "#texture" },
        "north": { "uv": [ 6, 5, 7, 5.1999998092651367 ], "texture": "#texture" },
        "south": { "uv": [ 3, 3, 4, 3.2000000476837158 ], "texture": "#texture" },
        "west":  { "uv": [ 5, 5, 6.5999999046325684, 5.1999998092651367 ], "texture": "#texture" },
        "east":  { "uv": [ 5, 8, 6.5999999046325684, 8.1999998092651367 ], "texture": "#texture" }
    }
},
{
    "from": [ 3.3, 9.4, 7.9 ],
    "to": [ 3.5, 9.8, 8.1 ],
    "faces": {
        "down":  { "uv": [ 0, 15, 0.2, 15.2 ], "texture": "#texture" },
        "up":    { "uv": [ 3, 14, 3.2000000476837158, 14.199999809265137 ], "texture": "#texture" },
        "north": { "uv": [ 1, 5, 1.2000000476837158, 5.4000000953674316 ], "texture": "#texture" },
        "south": { "uv": [ 0, 15, 0.19999998807907104, 15.399999618530273 ], "texture": "#texture" },
        "west":  { "uv": [ 0, 15, 0.19999998807907104, 15.399999618530273 ], "texture": "#texture" },
        "east":  { "uv": [ 1, 14, 1.2000000476837158, 14.399999618530273 ], "texture": "#texture" }
    }
},
{
    "from": [ 3.2, 9.4, 8.3 ],
    "to": [ 3.7, 10.2, 8.5 ],
    "faces": {
        "down":  { "uv": [ 11, 7.5, 11.5, 7.6875 ], "texture": "#texture" },
        "up":    { "uv": [ 8, 11, 8.5, 11.1875 ], "texture": "#texture" },
        "north": { "uv": [ 10, 8, 10.5, 8.75 ], "texture": "#texture" },
        "south": { "uv": [ 13, 8.5, 13.5, 9.25 ], "texture": "#texture" },
        "west":  { "uv": [ 10, 14, 10.1875, 14.75 ], "texture": "#texture" },
        "east":  { "uv": [ 10, 8, 10.1875, 8.75 ], "texture": "#texture" }
    }
},
{
    "from": [ 3.2, 9.4, 7.5 ],
    "to": [ 3.7, 10.2, 7.7 ],
    "faces": {
        "down":  { "uv": [ 11.5, 9, 12, 9.1875 ], "texture": "#texture" },
        "up":    { "uv": [ 13, 10.5, 13.5, 10.6875 ], "texture": "#texture" },
        "north": { "uv": [ 12.5, 10, 13, 10.75 ], "texture": "#texture" },
        "south": { "uv": [ 12.5, 6.5, 13, 7.25 ], "texture": "#texture" },
        "west":  { "uv": [ 9, 10, 9.1875, 10.75 ], "texture": "#texture" },
        "east":  { "uv": [ 11.5, 10.5, 11.6875, 11.25 ], "texture": "#texture" }
    }
},
{
    "from": [ 9, 9.2, 7.2 ],
    "to": [ 9.7, 9.8, 7.9 ],
    "faces": {
        "down":  { "uv": [ 14, 6, 14.7, 6.7 ], "texture": "#texture" },
        "up":    { "uv": [ 5, 12, 5.6999998092651367, 12.699999809265137 ], "texture": "#texture" },
        "north": { "uv": [ 6, 6, 6.6999998092651367, 6.5999999046325684 ], "texture": "#texture" },
        "south": { "uv": [ 3, 4, 3.7000000476837158, 4.5999999046325684 ], "texture": "#texture" },
        "west":  { "uv": [ 6, 9, 6.6999998092651367, 9.6000003814697266 ], "texture": "#texture" },
        "east":  { "uv": [ 5, 8, 5.6999998092651367, 8.6000003814697266 ], "texture": "#texture" }
    }
},
{
    "from": [ 9, 9.2, 8.1 ],
    "to": [ 9.7, 9.8, 8.8 ],
    "faces": {
        "down":  { "uv": [ 0, 0, 0.7, 0.7 ], "texture": "#texture" },
        "up":    { "uv": [ 0, 0, 0.69999998807907104, 0.69999998807907104 ], "texture": "#texture" },
        "north": { "uv": [ 0, 0, 0.69999998807907104, 0.59999996423721313 ], "texture": "#texture" },
        "south": { "uv": [ 0, 0, 0.69999998807907104, 0.59999996423721313 ], "texture": "#texture" },
        "west":  { "uv": [ 0, 0, 0.69999998807907104, 0.59999996423721313 ], "texture": "#texture" },
        "east":  { "uv": [ 0, 0, 0.69999998807907104, 0.59999996423721313 ], "texture": "#texture" }
    }
},
{
    "from": [ 9, 9.2, 7.2 ],
    "to": [ 9.7, 9.5, 8.6 ],
    "faces": {
        "down":  { "uv": [ 0, 0, 0.7, 1.4 ], "texture": "#texture" },
        "up":    { "uv": [ 0, 0, 0.69999998807907104, 1.3999999761581421 ], "texture": "#texture" },
        "north": { "uv": [ 0, 0, 0.69999998807907104, 0.29999998211860657 ], "texture": "#texture" },
        "south": { "uv": [ 0, 0, 0.69999998807907104, 0.29999998211860657 ], "texture": "#texture" },
        "west":  { "uv": [ 0, 0, 1.3999999761581421, 0.29999998211860657 ], "texture": "#texture" },
        "east":  { "uv": [ 0, 0, 1.3999999761581421, 0.29999998211860657 ], "texture": "#texture" }
    }
}
],
"display": {
    "thirdperson_righthand": {
        "rotation": [ 19, -81, 2 ],
        "translation": [ 0.06, 1.71, 1.33 ],
        "scale": [ 0.7, 0.7, 0.7 ]
    },
    "thirdperson_lefthand": {
        "rotation": [ 19, 95, 2 ],
        "translation": [ 0.19, 1.71, 1.33 ],
        "scale": [ 0.7, 0.7, 0.7 ]
    },
    "ground": {
        "rotation": [ 0, 0, 0 ],
        "translation": [ 0, 2.34, 0 ],
        "scale": [ 0.5, 0.5, 0.5 ]
    },
    "fixed": {
        "rotation": [ 0, 0, 0 ],
        "translation": [ 1.84, 2.22, 0.19 ],
        "scale": [ 1.5, 1.5, 1.5 ]
    },
    "firstperson_righthand": {
        "rotation": [ 1, -96, -8 ],
        "translation": [ -1.58, 3.1, -0.32 ],
        "scale": [ 0.98, 1, 1 ]
    },
    "firstperson_lefthand": {
        "rotation": [ 23, 90, -8 ],
        "translation": [ -1.58, 3.1, -0.32 ],
        "scale": [ 0.98, 1, 1 ]
    },
    "gui": {
        "rotation": [ 20, 19, 0 ],
        "translation": [ 1.2, 1.96, 0 ],
        "scale": [ 1.3, 1.3, 1.3 ]
    }
}
}