{
"__comment": "Designed by Ddgsdevelopment with BDcraft Cubik PRO 0.95 Beta - http://bdcraft.net",
"textures": {
    "politie": "block/anvil_base"
},
"elements": [ 
{
    "from": [ 13, 0.5, 7.5 ],
    "to": [ 14, 16, 8.5 ],
    "faces": {
        "down":  { "uv": [ 3, 8.5, 2, 7.5 ], "texture": "#politie" },
        "up":    { "uv": [ 13, 7.5, 14, 8.5 ], "texture": "#politie" },
        "north": { "uv": [ 2, 0, 3, 15.5 ], "texture": "#politie" },
        "south": { "uv": [ 13, 0, 14, 15.5 ], "texture": "#politie" },
        "west":  { "uv": [ 13, 0.5, 14, 16 ], "texture": "#politie" },
        "east":  { "uv": [ 13.5, 0, 14.5, 15.5 ], "texture": "#politie" }
    }
},
{
    "from": [ 13.25, 0.5, 7.25 ],
    "to": [ 13.75, 16, 7.5 ],
    "faces": {
        "down":  { "uv": [ 2.75, 7.5, 2.25, 7.25 ], "texture": "#politie" },
        "up":    { "uv": [ 13.25, 7.25, 13.75, 7.5 ], "texture": "#politie" },
        "north": { "uv": [ 2.25, 0, 2.75, 15.5 ], "texture": "#politie" },
        "south": { "uv": [ 13.25, 0, 13.75, 15.5 ], "texture": "#politie" },
        "west":  { "uv": [ 13.5, 0, 13.75, 15.5 ], "texture": "#politie" },
        "east":  { "uv": [ 13.5, 0, 13.75, 15.5 ], "texture": "#politie" }
    }
},
{
    "from": [ 13.25, 0.5, 8.5 ],
    "to": [ 13.75, 16, 8.75 ],
    "faces": {
        "down":  { "uv": [ 2.75, 8.75, 2.25, 8.5 ], "texture": "#politie" },
        "up":    { "uv": [ 13.25, 8.5, 13.75, 8.75 ], "texture": "#politie" },
        "north": { "uv": [ 2.25, 0, 2.75, 15.5 ], "texture": "#politie" },
        "south": { "uv": [ 13.25, 0, 13.75, 15.5 ], "texture": "#politie" },
        "west":  { "uv": [ 13, 0, 13.25, 15.5 ], "texture": "#politie" },
        "east":  { "uv": [ 13.5, 0, 13.75, 15.5 ], "texture": "#politie" }
    }
},
{
    "from": [ 12.75, 0.5, 7.75 ],
    "to": [ 13, 16, 8.25 ],
    "faces": {
        "down":  { "uv": [ 3.25, 8.25, 3, 7.75 ], "texture": "#politie" },
        "up":    { "uv": [ 12.75, 7.75, 13, 8.25 ], "texture": "#politie" },
        "north": { "uv": [ 3, 0, 3.25, 15.5 ], "texture": "#politie" },
        "south": { "uv": [ 12.75, 0, 13, 15.5 ], "texture": "#politie" },
        "west":  { "uv": [ 13.75, 0.25, 14.25, 15.75 ], "texture": "#politie" },
        "east":  { "uv": [ 13.75, 0.25, 14.25, 15.75 ], "texture": "#politie" }
    }
},
{
    "from": [ 14, 0.5, 7.75 ],
    "to": [ 14.25, 16, 8.25 ],
    "faces": {
        "down":  { "uv": [ 2, 8.25, 1.75, 7.75 ], "texture": "#politie" },
        "up":    { "uv": [ 14, 7.75, 14.25, 8.25 ], "texture": "#politie" },
        "north": { "uv": [ 1.75, 0, 2, 15.5 ], "texture": "#politie" },
        "south": { "uv": [ 14, 0, 14.25, 15.5 ], "texture": "#politie" },
        "west":  { "uv": [ 13, 0, 13.5, 15.5 ], "texture": "#politie" },
        "east":  { "uv": [ 12.5, 0, 13, 15.5 ], "texture": "#politie" }
    }
},
{
    "from": [ 13, 16, 7.75 ],
    "to": [ 14, 16.25, 8.25 ],
    "faces": {
        "down":  { "uv": [ 3, 8.25, 2, 7.75 ], "texture": "#politie" },
        "up":    { "uv": [ 13, 7.75, 14, 8.25 ], "texture": "#politie" },
        "north": { "uv": [ 2, 0, 3, 0 ], "texture": "#politie" },
        "south": { "uv": [ 13, 0, 14, 0 ], "texture": "#politie" },
        "west":  { "uv": [ 7.75, 0, 8.25, 0 ], "texture": "#politie" },
        "east":  { "uv": [ 7.75, 0, 8.25, 0 ], "texture": "#politie" }
    }
},
{
    "from": [ 13.25, 16, 7.5 ],
    "to": [ 13.75, 16.25, 7.75 ],
    "faces": {
        "down":  { "uv": [ 2.75, 7.75, 2.25, 7.5 ], "texture": "#politie" },
        "up":    { "uv": [ 13.25, 7.5, 13.75, 7.75 ], "texture": "#politie" },
        "north": { "uv": [ 2.25, 0, 2.75, 0 ], "texture": "#politie" },
        "south": { "uv": [ 13.25, 0, 13.75, 0 ], "texture": "#politie" },
        "west":  { "uv": [ 7.5, 0, 7.75, 0 ], "texture": "#politie" },
        "east":  { "uv": [ 8.25, 0, 8.5, 0 ], "texture": "#politie" }
    }
},
{
    "from": [ 13.25, 16, 8.25 ],
    "to": [ 13.75, 16.25, 8.5 ],
    "faces": {
        "down":  { "uv": [ 2.75, 8.5, 2.25, 8.25 ], "texture": "#politie" },
        "up":    { "uv": [ 13.25, 8.25, 13.75, 8.5 ], "texture": "#politie" },
        "north": { "uv": [ 2.25, 0, 2.75, 0 ], "texture": "#politie" },
        "south": { "uv": [ 13.25, 0, 13.75, 0 ], "texture": "#politie" },
        "west":  { "uv": [ 8.25, 0, 8.5, 0 ], "texture": "#politie" },
        "east":  { "uv": [ 7.5, 0, 7.75, 0 ], "texture": "#politie" }
    }
},
{
    "from": [ 13.25, 16.25, 7.75 ],
    "to": [ 13.75, 16.5, 8.25 ],
    "faces": {
        "down":  { "uv": [ 2.75, 8.25, 2.25, 7.75 ], "texture": "#politie" },
        "up":    { "uv": [ 13.25, 7.75, 13.75, 8.25 ], "texture": "#politie" },
        "north": { "uv": [ 2.25, 0, 2.75, 0 ], "texture": "#politie" },
        "south": { "uv": [ 13.25, 0, 13.75, 0 ], "texture": "#politie" },
        "west":  { "uv": [ 7.75, 0, 8.25, 0 ], "texture": "#politie" },
        "east":  { "uv": [ 7.75, 0, 8.25, 0 ], "texture": "#politie" }
    }
},
{
    "from": [ 8.5, 0.75, 7.75 ],
    "to": [ 13, 1.75, 8.25 ],
    "faces": {
        "down":  { "uv": [ 7.5, 8.25, 3, 7.75 ], "texture": "#politie" },
        "up":    { "uv": [ 8.5, 7.75, 13, 8.25 ], "texture": "#politie" },
        "north": { "uv": [ 3.5, 7, 8, 8 ], "texture": "#politie" },
        "south": { "uv": [ 8.75, 4.75, 13.25, 5.75 ], "texture": "#politie" },
        "west":  { "uv": [ 9, 6.25, 9.5, 7.25 ], "texture": "#politie" },
        "east":  { "uv": [ 11.5, 5.75, 12, 6.75 ], "texture": "#politie" }
    }
},
{
    "from": [ 8.5, 1, 8.25 ],
    "to": [ 13, 1.5, 8.5 ],
    "faces": {
        "down":  { "uv": [ 7.5, 8.5, 3, 8.25 ], "texture": "#politie" },
        "up":    { "uv": [ 8.5, 8.25, 13, 8.5 ], "texture": "#politie" },
        "north": { "uv": [ 3, 9.25, 7.5, 9.75 ], "texture": "#politie" },
        "south": { "uv": [ 8.75, 6.75, 13.25, 7.25 ], "texture": "#politie" },
        "west":  { "uv": [ 9.75, 9.5, 10, 10 ], "texture": "#politie" },
        "east":  { "uv": [ 9, 7.5, 9.25, 8 ], "texture": "#politie" }
    }
},
{
    "from": [ 8.5, 1, 7.5 ],
    "to": [ 13, 1.5, 7.75 ],
    "faces": {
        "down":  { "uv": [ 7.5, 7.75, 3, 7.5 ], "texture": "#politie" },
        "up":    { "uv": [ 8.5, 7.5, 13, 7.75 ], "texture": "#politie" },
        "north": { "uv": [ 3.75, 7.25, 8.25, 7.75 ], "texture": "#politie" },
        "south": { "uv": [ 5.25, 7, 9.75, 7.5 ], "texture": "#politie" },
        "west":  { "uv": [ 7.25, 8.5, 7.5, 9 ], "texture": "#politie" },
        "east":  { "uv": [ 7.75, 10.5, 8, 11 ], "texture": "#politie" }
    }
},
{
    "from": [ 12.75, 1.5, 7.5 ],
    "to": [ 13, 1.75, 7.75 ],
    "faces": {
        "down":  { "uv": [ 3.25, 7.75, 3, 7.5 ], "texture": "#politie" },
        "up":    { "uv": [ 12.75, 7.5, 13, 7.75 ], "texture": "#politie" },
        "north": { "uv": [ 3, 14.25, 3.25, 14.5 ], "texture": "#politie" },
        "south": { "uv": [ 13, 14, 13.25, 14.25 ], "texture": "#politie" },
        "west":  { "uv": [ 7.25, 9.75, 7.5, 10 ], "texture": "#politie" },
        "east":  { "uv": [ 8.25, 11.5, 8.5, 11.75 ], "texture": "#politie" }
    }
},
{
    "from": [ 12.75, 1.5, 8.25 ],
    "to": [ 13, 1.75, 8.5 ],
    "faces": {
        "down":  { "uv": [ 3.25, 8.5, 3, 8.25 ], "texture": "#politie" },
        "up":    { "uv": [ 12.75, 8.25, 13, 8.5 ], "texture": "#politie" },
        "north": { "uv": [ 3, 14.25, 3.25, 14.5 ], "texture": "#politie" },
        "south": { "uv": [ 12.75, 14.25, 13, 14.5 ], "texture": "#politie" },
        "west":  { "uv": [ 8.25, 11.25, 8.5, 11.5 ], "texture": "#politie" },
        "east":  { "uv": [ 8.25, 11.25, 8.5, 11.5 ], "texture": "#politie" }
    }
},
{
    "from": [ 12.75, 0.75, 8.25 ],
    "to": [ 13, 1, 8.5 ],
    "faces": {
        "down":  { "uv": [ 3.25, 8.5, 3, 8.25 ], "texture": "#politie" },
        "up":    { "uv": [ 12.75, 8.25, 13, 8.5 ], "texture": "#politie" },
        "north": { "uv": [ 3, 15, 3.25, 15.25 ], "texture": "#politie" },
        "south": { "uv": [ 12.75, 15, 13, 15.25 ], "texture": "#politie" },
        "west":  { "uv": [ 8.25, 10.75, 8.5, 11 ], "texture": "#politie" },
        "east":  { "uv": [ 8.25, 10.75, 8.5, 11 ], "texture": "#politie" }
    }
},
{
    "from": [ 12.75, 0.75, 7.5 ],
    "to": [ 13, 1, 7.75 ],
    "faces": {
        "down":  { "uv": [ 3.25, 7.75, 3, 7.5 ], "texture": "#politie" },
        "up":    { "uv": [ 12.75, 7.5, 13, 7.75 ], "texture": "#politie" },
        "north": { "uv": [ 3, 15, 3.25, 15.25 ], "texture": "#politie" },
        "south": { "uv": [ 12.75, 15, 13, 15.25 ], "texture": "#politie" },
        "west":  { "uv": [ 7.75, 11.75, 8, 12 ], "texture": "#politie" },
        "east":  { "uv": [ 7.75, 11.75, 8, 12 ], "texture": "#politie" }
    }
},
{
    "from": [ 12.25, 1.75, 7.75 ],
    "to": [ 12.5, 2, 8.25 ],
    "faces": {
        "down":  { "uv": [ 3.75, 8.25, 3.5, 7.75 ], "texture": "#politie" },
        "up":    { "uv": [ 12.25, 7.75, 12.5, 8.25 ], "texture": "#politie" },
        "north": { "uv": [ 3.5, 14, 3.75, 14.25 ], "texture": "#politie" },
        "south": { "uv": [ 12.25, 14, 12.5, 14.25 ], "texture": "#politie" },
        "west":  { "uv": [ 8, 9.25, 8.5, 9.5 ], "texture": "#politie" },
        "east":  { "uv": [ 8, 9.25, 8.5, 9.5 ], "texture": "#politie" }
    }
},
{
    "from": [ 11.75, 1.75, 7.75 ],
    "to": [ 12, 2, 8.25 ],
    "faces": {
        "down":  { "uv": [ 4.25, 8.25, 4, 7.75 ], "texture": "#politie" },
        "up":    { "uv": [ 11.75, 7.75, 12, 8.25 ], "texture": "#politie" },
        "north": { "uv": [ 6.5, 7.75, 6.75, 8 ], "texture": "#politie" },
        "south": { "uv": [ 6.5, 7.75, 6.75, 8 ], "texture": "#politie" },
        "west":  { "uv": [ 7.75, 11.5, 8.25, 11.75 ], "texture": "#politie" },
        "east":  { "uv": [ 7.75, 11.5, 8.25, 11.75 ], "texture": "#politie" }
    }
},
{
    "from": [ 11.25, 1.75, 7.75 ],
    "to": [ 11.5, 2, 8.25 ],
    "faces": {
        "down":  { "uv": [ 4.75, 8.25, 4.5, 7.75 ], "texture": "#politie" },
        "up":    { "uv": [ 11.25, 7.75, 11.5, 8.25 ], "texture": "#politie" },
        "north": { "uv": [ 5.5, 10.5, 5.75, 10.75 ], "texture": "#politie" },
        "south": { "uv": [ 5.5, 10.5, 5.75, 10.75 ], "texture": "#politie" },
        "west":  { "uv": [ 8.25, 10.25, 8.75, 10.5 ], "texture": "#politie" },
        "east":  { "uv": [ 8.25, 10.25, 8.75, 10.5 ], "texture": "#politie" }
    }
},
{
    "from": [ 10.75, 1.75, 7.75 ],
    "to": [ 11, 2, 8.25 ],
    "faces": {
        "down":  { "uv": [ 5.25, 8.25, 5, 7.75 ], "texture": "#politie" },
        "up":    { "uv": [ 10.75, 7.75, 11, 8.25 ], "texture": "#politie" },
        "north": { "uv": [ 5, 11, 5.25, 11.25 ], "texture": "#politie" },
        "south": { "uv": [ 5, 11, 5.25, 11.25 ], "texture": "#politie" },
        "west":  { "uv": [ 6.75, 8.5, 7.25, 8.75 ], "texture": "#politie" },
        "east":  { "uv": [ 6.75, 8.5, 7.25, 8.75 ], "texture": "#politie" }
    }
},
{
    "from": [ 10.25, 1.75, 7.75 ],
    "to": [ 10.5, 2, 8.25 ],
    "faces": {
        "down":  { "uv": [ 5.75, 8.25, 5.5, 7.75 ], "texture": "#politie" },
        "up":    { "uv": [ 10.25, 7.75, 10.5, 8.25 ], "texture": "#politie" },
        "north": { "uv": [ 6, 11.25, 6.25, 11.5 ], "texture": "#politie" },
        "south": { "uv": [ 6, 11.25, 6.25, 11.5 ], "texture": "#politie" },
        "west":  { "uv": [ 8, 10.5, 8.5, 10.75 ], "texture": "#politie" },
        "east":  { "uv": [ 8, 10.5, 8.5, 10.75 ], "texture": "#politie" }
    }
},
{
    "from": [ 9.75, 1.75, 7.75 ],
    "to": [ 10, 2, 8.25 ],
    "faces": {
        "down":  { "uv": [ 6.25, 8.25, 6, 7.75 ], "texture": "#politie" },
        "up":    { "uv": [ 9.75, 7.75, 10, 8.25 ], "texture": "#politie" },
        "north": { "uv": [ 7.75, 11.25, 8, 11.5 ], "texture": "#politie" },
        "south": { "uv": [ 7.75, 11.25, 8, 11.5 ], "texture": "#politie" },
        "west":  { "uv": [ 9, 11.25, 9.5, 11.5 ], "texture": "#politie" },
        "east":  { "uv": [ 9, 11.25, 9.5, 11.5 ], "texture": "#politie" }
    }
},
{
    "from": [ 9.25, 1.75, 7.75 ],
    "to": [ 9.5, 2, 8.25 ],
    "faces": {
        "down":  { "uv": [ 6.75, 8.25, 6.5, 7.75 ], "texture": "#politie" },
        "up":    { "uv": [ 9.25, 7.75, 9.5, 8.25 ], "texture": "#politie" },
        "north": { "uv": [ 7.75, 10, 8, 10.25 ], "texture": "#politie" },
        "south": { "uv": [ 7.75, 10, 8, 10.25 ], "texture": "#politie" },
        "west":  { "uv": [ 7.5, 11.25, 8, 11.5 ], "texture": "#politie" },
        "east":  { "uv": [ 7.5, 11.25, 8, 11.5 ], "texture": "#politie" }
    }
},
{
    "from": [ 12.25, 1.5, 7.5 ],
    "to": [ 12.5, 1.75, 7.75 ],
    "faces": {
        "down":  { "uv": [ 3.75, 7.75, 3.5, 7.5 ], "texture": "#politie" },
        "up":    { "uv": [ 12.25, 7.5, 12.5, 7.75 ], "texture": "#politie" },
        "north": { "uv": [ 3.5, 14.25, 3.75, 14.5 ], "texture": "#politie" },
        "south": { "uv": [ 12.25, 14.25, 12.5, 14.5 ], "texture": "#politie" },
        "west":  { "uv": [ 7.25, 10.5, 7.5, 10.75 ], "texture": "#politie" },
        "east":  { "uv": [ 7.25, 10.5, 7.5, 10.75 ], "texture": "#politie" }
    }
},
{
    "from": [ 11.75, 1.5, 7.5 ],
    "to": [ 12, 1.75, 7.75 ],
    "faces": {
        "down":  { "uv": [ 4.25, 7.75, 4, 7.5 ], "texture": "#politie" },
        "up":    { "uv": [ 11.75, 7.5, 12, 7.75 ], "texture": "#politie" },
        "north": { "uv": [ 5.25, 10.5, 5.5, 10.75 ], "texture": "#politie" },
        "south": { "uv": [ 5.25, 10.5, 5.5, 10.75 ], "texture": "#politie" },
        "west":  { "uv": [ 8.75, 10, 9, 10.25 ], "texture": "#politie" },
        "east":  { "uv": [ 8.75, 10, 9, 10.25 ], "texture": "#politie" }
    }
},
{
    "from": [ 11.25, 1.5, 7.5 ],
    "to": [ 11.5, 1.75, 7.75 ],
    "faces": {
        "down":  { "uv": [ 4.75, 7.75, 4.5, 7.5 ], "texture": "#politie" },
        "up":    { "uv": [ 11.25, 7.5, 11.5, 7.75 ], "texture": "#politie" },
        "north": { "uv": [ 5.25, 11, 5.5, 11.25 ], "texture": "#politie" },
        "south": { "uv": [ 5.25, 11, 5.5, 11.25 ], "texture": "#politie" },
        "west":  { "uv": [ 7.5, 11, 7.75, 11.25 ], "texture": "#politie" },
        "east":  { "uv": [ 7.5, 11, 7.75, 11.25 ], "texture": "#politie" }
    }
},
{
    "from": [ 10.75, 1.5, 7.5 ],
    "to": [ 11, 1.75, 7.75 ],
    "faces": {
        "down":  { "uv": [ 5.25, 7.75, 5, 7.5 ], "texture": "#politie" },
        "up":    { "uv": [ 10.75, 7.5, 11, 7.75 ], "texture": "#politie" },
        "north": { "uv": [ 5, 14.25, 5.25, 14.5 ], "texture": "#politie" },
        "south": { "uv": [ 10.75, 14.25, 11, 14.5 ], "texture": "#politie" },
        "west":  { "uv": [ 7.5, 14.25, 7.75, 14.5 ], "texture": "#politie" },
        "east":  { "uv": [ 8.25, 14.25, 8.5, 14.5 ], "texture": "#politie" }
    }
},
{
    "from": [ 10.25, 1.5, 7.5 ],
    "to": [ 10.5, 1.75, 7.75 ],
    "faces": {
        "down":  { "uv": [ 5.75, 7.75, 5.5, 7.5 ], "texture": "#politie" },
        "up":    { "uv": [ 10.25, 7.5, 10.5, 7.75 ], "texture": "#politie" },
        "north": { "uv": [ 5.5, 14.25, 5.75, 14.5 ], "texture": "#politie" },
        "south": { "uv": [ 10.25, 14.25, 10.5, 14.5 ], "texture": "#politie" },
        "west":  { "uv": [ 7.5, 14.25, 7.75, 14.5 ], "texture": "#politie" },
        "east":  { "uv": [ 8.25, 14.25, 8.5, 14.5 ], "texture": "#politie" }
    }
},
{
    "from": [ 9.75, 1.5, 7.5 ],
    "to": [ 10, 1.75, 7.75 ],
    "faces": {
        "down":  { "uv": [ 6.25, 7.75, 6, 7.5 ], "texture": "#politie" },
        "up":    { "uv": [ 9.75, 7.5, 10, 7.75 ], "texture": "#politie" },
        "north": { "uv": [ 6, 14.25, 6.25, 14.5 ], "texture": "#politie" },
        "south": { "uv": [ 9.75, 14.25, 10, 14.5 ], "texture": "#politie" },
        "west":  { "uv": [ 7.5, 14.25, 7.75, 14.5 ], "texture": "#politie" },
        "east":  { "uv": [ 8.25, 14.25, 8.5, 14.5 ], "texture": "#politie" }
    }
},
{
    "from": [ 9.25, 1.5, 7.5 ],
    "to": [ 9.5, 1.75, 7.75 ],
    "faces": {
        "down":  { "uv": [ 6.75, 7.75, 6.5, 7.5 ], "texture": "#politie" },
        "up":    { "uv": [ 9.25, 7.5, 9.5, 7.75 ], "texture": "#politie" },
        "north": { "uv": [ 6.5, 14.25, 6.75, 14.5 ], "texture": "#politie" },
        "south": { "uv": [ 9.25, 14.25, 9.5, 14.5 ], "texture": "#politie" },
        "west":  { "uv": [ 7.5, 14.25, 7.75, 14.5 ], "texture": "#politie" },
        "east":  { "uv": [ 8.25, 14.25, 8.5, 14.5 ], "texture": "#politie" }
    }
},
{
    "from": [ 12.25, 0.75, 8.25 ],
    "to": [ 12.5, 1, 8.5 ],
    "faces": {
        "down":  { "uv": [ 3.75, 8.5, 3.5, 8.25 ], "texture": "#politie" },
        "up":    { "uv": [ 12.25, 8.25, 12.5, 8.5 ], "texture": "#politie" },
        "north": { "uv": [ 3.5, 15, 3.75, 15.25 ], "texture": "#politie" },
        "south": { "uv": [ 12.25, 15, 12.5, 15.25 ], "texture": "#politie" },
        "west":  { "uv": [ 8.25, 15, 8.5, 15.25 ], "texture": "#politie" },
        "east":  { "uv": [ 7.5, 15, 7.75, 15.25 ], "texture": "#politie" }
    }
},
{
    "from": [ 11.75, 0.75, 8.25 ],
    "to": [ 12, 1, 8.5 ],
    "faces": {
        "down":  { "uv": [ 4.25, 8.5, 4, 8.25 ], "texture": "#politie" },
        "up":    { "uv": [ 11.75, 8.25, 12, 8.5 ], "texture": "#politie" },
        "north": { "uv": [ 4, 15, 4.25, 15.25 ], "texture": "#politie" },
        "south": { "uv": [ 11.75, 15, 12, 15.25 ], "texture": "#politie" },
        "west":  { "uv": [ 8.25, 15, 8.5, 15.25 ], "texture": "#politie" },
        "east":  { "uv": [ 7.5, 15, 7.75, 15.25 ], "texture": "#politie" }
    }
},
{
    "from": [ 11.25, 0.75, 8.25 ],
    "to": [ 11.5, 1, 8.5 ],
    "faces": {
        "down":  { "uv": [ 4.75, 8.5, 4.5, 8.25 ], "texture": "#politie" },
        "up":    { "uv": [ 11.25, 8.25, 11.5, 8.5 ], "texture": "#politie" },
        "north": { "uv": [ 4.5, 15, 4.75, 15.25 ], "texture": "#politie" },
        "south": { "uv": [ 11.25, 15, 11.5, 15.25 ], "texture": "#politie" },
        "west":  { "uv": [ 8.25, 15, 8.5, 15.25 ], "texture": "#politie" },
        "east":  { "uv": [ 7.5, 15, 7.75, 15.25 ], "texture": "#politie" }
    }
},
{
    "from": [ 10.75, 0.75, 8.25 ],
    "to": [ 11, 1, 8.5 ],
    "faces": {
        "down":  { "uv": [ 5.25, 8.5, 5, 8.25 ], "texture": "#politie" },
        "up":    { "uv": [ 10.75, 8.25, 11, 8.5 ], "texture": "#politie" },
        "north": { "uv": [ 5, 15, 5.25, 15.25 ], "texture": "#politie" },
        "south": { "uv": [ 10.75, 15, 11, 15.25 ], "texture": "#politie" },
        "west":  { "uv": [ 8.25, 15, 8.5, 15.25 ], "texture": "#politie" },
        "east":  { "uv": [ 7.5, 15, 7.75, 15.25 ], "texture": "#politie" }
    }
},
{
    "from": [ 10.25, 0.75, 8.25 ],
    "to": [ 10.5, 1, 8.5 ],
    "faces": {
        "down":  { "uv": [ 5.75, 8.5, 5.5, 8.25 ], "texture": "#politie" },
        "up":    { "uv": [ 10.25, 8.25, 10.5, 8.5 ], "texture": "#politie" },
        "north": { "uv": [ 5.5, 15, 5.75, 15.25 ], "texture": "#politie" },
        "south": { "uv": [ 10.25, 15, 10.5, 15.25 ], "texture": "#politie" },
        "west":  { "uv": [ 8.25, 15, 8.5, 15.25 ], "texture": "#politie" },
        "east":  { "uv": [ 7.5, 15, 7.75, 15.25 ], "texture": "#politie" }
    }
},
{
    "from": [ 9.75, 0.75, 8.25 ],
    "to": [ 10, 1, 8.5 ],
    "faces": {
        "down":  { "uv": [ 6.25, 8.5, 6, 8.25 ], "texture": "#politie" },
        "up":    { "uv": [ 9.75, 8.25, 10, 8.5 ], "texture": "#politie" },
        "north": { "uv": [ 6, 15, 6.25, 15.25 ], "texture": "#politie" },
        "south": { "uv": [ 9.75, 15, 10, 15.25 ], "texture": "#politie" },
        "west":  { "uv": [ 8.25, 15, 8.5, 15.25 ], "texture": "#politie" },
        "east":  { "uv": [ 7.5, 15, 7.75, 15.25 ], "texture": "#politie" }
    }
},
{
    "from": [ 9.25, 0.75, 8.25 ],
    "to": [ 9.5, 1, 8.5 ],
    "faces": {
        "down":  { "uv": [ 6.75, 8.5, 6.5, 8.25 ], "texture": "#politie" },
        "up":    { "uv": [ 9.25, 8.25, 9.5, 8.5 ], "texture": "#politie" },
        "north": { "uv": [ 6.5, 15, 6.75, 15.25 ], "texture": "#politie" },
        "south": { "uv": [ 9.25, 15, 9.5, 15.25 ], "texture": "#politie" },
        "west":  { "uv": [ 8.25, 15, 8.5, 15.25 ], "texture": "#politie" },
        "east":  { "uv": [ 7.5, 15, 7.75, 15.25 ], "texture": "#politie" }
    }
},
{
    "from": [ 8.75, 1.5, 7.5 ],
    "to": [ 9, 1.75, 7.75 ],
    "faces": {
        "down":  { "uv": [ 7.25, 7.75, 7, 7.5 ], "texture": "#politie" },
        "up":    { "uv": [ 8.75, 7.5, 9, 7.75 ], "texture": "#politie" },
        "north": { "uv": [ 7, 14.25, 7.25, 14.5 ], "texture": "#politie" },
        "south": { "uv": [ 8.75, 14.25, 9, 14.5 ], "texture": "#politie" },
        "west":  { "uv": [ 7.5, 14.25, 7.75, 14.5 ], "texture": "#politie" },
        "east":  { "uv": [ 8.25, 14.25, 8.5, 14.5 ], "texture": "#politie" }
    }
},
{
    "from": [ 8.75, 1.75, 7.75 ],
    "to": [ 9, 2, 8.25 ],
    "faces": {
        "down":  { "uv": [ 7.25, 8.25, 7, 7.75 ], "texture": "#politie" },
        "up":    { "uv": [ 8.75, 7.75, 9, 8.25 ], "texture": "#politie" },
        "north": { "uv": [ 7, 14, 7.25, 14.25 ], "texture": "#politie" },
        "south": { "uv": [ 8.75, 14, 9, 14.25 ], "texture": "#politie" },
        "west":  { "uv": [ 7.75, 14, 8.25, 14.25 ], "texture": "#politie" },
        "east":  { "uv": [ 7.75, 14, 8.25, 14.25 ], "texture": "#politie" }
    }
},
{
    "from": [ 8.75, 0.75, 8.25 ],
    "to": [ 9, 1, 8.5 ],
    "faces": {
        "down":  { "uv": [ 7.25, 8.5, 7, 8.25 ], "texture": "#politie" },
        "up":    { "uv": [ 8.75, 8.25, 9, 8.5 ], "texture": "#politie" },
        "north": { "uv": [ 7, 15, 7.25, 15.25 ], "texture": "#politie" },
        "south": { "uv": [ 8.75, 15, 9, 15.25 ], "texture": "#politie" },
        "west":  { "uv": [ 8.25, 15, 8.5, 15.25 ], "texture": "#politie" },
        "east":  { "uv": [ 7.5, 15, 7.75, 15.25 ], "texture": "#politie" }
    }
},
{
    "from": [ 12.25, 1.5, 8.25 ],
    "to": [ 12.5, 1.75, 8.5 ],
    "faces": {
        "down":  { "uv": [ 3.75, 8.5, 3.5, 8.25 ], "texture": "#politie" },
        "up":    { "uv": [ 12.25, 8.25, 12.5, 8.5 ], "texture": "#politie" },
        "north": { "uv": [ 3.5, 14.25, 3.75, 14.5 ], "texture": "#politie" },
        "south": { "uv": [ 12.25, 14.25, 12.5, 14.5 ], "texture": "#politie" },
        "west":  { "uv": [ 8.25, 14.25, 8.5, 14.5 ], "texture": "#politie" },
        "east":  { "uv": [ 7.5, 14.25, 7.75, 14.5 ], "texture": "#politie" }
    }
},
{
    "from": [ 11.75, 1.5, 8.25 ],
    "to": [ 12, 1.75, 8.5 ],
    "faces": {
        "down":  { "uv": [ 4.25, 8.5, 4, 8.25 ], "texture": "#politie" },
        "up":    { "uv": [ 11.75, 8.25, 12, 8.5 ], "texture": "#politie" },
        "north": { "uv": [ 4, 14.25, 4.25, 14.5 ], "texture": "#politie" },
        "south": { "uv": [ 11.75, 14.25, 12, 14.5 ], "texture": "#politie" },
        "west":  { "uv": [ 8.25, 14.25, 8.5, 14.5 ], "texture": "#politie" },
        "east":  { "uv": [ 7.5, 14.25, 7.75, 14.5 ], "texture": "#politie" }
    }
},
{
    "from": [ 11.25, 1.5, 8.25 ],
    "to": [ 11.5, 1.75, 8.5 ],
    "faces": {
        "down":  { "uv": [ 4.75, 8.5, 4.5, 8.25 ], "texture": "#politie" },
        "up":    { "uv": [ 11.25, 8.25, 11.5, 8.5 ], "texture": "#politie" },
        "north": { "uv": [ 4.5, 14.25, 4.75, 14.5 ], "texture": "#politie" },
        "south": { "uv": [ 11.25, 14.25, 11.5, 14.5 ], "texture": "#politie" },
        "west":  { "uv": [ 8.25, 14.25, 8.5, 14.5 ], "texture": "#politie" },
        "east":  { "uv": [ 7.5, 14.25, 7.75, 14.5 ], "texture": "#politie" }
    }
},
{
    "from": [ 10.75, 1.5, 8.25 ],
    "to": [ 11, 1.75, 8.5 ],
    "faces": {
        "down":  { "uv": [ 5.25, 8.5, 5, 8.25 ], "texture": "#politie" },
        "up":    { "uv": [ 10.75, 8.25, 11, 8.5 ], "texture": "#politie" },
        "north": { "uv": [ 5, 14.25, 5.25, 14.5 ], "texture": "#politie" },
        "south": { "uv": [ 10.75, 14.25, 11, 14.5 ], "texture": "#politie" },
        "west":  { "uv": [ 8.25, 14.25, 8.5, 14.5 ], "texture": "#politie" },
        "east":  { "uv": [ 7.5, 14.25, 7.75, 14.5 ], "texture": "#politie" }
    }
},
{
    "from": [ 10.25, 1.5, 8.25 ],
    "to": [ 10.5, 1.75, 8.5 ],
    "faces": {
        "down":  { "uv": [ 5.75, 8.5, 5.5, 8.25 ], "texture": "#politie" },
        "up":    { "uv": [ 10.25, 8.25, 10.5, 8.5 ], "texture": "#politie" },
        "north": { "uv": [ 5.5, 14.25, 5.75, 14.5 ], "texture": "#politie" },
        "south": { "uv": [ 10.25, 14.25, 10.5, 14.5 ], "texture": "#politie" },
        "west":  { "uv": [ 8.25, 14.25, 8.5, 14.5 ], "texture": "#politie" },
        "east":  { "uv": [ 7.5, 14.25, 7.75, 14.5 ], "texture": "#politie" }
    }
},
{
    "from": [ 9.75, 1.5, 8.25 ],
    "to": [ 10, 1.75, 8.5 ],
    "faces": {
        "down":  { "uv": [ 6.25, 8.5, 6, 8.25 ], "texture": "#politie" },
        "up":    { "uv": [ 9.75, 8.25, 10, 8.5 ], "texture": "#politie" },
        "north": { "uv": [ 6, 14.25, 6.25, 14.5 ], "texture": "#politie" },
        "south": { "uv": [ 9.75, 14.25, 10, 14.5 ], "texture": "#politie" },
        "west":  { "uv": [ 8.25, 14.25, 8.5, 14.5 ], "texture": "#politie" },
        "east":  { "uv": [ 7.5, 14.25, 7.75, 14.5 ], "texture": "#politie" }
    }
},
{
    "from": [ 9.25, 1.5, 8.25 ],
    "to": [ 9.5, 1.75, 8.5 ],
    "faces": {
        "down":  { "uv": [ 6.75, 8.5, 6.5, 8.25 ], "texture": "#politie" },
        "up":    { "uv": [ 9.25, 8.25, 9.5, 8.5 ], "texture": "#politie" },
        "north": { "uv": [ 6.5, 14.25, 6.75, 14.5 ], "texture": "#politie" },
        "south": { "uv": [ 9.25, 14.25, 9.5, 14.5 ], "texture": "#politie" },
        "west":  { "uv": [ 8.25, 14.25, 8.5, 14.5 ], "texture": "#politie" },
        "east":  { "uv": [ 7.5, 14.25, 7.75, 14.5 ], "texture": "#politie" }
    }
},
{
    "from": [ 8.75, 1.5, 8.25 ],
    "to": [ 9, 1.75, 8.5 ],
    "faces": {
        "down":  { "uv": [ 7.25, 8.5, 7, 8.25 ], "texture": "#politie" },
        "up":    { "uv": [ 8.75, 8.25, 9, 8.5 ], "texture": "#politie" },
        "north": { "uv": [ 7, 14.25, 7.25, 14.5 ], "texture": "#politie" },
        "south": { "uv": [ 8.75, 14.25, 9, 14.5 ], "texture": "#politie" },
        "west":  { "uv": [ 8.25, 14.25, 8.5, 14.5 ], "texture": "#politie" },
        "east":  { "uv": [ 7.5, 14.25, 7.75, 14.5 ], "texture": "#politie" }
    }
},
{
    "from": [ 12.25, 0.5, 7.75 ],
    "to": [ 12.5, 0.75, 8.25 ],
    "faces": {
        "down":  { "uv": [ 3.75, 8.25, 3.5, 7.75 ], "texture": "#politie" },
        "up":    { "uv": [ 12.25, 7.75, 12.5, 8.25 ], "texture": "#politie" },
        "north": { "uv": [ 3.5, 15.25, 3.75, 15.5 ], "texture": "#politie" },
        "south": { "uv": [ 12.25, 15.25, 12.5, 15.5 ], "texture": "#politie" },
        "west":  { "uv": [ 7.75, 15.25, 8.25, 15.5 ], "texture": "#politie" },
        "east":  { "uv": [ 7.75, 15.25, 8.25, 15.5 ], "texture": "#politie" }
    }
},
{
    "from": [ 11.75, 0.5, 7.75 ],
    "to": [ 12, 0.75, 8.25 ],
    "faces": {
        "down":  { "uv": [ 4.25, 8.25, 4, 7.75 ], "texture": "#politie" },
        "up":    { "uv": [ 11.75, 7.75, 12, 8.25 ], "texture": "#politie" },
        "north": { "uv": [ 4, 15.25, 4.25, 15.5 ], "texture": "#politie" },
        "south": { "uv": [ 11.75, 15.25, 12, 15.5 ], "texture": "#politie" },
        "west":  { "uv": [ 7.75, 15.25, 8.25, 15.5 ], "texture": "#politie" },
        "east":  { "uv": [ 7.75, 15.25, 8.25, 15.5 ], "texture": "#politie" }
    }
},
{
    "from": [ 11.25, 0.5, 7.75 ],
    "to": [ 11.5, 0.75, 8.25 ],
    "faces": {
        "down":  { "uv": [ 4.75, 8.25, 4.5, 7.75 ], "texture": "#politie" },
        "up":    { "uv": [ 11.25, 7.75, 11.5, 8.25 ], "texture": "#politie" },
        "north": { "uv": [ 4.5, 15.25, 4.75, 15.5 ], "texture": "#politie" },
        "south": { "uv": [ 11.25, 15.25, 11.5, 15.5 ], "texture": "#politie" },
        "west":  { "uv": [ 7.75, 15.25, 8.25, 15.5 ], "texture": "#politie" },
        "east":  { "uv": [ 7.75, 15.25, 8.25, 15.5 ], "texture": "#politie" }
    }
},
{
    "from": [ 10.75, 0.5, 7.75 ],
    "to": [ 11, 0.75, 8.25 ],
    "faces": {
        "down":  { "uv": [ 5.25, 8.25, 5, 7.75 ], "texture": "#politie" },
        "up":    { "uv": [ 10.75, 7.75, 11, 8.25 ], "texture": "#politie" },
        "north": { "uv": [ 5, 15.25, 5.25, 15.5 ], "texture": "#politie" },
        "south": { "uv": [ 10.75, 15.25, 11, 15.5 ], "texture": "#politie" },
        "west":  { "uv": [ 7.75, 15.25, 8.25, 15.5 ], "texture": "#politie" },
        "east":  { "uv": [ 7.75, 15.25, 8.25, 15.5 ], "texture": "#politie" }
    }
},
{
    "from": [ 10.25, 0.5, 7.75 ],
    "to": [ 10.5, 0.75, 8.25 ],
    "faces": {
        "down":  { "uv": [ 5.75, 8.25, 5.5, 7.75 ], "texture": "#politie" },
        "up":    { "uv": [ 10.25, 7.75, 10.5, 8.25 ], "texture": "#politie" },
        "north": { "uv": [ 5.5, 15.25, 5.75, 15.5 ], "texture": "#politie" },
        "south": { "uv": [ 10.25, 15.25, 10.5, 15.5 ], "texture": "#politie" },
        "west":  { "uv": [ 7.75, 15.25, 8.25, 15.5 ], "texture": "#politie" },
        "east":  { "uv": [ 7.75, 15.25, 8.25, 15.5 ], "texture": "#politie" }
    }
},
{
    "from": [ 9.75, 0.5, 7.75 ],
    "to": [ 10, 0.75, 8.25 ],
    "faces": {
        "down":  { "uv": [ 6.25, 8.25, 6, 7.75 ], "texture": "#politie" },
        "up":    { "uv": [ 9.75, 7.75, 10, 8.25 ], "texture": "#politie" },
        "north": { "uv": [ 6, 15.25, 6.25, 15.5 ], "texture": "#politie" },
        "south": { "uv": [ 9.75, 15.25, 10, 15.5 ], "texture": "#politie" },
        "west":  { "uv": [ 7.75, 15.25, 8.25, 15.5 ], "texture": "#politie" },
        "east":  { "uv": [ 7.75, 15.25, 8.25, 15.5 ], "texture": "#politie" }
    }
},
{
    "from": [ 9.25, 0.5, 7.75 ],
    "to": [ 9.5, 0.75, 8.25 ],
    "faces": {
        "down":  { "uv": [ 6.75, 8.25, 6.5, 7.75 ], "texture": "#politie" },
        "up":    { "uv": [ 9.25, 7.75, 9.5, 8.25 ], "texture": "#politie" },
        "north": { "uv": [ 6.5, 15.25, 6.75, 15.5 ], "texture": "#politie" },
        "south": { "uv": [ 9.25, 15.25, 9.5, 15.5 ], "texture": "#politie" },
        "west":  { "uv": [ 7.75, 15.25, 8.25, 15.5 ], "texture": "#politie" },
        "east":  { "uv": [ 7.75, 15.25, 8.25, 15.5 ], "texture": "#politie" }
    }
},
{
    "from": [ 8.75, 0.5, 7.75 ],
    "to": [ 9, 0.75, 8.25 ],
    "faces": {
        "down":  { "uv": [ 7.25, 8.25, 7, 7.75 ], "texture": "#politie" },
        "up":    { "uv": [ 8.75, 7.75, 9, 8.25 ], "texture": "#politie" },
        "north": { "uv": [ 7, 15.25, 7.25, 15.5 ], "texture": "#politie" },
        "south": { "uv": [ 8.75, 15.25, 9, 15.5 ], "texture": "#politie" },
        "west":  { "uv": [ 7.75, 15.25, 8.25, 15.5 ], "texture": "#politie" },
        "east":  { "uv": [ 7.75, 15.25, 8.25, 15.5 ], "texture": "#politie" }
    }
},
{
    "from": [ 12.25, 0.75, 7.5 ],
    "to": [ 12.5, 1, 7.75 ],
    "faces": {
        "down":  { "uv": [ 3.75, 7.75, 3.5, 7.5 ], "texture": "#politie" },
        "up":    { "uv": [ 12.25, 7.5, 12.5, 7.75 ], "texture": "#politie" },
        "north": { "uv": [ 3.5, 15, 3.75, 15.25 ], "texture": "#politie" },
        "south": { "uv": [ 12.25, 15, 12.5, 15.25 ], "texture": "#politie" },
        "west":  { "uv": [ 7.5, 15, 7.75, 15.25 ], "texture": "#politie" },
        "east":  { "uv": [ 8.25, 15, 8.5, 15.25 ], "texture": "#politie" }
    }
},
{
    "from": [ 11.75, 0.75, 7.5 ],
    "to": [ 12, 1, 7.75 ],
    "faces": {
        "down":  { "uv": [ 4.25, 7.75, 4, 7.5 ], "texture": "#politie" },
        "up":    { "uv": [ 11.75, 7.5, 12, 7.75 ], "texture": "#politie" },
        "north": { "uv": [ 4, 15, 4.25, 15.25 ], "texture": "#politie" },
        "south": { "uv": [ 11.75, 15, 12, 15.25 ], "texture": "#politie" },
        "west":  { "uv": [ 7.5, 15, 7.75, 15.25 ], "texture": "#politie" },
        "east":  { "uv": [ 8.25, 15, 8.5, 15.25 ], "texture": "#politie" }
    }
},
{
    "from": [ 11.25, 0.75, 7.5 ],
    "to": [ 11.5, 1, 7.75 ],
    "faces": {
        "down":  { "uv": [ 4.75, 7.75, 4.5, 7.5 ], "texture": "#politie" },
        "up":    { "uv": [ 11.25, 7.5, 11.5, 7.75 ], "texture": "#politie" },
        "north": { "uv": [ 4.5, 15, 4.75, 15.25 ], "texture": "#politie" },
        "south": { "uv": [ 11.25, 15, 11.5, 15.25 ], "texture": "#politie" },
        "west":  { "uv": [ 7.5, 15, 7.75, 15.25 ], "texture": "#politie" },
        "east":  { "uv": [ 8.25, 15, 8.5, 15.25 ], "texture": "#politie" }
    }
},
{
    "from": [ 10.75, 0.75, 7.5 ],
    "to": [ 11, 1, 7.75 ],
    "faces": {
        "down":  { "uv": [ 5.25, 7.75, 5, 7.5 ], "texture": "#politie" },
        "up":    { "uv": [ 10.75, 7.5, 11, 7.75 ], "texture": "#politie" },
        "north": { "uv": [ 5, 15, 5.25, 15.25 ], "texture": "#politie" },
        "south": { "uv": [ 10.75, 15, 11, 15.25 ], "texture": "#politie" },
        "west":  { "uv": [ 7.5, 15, 7.75, 15.25 ], "texture": "#politie" },
        "east":  { "uv": [ 8.25, 15, 8.5, 15.25 ], "texture": "#politie" }
    }
},
{
    "from": [ 10.25, 0.75, 7.5 ],
    "to": [ 10.5, 1, 7.75 ],
    "faces": {
        "down":  { "uv": [ 5.75, 7.75, 5.5, 7.5 ], "texture": "#politie" },
        "up":    { "uv": [ 10.25, 7.5, 10.5, 7.75 ], "texture": "#politie" },
        "north": { "uv": [ 5.5, 15, 5.75, 15.25 ], "texture": "#politie" },
        "south": { "uv": [ 10.25, 15, 10.5, 15.25 ], "texture": "#politie" },
        "west":  { "uv": [ 7.5, 15, 7.75, 15.25 ], "texture": "#politie" },
        "east":  { "uv": [ 8.25, 15, 8.5, 15.25 ], "texture": "#politie" }
    }
},
{
    "from": [ 9.75, 0.75, 7.5 ],
    "to": [ 10, 1, 7.75 ],
    "faces": {
        "down":  { "uv": [ 6.25, 7.75, 6, 7.5 ], "texture": "#politie" },
        "up":    { "uv": [ 9.75, 7.5, 10, 7.75 ], "texture": "#politie" },
        "north": { "uv": [ 6, 15, 6.25, 15.25 ], "texture": "#politie" },
        "south": { "uv": [ 9.75, 15, 10, 15.25 ], "texture": "#politie" },
        "west":  { "uv": [ 7.5, 15, 7.75, 15.25 ], "texture": "#politie" },
        "east":  { "uv": [ 8.25, 15, 8.5, 15.25 ], "texture": "#politie" }
    }
},
{
    "from": [ 9.25, 0.75, 7.5 ],
    "to": [ 9.5, 1, 7.75 ],
    "faces": {
        "down":  { "uv": [ 6.75, 7.75, 6.5, 7.5 ], "texture": "#politie" },
        "up":    { "uv": [ 9.25, 7.5, 9.5, 7.75 ], "texture": "#politie" },
        "north": { "uv": [ 6.5, 15, 6.75, 15.25 ], "texture": "#politie" },
        "south": { "uv": [ 9.25, 15, 9.5, 15.25 ], "texture": "#politie" },
        "west":  { "uv": [ 7.5, 15, 7.75, 15.25 ], "texture": "#politie" },
        "east":  { "uv": [ 8.25, 15, 8.5, 15.25 ], "texture": "#politie" }
    }
},
{
    "from": [ 8.75, 0.75, 7.5 ],
    "to": [ 9, 1, 7.75 ],
    "faces": {
        "down":  { "uv": [ 7.25, 7.75, 7, 7.5 ], "texture": "#politie" },
        "up":    { "uv": [ 8.75, 7.5, 9, 7.75 ], "texture": "#politie" },
        "north": { "uv": [ 7, 15, 7.25, 15.25 ], "texture": "#politie" },
        "south": { "uv": [ 8.75, 15, 9, 15.25 ], "texture": "#politie" },
        "west":  { "uv": [ 7.5, 15, 7.75, 15.25 ], "texture": "#politie" },
        "east":  { "uv": [ 8.25, 15, 8.5, 15.25 ], "texture": "#politie" }
    }
},
{
    "from": [ 12.75, 1, 7.25 ],
    "to": [ 13.25, 1.5, 7.5 ],
    "faces": {
        "down":  { "uv": [ 3.25, 7.5, 2.75, 7.25 ], "texture": "#politie" },
        "up":    { "uv": [ 12.75, 7.25, 13.25, 7.5 ], "texture": "#politie" },
        "north": { "uv": [ 2.75, 14.5, 3.25, 15 ], "texture": "#politie" },
        "south": { "uv": [ 12.75, 14.5, 13.25, 15 ], "texture": "#politie" },
        "west":  { "uv": [ 7.25, 14.5, 7.5, 15 ], "texture": "#politie" },
        "east":  { "uv": [ 8.5, 14.5, 8.75, 15 ], "texture": "#politie" }
    }
},
{
    "from": [ 12.25, 1, 7.25 ],
    "to": [ 12.5, 1.5, 7.5 ],
    "faces": {
        "down":  { "uv": [ 3.75, 7.5, 3.5, 7.25 ], "texture": "#politie" },
        "up":    { "uv": [ 12.25, 7.25, 12.5, 7.5 ], "texture": "#politie" },
        "north": { "uv": [ 3.5, 14.5, 3.75, 15 ], "texture": "#politie" },
        "south": { "uv": [ 12.25, 14.5, 12.5, 15 ], "texture": "#politie" },
        "west":  { "uv": [ 7.25, 14.5, 7.5, 15 ], "texture": "#politie" },
        "east":  { "uv": [ 8.5, 14.5, 8.75, 15 ], "texture": "#politie" }
    }
},
{
    "from": [ 11.75, 1, 7.25 ],
    "to": [ 12, 1.5, 7.5 ],
    "faces": {
        "down":  { "uv": [ 4.25, 7.5, 4, 7.25 ], "texture": "#politie" },
        "up":    { "uv": [ 11.75, 7.25, 12, 7.5 ], "texture": "#politie" },
        "north": { "uv": [ 4, 14.5, 4.25, 15 ], "texture": "#politie" },
        "south": { "uv": [ 11.75, 14.5, 12, 15 ], "texture": "#politie" },
        "west":  { "uv": [ 7.25, 14.5, 7.5, 15 ], "texture": "#politie" },
        "east":  { "uv": [ 8.5, 14.5, 8.75, 15 ], "texture": "#politie" }
    }
},
{
    "from": [ 11.25, 1, 7.25 ],
    "to": [ 11.5, 1.5, 7.5 ],
    "faces": {
        "down":  { "uv": [ 4.75, 7.5, 4.5, 7.25 ], "texture": "#politie" },
        "up":    { "uv": [ 11.25, 7.25, 11.5, 7.5 ], "texture": "#politie" },
        "north": { "uv": [ 4.5, 14.5, 4.75, 15 ], "texture": "#politie" },
        "south": { "uv": [ 11.25, 14.5, 11.5, 15 ], "texture": "#politie" },
        "west":  { "uv": [ 7.25, 14.5, 7.5, 15 ], "texture": "#politie" },
        "east":  { "uv": [ 8.5, 14.5, 8.75, 15 ], "texture": "#politie" }
    }
},
{
    "from": [ 10.75, 1, 7.25 ],
    "to": [ 11, 1.5, 7.5 ],
    "faces": {
        "down":  { "uv": [ 5.25, 7.5, 5, 7.25 ], "texture": "#politie" },
        "up":    { "uv": [ 10.75, 7.25, 11, 7.5 ], "texture": "#politie" },
        "north": { "uv": [ 5, 14.5, 5.25, 15 ], "texture": "#politie" },
        "south": { "uv": [ 10.75, 14.5, 11, 15 ], "texture": "#politie" },
        "west":  { "uv": [ 7.25, 14.5, 7.5, 15 ], "texture": "#politie" },
        "east":  { "uv": [ 8.5, 14.5, 8.75, 15 ], "texture": "#politie" }
    }
},
{
    "from": [ 10.25, 1, 7.25 ],
    "to": [ 10.5, 1.5, 7.5 ],
    "faces": {
        "down":  { "uv": [ 5.75, 7.5, 5.5, 7.25 ], "texture": "#politie" },
        "up":    { "uv": [ 10.25, 7.25, 10.5, 7.5 ], "texture": "#politie" },
        "north": { "uv": [ 5.5, 14.5, 5.75, 15 ], "texture": "#politie" },
        "south": { "uv": [ 10.25, 14.5, 10.5, 15 ], "texture": "#politie" },
        "west":  { "uv": [ 7.25, 14.5, 7.5, 15 ], "texture": "#politie" },
        "east":  { "uv": [ 8.5, 14.5, 8.75, 15 ], "texture": "#politie" }
    }
},
{
    "from": [ 9.75, 1, 7.25 ],
    "to": [ 10, 1.5, 7.5 ],
    "faces": {
        "down":  { "uv": [ 6.25, 7.5, 6, 7.25 ], "texture": "#politie" },
        "up":    { "uv": [ 9.75, 7.25, 10, 7.5 ], "texture": "#politie" },
        "north": { "uv": [ 6, 14.5, 6.25, 15 ], "texture": "#politie" },
        "south": { "uv": [ 9.75, 14.5, 10, 15 ], "texture": "#politie" },
        "west":  { "uv": [ 7.25, 14.5, 7.5, 15 ], "texture": "#politie" },
        "east":  { "uv": [ 8.5, 14.5, 8.75, 15 ], "texture": "#politie" }
    }
},
{
    "from": [ 9.25, 1, 7.25 ],
    "to": [ 9.5, 1.5, 7.5 ],
    "faces": {
        "down":  { "uv": [ 6.75, 7.5, 6.5, 7.25 ], "texture": "#politie" },
        "up":    { "uv": [ 9.25, 7.25, 9.5, 7.5 ], "texture": "#politie" },
        "north": { "uv": [ 6.5, 14.5, 6.75, 15 ], "texture": "#politie" },
        "south": { "uv": [ 9.25, 14.5, 9.5, 15 ], "texture": "#politie" },
        "west":  { "uv": [ 7.25, 14.5, 7.5, 15 ], "texture": "#politie" },
        "east":  { "uv": [ 8.5, 14.5, 8.75, 15 ], "texture": "#politie" }
    }
},
{
    "from": [ 8.75, 1, 7.25 ],
    "to": [ 9, 1.5, 7.5 ],
    "faces": {
        "down":  { "uv": [ 7.25, 7.5, 7, 7.25 ], "texture": "#politie" },
        "up":    { "uv": [ 8.75, 7.25, 9, 7.5 ], "texture": "#politie" },
        "north": { "uv": [ 7, 14.5, 7.25, 15 ], "texture": "#politie" },
        "south": { "uv": [ 8.75, 14.5, 9, 15 ], "texture": "#politie" },
        "west":  { "uv": [ 7.25, 14.5, 7.5, 15 ], "texture": "#politie" },
        "east":  { "uv": [ 8.5, 14.5, 8.75, 15 ], "texture": "#politie" }
    }
},
{
    "from": [ 8.75, 1, 8.5 ],
    "to": [ 9, 1.5, 8.75 ],
    "faces": {
        "down":  { "uv": [ 7.25, 8.75, 7, 8.5 ], "texture": "#politie" },
        "up":    { "uv": [ 8.75, 8.5, 9, 8.75 ], "texture": "#politie" },
        "north": { "uv": [ 7, 14.5, 7.25, 15 ], "texture": "#politie" },
        "south": { "uv": [ 8.75, 14.5, 9, 15 ], "texture": "#politie" },
        "west":  { "uv": [ 8.5, 14.5, 8.75, 15 ], "texture": "#politie" },
        "east":  { "uv": [ 7.25, 14.5, 7.5, 15 ], "texture": "#politie" }
    }
},
{
    "from": [ 9.25, 1, 8.5 ],
    "to": [ 9.5, 1.5, 8.75 ],
    "faces": {
        "down":  { "uv": [ 6.75, 8.75, 6.5, 8.5 ], "texture": "#politie" },
        "up":    { "uv": [ 9.25, 8.5, 9.5, 8.75 ], "texture": "#politie" },
        "north": { "uv": [ 6.5, 14.5, 6.75, 15 ], "texture": "#politie" },
        "south": { "uv": [ 9.25, 14.5, 9.5, 15 ], "texture": "#politie" },
        "west":  { "uv": [ 8.5, 14.5, 8.75, 15 ], "texture": "#politie" },
        "east":  { "uv": [ 7.25, 14.5, 7.5, 15 ], "texture": "#politie" }
    }
},
{
    "from": [ 9.75, 1, 8.5 ],
    "to": [ 10, 1.5, 8.75 ],
    "faces": {
        "down":  { "uv": [ 6.25, 8.75, 6, 8.5 ], "texture": "#politie" },
        "up":    { "uv": [ 9.75, 8.5, 10, 8.75 ], "texture": "#politie" },
        "north": { "uv": [ 6, 14.5, 6.25, 15 ], "texture": "#politie" },
        "south": { "uv": [ 9.75, 14.5, 10, 15 ], "texture": "#politie" },
        "west":  { "uv": [ 8.5, 14.5, 8.75, 15 ], "texture": "#politie" },
        "east":  { "uv": [ 7.25, 14.5, 7.5, 15 ], "texture": "#politie" }
    }
},
{
    "from": [ 10.25, 1, 8.5 ],
    "to": [ 10.5, 1.5, 8.75 ],
    "faces": {
        "down":  { "uv": [ 5.75, 8.75, 5.5, 8.5 ], "texture": "#politie" },
        "up":    { "uv": [ 10.25, 8.5, 10.5, 8.75 ], "texture": "#politie" },
        "north": { "uv": [ 5.5, 14.5, 5.75, 15 ], "texture": "#politie" },
        "south": { "uv": [ 10.25, 14.5, 10.5, 15 ], "texture": "#politie" },
        "west":  { "uv": [ 8.5, 14.5, 8.75, 15 ], "texture": "#politie" },
        "east":  { "uv": [ 7.25, 14.5, 7.5, 15 ], "texture": "#politie" }
    }
},
{
    "from": [ 10.75, 1, 8.5 ],
    "to": [ 11, 1.5, 8.75 ],
    "faces": {
        "down":  { "uv": [ 5.25, 8.75, 5, 8.5 ], "texture": "#politie" },
        "up":    { "uv": [ 10.75, 8.5, 11, 8.75 ], "texture": "#politie" },
        "north": { "uv": [ 5, 14.5, 5.25, 15 ], "texture": "#politie" },
        "south": { "uv": [ 10.75, 14.5, 11, 15 ], "texture": "#politie" },
        "west":  { "uv": [ 8.5, 14.5, 8.75, 15 ], "texture": "#politie" },
        "east":  { "uv": [ 7.25, 14.5, 7.5, 15 ], "texture": "#politie" }
    }
},
{
    "from": [ 11.25, 1, 8.5 ],
    "to": [ 11.5, 1.5, 8.75 ],
    "faces": {
        "down":  { "uv": [ 4.75, 8.75, 4.5, 8.5 ], "texture": "#politie" },
        "up":    { "uv": [ 11.25, 8.5, 11.5, 8.75 ], "texture": "#politie" },
        "north": { "uv": [ 4.5, 14.5, 4.75, 15 ], "texture": "#politie" },
        "south": { "uv": [ 11.25, 14.5, 11.5, 15 ], "texture": "#politie" },
        "west":  { "uv": [ 8.5, 14.5, 8.75, 15 ], "texture": "#politie" },
        "east":  { "uv": [ 7.25, 14.5, 7.5, 15 ], "texture": "#politie" }
    }
},
{
    "from": [ 11.75, 1, 8.5 ],
    "to": [ 12, 1.5, 8.75 ],
    "faces": {
        "down":  { "uv": [ 4.25, 8.75, 4, 8.5 ], "texture": "#politie" },
        "up":    { "uv": [ 11.75, 8.5, 12, 8.75 ], "texture": "#politie" },
        "north": { "uv": [ 4, 14.5, 4.25, 15 ], "texture": "#politie" },
        "south": { "uv": [ 11.75, 14.5, 12, 15 ], "texture": "#politie" },
        "west":  { "uv": [ 8.5, 14.5, 8.75, 15 ], "texture": "#politie" },
        "east":  { "uv": [ 7.25, 14.5, 7.5, 15 ], "texture": "#politie" }
    }
},
{
    "from": [ 12.25, 1, 8.5 ],
    "to": [ 12.5, 1.5, 8.75 ],
    "faces": {
        "down":  { "uv": [ 3.75, 8.75, 3.5, 8.5 ], "texture": "#politie" },
        "up":    { "uv": [ 12.25, 8.5, 12.5, 8.75 ], "texture": "#politie" },
        "north": { "uv": [ 3.5, 14.5, 3.75, 15 ], "texture": "#politie" },
        "south": { "uv": [ 12.25, 14.5, 12.5, 15 ], "texture": "#politie" },
        "west":  { "uv": [ 8.5, 14.5, 8.75, 15 ], "texture": "#politie" },
        "east":  { "uv": [ 7.25, 14.5, 7.5, 15 ], "texture": "#politie" }
    }
},
{
    "from": [ 12.75, 1, 8.5 ],
    "to": [ 13.25, 1.5, 8.75 ],
    "faces": {
        "down":  { "uv": [ 3.25, 8.75, 2.75, 8.5 ], "texture": "#politie" },
        "up":    { "uv": [ 12.75, 8.5, 13.25, 8.75 ], "texture": "#politie" },
        "north": { "uv": [ 2.75, 14.5, 3.25, 15 ], "texture": "#politie" },
        "south": { "uv": [ 12.75, 14.5, 13.25, 15 ], "texture": "#politie" },
        "west":  { "uv": [ 8.5, 14.5, 8.75, 15 ], "texture": "#politie" },
        "east":  { "uv": [ 7.25, 14.5, 7.5, 15 ], "texture": "#politie" }
    }
},
{
    "from": [ 8.25, 1, 7.25 ],
    "to": [ 8.5, 1.5, 8.75 ],
    "faces": {
        "down":  { "uv": [ 7.75, 8.75, 7.5, 7.25 ], "texture": "#politie" },
        "up":    { "uv": [ 8.25, 7.25, 8.5, 8.75 ], "texture": "#politie" },
        "north": { "uv": [ 7.5, 14.5, 7.75, 15 ], "texture": "#politie" },
        "south": { "uv": [ 8.25, 14.5, 8.5, 15 ], "texture": "#politie" },
        "west":  { "uv": [ 7.25, 14.5, 8.75, 15 ], "texture": "#politie" },
        "east":  { "uv": [ 7.25, 14.5, 8.75, 15 ], "texture": "#politie" }
    }
},
{
    "from": [ 8.25, 1.5, 7.5 ],
    "to": [ 8.5, 1.75, 8.5 ],
    "faces": {
        "down":  { "uv": [ 7.75, 8.5, 7.5, 7.5 ], "texture": "#politie" },
        "up":    { "uv": [ 8.25, 7.5, 8.5, 8.5 ], "texture": "#politie" },
        "north": { "uv": [ 7.5, 14.25, 7.75, 14.5 ], "texture": "#politie" },
        "south": { "uv": [ 8.25, 14.25, 8.5, 14.5 ], "texture": "#politie" },
        "west":  { "uv": [ 7.5, 14.25, 8.5, 14.5 ], "texture": "#politie" },
        "east":  { "uv": [ 7.5, 14.25, 8.5, 14.5 ], "texture": "#politie" }
    }
},
{
    "from": [ 8.25, 1.75, 7.75 ],
    "to": [ 8.5, 2, 8.25 ],
    "faces": {
        "down":  { "uv": [ 7.75, 8.25, 7.5, 7.75 ], "texture": "#politie" },
        "up":    { "uv": [ 8.25, 7.75, 8.5, 8.25 ], "texture": "#politie" },
        "north": { "uv": [ 7.5, 14, 7.75, 14.25 ], "texture": "#politie" },
        "south": { "uv": [ 8.25, 14, 8.5, 14.25 ], "texture": "#politie" },
        "west":  { "uv": [ 7.75, 14, 8.25, 14.25 ], "texture": "#politie" },
        "east":  { "uv": [ 7.75, 14, 8.25, 14.25 ], "texture": "#politie" }
    }
},
{
    "from": [ 8.25, 0.75, 7.5 ],
    "to": [ 8.5, 1, 8.5 ],
    "faces": {
        "down":  { "uv": [ 7.75, 8.5, 7.5, 7.5 ], "texture": "#politie" },
        "up":    { "uv": [ 8.25, 7.5, 8.5, 8.5 ], "texture": "#politie" },
        "north": { "uv": [ 7.5, 15, 7.75, 15.25 ], "texture": "#politie" },
        "south": { "uv": [ 8.25, 15, 8.5, 15.25 ], "texture": "#politie" },
        "west":  { "uv": [ 7.5, 15, 8.5, 15.25 ], "texture": "#politie" },
        "east":  { "uv": [ 7.5, 15, 8.5, 15.25 ], "texture": "#politie" }
    }
},
{
    "from": [ 8.25, 0.5, 7.75 ],
    "to": [ 8.5, 0.75, 8.25 ],
    "faces": {
        "down":  { "uv": [ 7.75, 8.25, 7.5, 7.75 ], "texture": "#politie" },
        "up":    { "uv": [ 8.25, 7.75, 8.5, 8.25 ], "texture": "#politie" },
        "north": { "uv": [ 7.5, 15.25, 7.75, 15.5 ], "texture": "#politie" },
        "south": { "uv": [ 8.25, 15.25, 8.5, 15.5 ], "texture": "#politie" },
        "west":  { "uv": [ 7.75, 15.25, 8.25, 15.5 ], "texture": "#politie" },
        "east":  { "uv": [ 7.75, 15.25, 8.25, 15.5 ], "texture": "#politie" }
    }
},
{
    "from": [ 8, 1, 7.5 ],
    "to": [ 8.25, 1.5, 8.5 ],
    "faces": {
        "down":  { "uv": [ 8, 8.5, 7.75, 7.5 ], "texture": "#politie" },
        "up":    { "uv": [ 8, 7.5, 8.25, 8.5 ], "texture": "#politie" },
        "north": { "uv": [ 7.75, 14.5, 8, 15 ], "texture": "#politie" },
        "south": { "uv": [ 8, 14.5, 8.25, 15 ], "texture": "#politie" },
        "west":  { "uv": [ 7.5, 14.5, 8.5, 15 ], "texture": "#politie" },
        "east":  { "uv": [ 7.5, 14.5, 8.5, 15 ], "texture": "#politie" }
    }
},
{
    "from": [ 8, 1.5, 7.75 ],
    "to": [ 8.25, 1.75, 8.25 ],
    "faces": {
        "down":  { "uv": [ 8, 8.25, 7.75, 7.75 ], "texture": "#politie" },
        "up":    { "uv": [ 8, 7.75, 8.25, 8.25 ], "texture": "#politie" },
        "north": { "uv": [ 7.75, 14.25, 8, 14.5 ], "texture": "#politie" },
        "south": { "uv": [ 8, 14.25, 8.25, 14.5 ], "texture": "#politie" },
        "west":  { "uv": [ 7.75, 14.25, 8.25, 14.5 ], "texture": "#politie" },
        "east":  { "uv": [ 7.75, 14.25, 8.25, 14.5 ], "texture": "#politie" }
    }
},
{
    "from": [ 8, 0.75, 7.75 ],
    "to": [ 8.25, 1, 8.25 ],
    "faces": {
        "down":  { "uv": [ 8, 8.25, 7.75, 7.75 ], "texture": "#politie" },
        "up":    { "uv": [ 8, 7.75, 8.25, 8.25 ], "texture": "#politie" },
        "north": { "uv": [ 7.75, 15, 8, 15.25 ], "texture": "#politie" },
        "south": { "uv": [ 8, 15, 8.25, 15.25 ], "texture": "#politie" },
        "west":  { "uv": [ 7.75, 15, 8.25, 15.25 ], "texture": "#politie" },
        "east":  { "uv": [ 7.75, 15, 8.25, 15.25 ], "texture": "#politie" }
    }
},
{
    "from": [ 7.75, 1, 7.75 ],
    "to": [ 8, 1.5, 8.25 ],
    "faces": {
        "down":  { "uv": [ 8.25, 8.25, 8, 7.75 ], "texture": "#politie" },
        "up":    { "uv": [ 7.75, 7.75, 8, 8.25 ], "texture": "#politie" },
        "north": { "uv": [ 8, 14.5, 8.25, 15 ], "texture": "#politie" },
        "south": { "uv": [ 7.75, 14.5, 8, 15 ], "texture": "#politie" },
        "west":  { "uv": [ 7.75, 14.5, 8.25, 15 ], "texture": "#politie" },
        "east":  { "uv": [ 7.75, 14.5, 8.25, 15 ], "texture": "#politie" }
    }
},
{
    "from": [ 13, 1.5, 8.5 ],
    "to": [ 13.25, 1.75, 8.75 ],
    "faces": {
        "down":  { "uv": [ 3, 8.75, 2.75, 8.5 ], "texture": "#politie" },
        "up":    { "uv": [ 13, 8.5, 13.25, 8.75 ], "texture": "#politie" },
        "north": { "uv": [ 2.75, 14.25, 3, 14.5 ], "texture": "#politie" },
        "south": { "uv": [ 13, 14.25, 13.25, 14.5 ], "texture": "#politie" },
        "west":  { "uv": [ 8.5, 14.25, 8.75, 14.5 ], "texture": "#politie" },
        "east":  { "uv": [ 7.25, 14.25, 7.5, 14.5 ], "texture": "#politie" }
    }
},
{
    "from": [ 13, 0.75, 8.5 ],
    "to": [ 13.25, 1, 8.75 ],
    "faces": {
        "down":  { "uv": [ 3, 8.75, 2.75, 8.5 ], "texture": "#politie" },
        "up":    { "uv": [ 13, 8.5, 13.25, 8.75 ], "texture": "#politie" },
        "north": { "uv": [ 2.75, 15, 3, 15.25 ], "texture": "#politie" },
        "south": { "uv": [ 13, 15, 13.25, 15.25 ], "texture": "#politie" },
        "west":  { "uv": [ 8.5, 15, 8.75, 15.25 ], "texture": "#politie" },
        "east":  { "uv": [ 7.25, 15, 7.5, 15.25 ], "texture": "#politie" }
    }
},
{
    "from": [ 13, 0.75, 7.25 ],
    "to": [ 13.25, 1, 7.5 ],
    "faces": {
        "down":  { "uv": [ 3, 7.5, 2.75, 7.25 ], "texture": "#politie" },
        "up":    { "uv": [ 13, 7.25, 13.25, 7.5 ], "texture": "#politie" },
        "north": { "uv": [ 2.75, 15, 3, 15.25 ], "texture": "#politie" },
        "south": { "uv": [ 13, 15, 13.25, 15.25 ], "texture": "#politie" },
        "west":  { "uv": [ 7.25, 15, 7.5, 15.25 ], "texture": "#politie" },
        "east":  { "uv": [ 8.5, 15, 8.75, 15.25 ], "texture": "#politie" }
    }
},
{
    "from": [ 13, 1.5, 7.25 ],
    "to": [ 13.25, 1.75, 7.5 ],
    "faces": {
        "down":  { "uv": [ 3, 7.5, 2.75, 7.25 ], "texture": "#politie" },
        "up":    { "uv": [ 13, 7.25, 13.25, 7.5 ], "texture": "#politie" },
        "north": { "uv": [ 2.75, 14.25, 3, 14.5 ], "texture": "#politie" },
        "south": { "uv": [ 13, 14.25, 13.25, 14.5 ], "texture": "#politie" },
        "west":  { "uv": [ 7.25, 14.25, 7.5, 14.5 ], "texture": "#politie" },
        "east":  { "uv": [ 8.5, 14.25, 8.75, 14.5 ], "texture": "#politie" }
    }
},
{
    "from": [ 13, -5.25, 7.75 ],
    "to": [ 14, 0.5, 8.25 ],
    "faces": {
        "down":  { "uv": [ 3, 8.25, 2, 7.75 ], "texture": "#politie" },
        "up":    { "uv": [ 13, 7.75, 14, 8.25 ], "texture": "#politie" },
        "north": { "uv": [ 2, 15.5, 3, 16 ], "texture": "#politie" },
        "south": { "uv": [ 13, 11.75, 14, 12.25 ], "texture": "#politie" },
        "west":  { "uv": [ 9.75, 8.5, 10.25, 9 ], "texture": "#politie" },
        "east":  { "uv": [ 7.5, 10.5, 8, 11 ], "texture": "#politie" }
    }
},
{
    "from": [ 13.25, -5.25, 8.25 ],
    "to": [ 13.75, 0.5, 8.5 ],
    "faces": {
        "down":  { "uv": [ 2.75, 8.5, 2.25, 8.25 ], "texture": "#politie" },
        "up":    { "uv": [ 13.25, 8.25, 13.75, 8.5 ], "texture": "#politie" },
        "north": { "uv": [ 2.25, 15.5, 2.75, 16 ], "texture": "#politie" },
        "south": { "uv": [ 13.25, 15.5, 13.75, 16 ], "texture": "#politie" },
        "west":  { "uv": [ 8.25, 15.5, 8.5, 16 ], "texture": "#politie" },
        "east":  { "uv": [ 7.5, 15.5, 7.75, 16 ], "texture": "#politie" }
    }
},
{
    "from": [ 13.25, -5.25, 7.5 ],
    "to": [ 13.75, 0.5, 7.75 ],
    "faces": {
        "down":  { "uv": [ 2.75, 7.75, 2.25, 7.5 ], "texture": "#politie" },
        "up":    { "uv": [ 13.25, 7.5, 13.75, 7.75 ], "texture": "#politie" },
        "north": { "uv": [ 2.25, 15.5, 2.75, 16 ], "texture": "#politie" },
        "south": { "uv": [ 13.25, 15.5, 13.75, 16 ], "texture": "#politie" },
        "west":  { "uv": [ 7.5, 15.5, 7.75, 16 ], "texture": "#politie" },
        "east":  { "uv": [ 8.25, 15.5, 8.5, 16 ], "texture": "#politie" }
    }
},
{
    "from": [ 13, -5.75, 7.5 ],
    "to": [ 14, -5.25, 8.5 ],
    "faces": {
        "down":  { "uv": [ 3, 8.5, 2, 7.5 ], "texture": "#politie" },
        "up":    { "uv": [ 13, 7.5, 14, 8.5 ], "texture": "#politie" },
        "north": { "uv": [ 2, 16, 3, 16 ], "texture": "#politie" },
        "south": { "uv": [ 13, 16, 14, 16 ], "texture": "#politie" },
        "west":  { "uv": [ 7.5, 16, 8.5, 16 ], "texture": "#politie" },
        "east":  { "uv": [ 7.5, 16, 8.5, 16 ], "texture": "#politie" }
    }
},
{
    "from": [ 13.25, -5.75, 8.5 ],
    "to": [ 13.75, -5.25, 8.75 ],
    "faces": {
        "down":  { "uv": [ 2.75, 8.75, 2.25, 8.5 ], "texture": "#politie" },
        "up":    { "uv": [ 13.25, 8.5, 13.75, 8.75 ], "texture": "#politie" },
        "north": { "uv": [ 2.25, 16, 2.75, 16 ], "texture": "#politie" },
        "south": { "uv": [ 13.25, 16, 13.75, 16 ], "texture": "#politie" },
        "west":  { "uv": [ 8.5, 16, 8.75, 16 ], "texture": "#politie" },
        "east":  { "uv": [ 7.25, 16, 7.5, 16 ], "texture": "#politie" }
    }
},
{
    "from": [ 13.25, -5.75, 7.25 ],
    "to": [ 13.75, -5.25, 7.5 ],
    "faces": {
        "down":  { "uv": [ 2.75, 7.5, 2.25, 7.25 ], "texture": "#politie" },
        "up":    { "uv": [ 13.25, 7.25, 13.75, 7.5 ], "texture": "#politie" },
        "north": { "uv": [ 2.25, 16, 2.75, 16 ], "texture": "#politie" },
        "south": { "uv": [ 13.25, 16, 13.75, 16 ], "texture": "#politie" },
        "west":  { "uv": [ 7.25, 16, 7.5, 16 ], "texture": "#politie" },
        "east":  { "uv": [ 8.5, 16, 8.75, 16 ], "texture": "#politie" }
    }
},
{
    "from": [ 12.75, -5.75, 7.75 ],
    "to": [ 13, -5.25, 8.25 ],
    "faces": {
        "down":  { "uv": [ 3.25, 8.25, 3, 7.75 ], "texture": "#politie" },
        "up":    { "uv": [ 12.75, 7.75, 13, 8.25 ], "texture": "#politie" },
        "north": { "uv": [ 3, 16, 3.25, 16 ], "texture": "#politie" },
        "south": { "uv": [ 12.75, 16, 13, 16 ], "texture": "#politie" },
        "west":  { "uv": [ 7.75, 16, 8.25, 16 ], "texture": "#politie" },
        "east":  { "uv": [ 7.75, 16, 8.25, 16 ], "texture": "#politie" }
    }
},
{
    "from": [ 14, -5.75, 7.75 ],
    "to": [ 14.25, -5.25, 8.25 ],
    "faces": {
        "down":  { "uv": [ 2, 8.25, 1.75, 7.75 ], "texture": "#politie" },
        "up":    { "uv": [ 14, 7.75, 14.25, 8.25 ], "texture": "#politie" },
        "north": { "uv": [ 1.75, 16, 2, 16 ], "texture": "#politie" },
        "south": { "uv": [ 14, 16, 14.25, 16 ], "texture": "#politie" },
        "west":  { "uv": [ 7.75, 16, 8.25, 16 ], "texture": "#politie" },
        "east":  { "uv": [ 7.75, 16, 8.25, 16 ], "texture": "#politie" }
    }
}
],
"display": {
    "thirdperson_righthand": {
        "rotation": [ 19, -81, 2 ],
        "translation": [ 0.06, 6.27, -0.06 ],
        "scale": [ 0.7, 0.7, 0.7 ]
    },
    "thirdperson_lefthand": {
        "rotation": [ 19, 101, 2 ],
        "translation": [ 0.06, 6.27, 0.7 ],
        "scale": [ 0.7, 0.7, 0.7 ]
    },
    "ground": {
        "rotation": [ 0, 0, 0 ],
        "translation": [ 0, 10.32, 0 ],
        "scale": [ 0.9, 0.9, 0.9 ]
    },
    "fixed": {
        "rotation": [ 0, 0, 0 ],
        "translation": [ 1.84, 2.22, 0.19 ],
        "scale": [ 1.5, 1.5, 1.5 ]
    },
    "firstperson_righthand": {
        "rotation": [ -14, -96, -8 ],
        "translation": [ -1.58, 3.1, -0.32 ],
        "scale": [ 0.98, 1, 1 ]
    },
    "firstperson_lefthand": {
        "rotation": [ -4, 84, 4 ],
        "translation": [ -3.61, 3.1, -0.32 ],
        "scale": [ 0.98, 1, 1 ]
    },
    "gui": {
        "rotation": [ 0, 158, 30 ],
        "translation": [ 3.99, -0.19, -1.71 ],
        "scale": [ 0.75, 0.75, 0.75 ]
    }
}
}