{
"__comment": "Designed by NathanKuijt - In Order Of DusDavidGames",
"textures": {
    "particle": "block/anvil_base",
    "texture": "block/anvil_base"
},
"elements": [ 
{
    "from": [ 2, 11.5, 4 ],
    "to": [ 5, 12.5, 5 ],
    "faces": {
        "down":  { "uv": [ 14, 5, 11, 4 ], "texture": "#texture" },
        "up":    { "uv": [ 2, 4, 5, 5 ], "texture": "#texture" },
        "north": { "uv": [ 11, 3.5, 14, 4.5 ], "texture": "#texture" },
        "south": { "uv": [ 2, 3.5, 5, 4.5 ], "texture": "#texture" },
        "west":  { "uv": [ 4, 3.5, 5, 4.5 ], "texture": "#texture" },
        "east":  { "uv": [ 11, 3.5, 12, 4.5 ], "texture": "#texture" }
    }
},
{
    "from": [ 1.5, 9, 4 ],
    "to": [ 2.5, 12, 5 ],
    "faces": {
        "down":  { "uv": [ 14.5, 5, 13.5, 4 ], "texture": "#texture" },
        "up":    { "uv": [ 1.5, 4, 2.5, 5 ], "texture": "#texture" },
        "north": { "uv": [ 13.5, 4, 14.5, 7 ], "texture": "#texture" },
        "south": { "uv": [ 1.5, 4, 2.5, 7 ], "texture": "#texture" },
        "west":  { "uv": [ 4, 4, 5, 7 ], "texture": "#texture" },
        "east":  { "uv": [ 11, 4, 12, 7 ], "texture": "#texture" }
    }
},
{
    "from": [ 2, 8.5, 4 ],
    "to": [ 5, 9.5, 5 ],
    "faces": {
        "down":  { "uv": [ 14, 5, 11, 4 ], "texture": "#texture" },
        "up":    { "uv": [ 2, 4, 5, 5 ], "texture": "#texture" },
        "north": { "uv": [ 11, 6.5, 14, 7.5 ], "texture": "#texture" },
        "south": { "uv": [ 2, 6.5, 5, 7.5 ], "texture": "#texture" },
        "west":  { "uv": [ 4, 6.5, 5, 7.5 ], "texture": "#texture" },
        "east":  { "uv": [ 11, 6.5, 12, 7.5 ], "texture": "#texture" }
    }
},
{
    "from": [ 4.5, 9, 4 ],
    "to": [ 5.5, 12, 5 ],
    "faces": {
        "down":  { "uv": [ 11.5, 5, 10.5, 4 ], "texture": "#texture" },
        "up":    { "uv": [ 4.5, 4, 5.5, 5 ], "texture": "#texture" },
        "north": { "uv": [ 10.5, 4, 11.5, 7 ], "texture": "#texture" },
        "south": { "uv": [ 4.5, 4, 5.5, 7 ], "texture": "#texture" },
        "west":  { "uv": [ 4, 4, 5, 7 ], "texture": "#texture" },
        "east":  { "uv": [ 11, 4, 12, 7 ], "texture": "#texture" }
    }
},
{
    "from": [ 15, 9, 4 ],
    "to": [ 16, 12, 5 ],
    "faces": {
        "down":  { "uv": [ 14.5, 5, 13.5, 4 ], "texture": "#texture" },
        "up":    { "uv": [ 1.5, 4, 2.5, 5 ], "texture": "#texture" },
        "north": { "uv": [ 13.5, 4, 14.5, 7 ], "texture": "#texture" },
        "south": { "uv": [ 1.5, 4, 2.5, 7 ], "texture": "#texture" },
        "west":  { "uv": [ 4, 4, 5, 7 ], "texture": "#texture" },
        "east":  { "uv": [ 11, 4, 12, 7 ], "texture": "#texture" }
    }
},
{
    "from": [ 4.5, 9, 4 ],
    "to": [ 5.5, 12, 5 ],
    "faces": {
        "down":  { "uv": [ 11.5, 5, 10.5, 4 ], "texture": "#texture" },
        "up":    { "uv": [ 4.5, 4, 5.5, 5 ], "texture": "#texture" },
        "north": { "uv": [ 10.5, 4, 11.5, 7 ], "texture": "#texture" },
        "south": { "uv": [ 4.5, 4, 5.5, 7 ], "texture": "#texture" },
        "west":  { "uv": [ 4, 4, 5, 7 ], "texture": "#texture" },
        "east":  { "uv": [ 11, 4, 12, 7 ], "texture": "#texture" }
    }
},
{
    "from": [ 12, 9, 4 ],
    "to": [ 13, 12, 5 ],
    "faces": {
        "down":  { "uv": [ 4, 5, 3, 4 ], "texture": "#texture" },
        "up":    { "uv": [ 12, 4, 13, 5 ], "texture": "#texture" },
        "north": { "uv": [ 3, 4, 4, 7 ], "texture": "#texture" },
        "south": { "uv": [ 12, 4, 13, 7 ], "texture": "#texture" },
        "west":  { "uv": [ 4, 4, 5, 7 ], "texture": "#texture" },
        "east":  { "uv": [ 11, 4, 12, 7 ], "texture": "#texture" }
    }
},
{
    "from": [ 12.5, 11.5, 4 ],
    "to": [ 15.5, 12.5, 5 ],
    "faces": {
        "down":  { "uv": [ 14, 5, 11, 4 ], "texture": "#texture" },
        "up":    { "uv": [ 2, 4, 5, 5 ], "texture": "#texture" },
        "north": { "uv": [ 11, 3.5, 14, 4.5 ], "texture": "#texture" },
        "south": { "uv": [ 2, 3.5, 5, 4.5 ], "texture": "#texture" },
        "west":  { "uv": [ 4, 3.5, 5, 4.5 ], "texture": "#texture" },
        "east":  { "uv": [ 11, 3.5, 12, 4.5 ], "texture": "#texture" }
    }
},
{
    "from": [ 12.5, 8.5, 4 ],
    "to": [ 15.5, 9.5, 5 ],
    "faces": {
        "down":  { "uv": [ 3.5, 5, 0.5, 4 ], "texture": "#texture" },
        "up":    { "uv": [ 12.5, 4, 15.5, 5 ], "texture": "#texture" },
        "north": { "uv": [ 0.5, 6.5, 3.5, 7.5 ], "texture": "#texture" },
        "south": { "uv": [ 12.5, 6.5, 15.5, 7.5 ], "texture": "#texture" },
        "west":  { "uv": [ 4, 6.5, 5, 7.5 ], "texture": "#texture" },
        "east":  { "uv": [ 11, 6.5, 12, 7.5 ], "texture": "#texture" }
    }
},
{
    "from": [ 5.125, 9.875, 4.25 ],
    "to": [ 7.125, 10.875, 4.75 ],
    "faces": {
        "down":  { "uv": [ 10.875, 4.75, 8.875, 4.25 ], "texture": "#texture" },
        "up":    { "uv": [ 5.125, 4.25, 7.125, 4.75 ], "texture": "#texture" },
        "north": { "uv": [ 8.875, 5.125, 10.875, 6.125 ], "texture": "#texture" },
        "south": { "uv": [ 5.125, 5.125, 7.125, 6.125 ], "texture": "#texture" },
        "west":  { "uv": [ 4.25, 5.125, 4.75, 6.125 ], "texture": "#texture" },
        "east":  { "uv": [ 11.25, 5.125, 11.75, 6.125 ], "texture": "#texture" }
    }
},
{
    "from": [ 6.3125, 10.125, 3.9375 ],
    "to": [ 8.0625, 10.8125, 5.0625 ],
    "faces": {
        "down":  { "uv": [ 9.6875, 5.0625, 7.9375, 3.9375 ], "texture": "#texture" },
        "up":    { "uv": [ 6.3125, 3.9375, 8.0625, 5.0625 ], "texture": "#texture" },
        "north": { "uv": [ 7.9375, 5.1875, 9.6875, 5.875 ], "texture": "#texture" },
        "south": { "uv": [ 6.3125, 5.1875, 8.0625, 5.875 ], "texture": "#texture" },
        "west":  { "uv": [ 3.9375, 5.1875, 5.0625, 5.875 ], "texture": "#texture" },
        "east":  { "uv": [ 10.9375, 5.1875, 12.0625, 5.875 ], "texture": "#texture" }
    }
},
{
    "from": [ 7.9375, 9.9375, 4.25 ],
    "to": [ 9.9375, 10.9375, 4.75 ],
    "faces": {
        "down":  { "uv": [ 8.0625, 4.75, 6.0625, 4.25 ], "texture": "#texture" },
        "up":    { "uv": [ 7.9375, 4.25, 9.9375, 4.75 ], "texture": "#texture" },
        "north": { "uv": [ 6.0625, 5.0625, 8.0625, 6.0625 ], "texture": "#texture" },
        "south": { "uv": [ 7.9375, 5.0625, 9.9375, 6.0625 ], "texture": "#texture" },
        "west":  { "uv": [ 4.25, 5.0625, 4.75, 6.0625 ], "texture": "#texture" },
        "east":  { "uv": [ 11.25, 5.0625, 11.75, 6.0625 ], "texture": "#texture" }
    }
},
{
    "from": [ 9.25, 10.125, 3.9375 ],
    "to": [ 11, 10.8125, 5.0625 ],
    "faces": {
        "down":  { "uv": [ 6.75, 5.0625, 5, 3.9375 ], "texture": "#texture" },
        "up":    { "uv": [ 9.25, 3.9375, 11, 5.0625 ], "texture": "#texture" },
        "north": { "uv": [ 5, 5.1875, 6.75, 5.875 ], "texture": "#texture" },
        "south": { "uv": [ 9.25, 5.1875, 11, 5.875 ], "texture": "#texture" },
        "west":  { "uv": [ 3.9375, 5.1875, 5.0625, 5.875 ], "texture": "#texture" },
        "east":  { "uv": [ 10.9375, 5.1875, 12.0625, 5.875 ], "texture": "#texture" }
    }
},
{
    "from": [ 10.5625, 10, 4.25 ],
    "to": [ 12.5625, 11, 4.75 ],
    "faces": {
        "down":  { "uv": [ 5.4375, 4.75, 3.4375, 4.25 ], "texture": "#texture" },
        "up":    { "uv": [ 10.5625, 4.25, 12.5625, 4.75 ], "texture": "#texture" },
        "north": { "uv": [ 3.4375, 5, 5.4375, 6 ], "texture": "#texture" },
        "south": { "uv": [ 10.5625, 5, 12.5625, 6 ], "texture": "#texture" },
        "west":  { "uv": [ 4.25, 5, 4.75, 6 ], "texture": "#texture" },
        "east":  { "uv": [ 11.25, 5, 11.75, 6 ], "texture": "#texture" }
    }
},
{
    "from": [ 4.3125, 10, 4.5 ],
    "to": [ 6, 10.8125, 5.3125 ],
    "faces": {
        "down":  { "uv": [ 11.6875, 5.3125, 10, 4.5 ], "texture": "#texture" },
        "up":    { "uv": [ 4.3125, 4.5, 6, 5.3125 ], "texture": "#texture" },
        "north": { "uv": [ 10, 5.1875, 11.6875, 6 ], "texture": "#texture" },
        "south": { "uv": [ 4.3125, 5.1875, 6, 6 ], "texture": "#texture" },
        "west":  { "uv": [ 4.5, 5.1875, 5.3125, 6 ], "texture": "#texture" },
        "east":  { "uv": [ 10.6875, 5.1875, 11.5, 6 ], "texture": "#texture" }
    }
},
{
    "from": [ 11.6875, 10.125, 4.5 ],
    "to": [ 13.375, 10.9375, 5.3125 ],
    "faces": {
        "down":  { "uv": [ 4.3125, 5.3125, 2.625, 4.5 ], "texture": "#texture" },
        "up":    { "uv": [ 11.6875, 4.5, 13.375, 5.3125 ], "texture": "#texture" },
        "north": { "uv": [ 2.625, 5.0625, 4.3125, 5.875 ], "texture": "#texture" },
        "south": { "uv": [ 11.6875, 5.0625, 13.375, 5.875 ], "texture": "#texture" },
        "west":  { "uv": [ 4.5, 5.0625, 5.3125, 5.875 ], "texture": "#texture" },
        "east":  { "uv": [ 10.6875, 5.0625, 11.5, 5.875 ], "texture": "#texture" }
    }
},
{
    "from": [ 2.375, 11.625, 4.25 ],
    "to": [ 4.8125, 12.4375, 5.25 ],
    "faces": {
        "down":  { "uv": [ 13.625, 5.25, 11.1875, 4.25 ], "texture": "#texture" },
        "up":    { "uv": [ 2.375, 4.25, 4.8125, 5.25 ], "texture": "#texture" },
        "north": { "uv": [ 11.1875, 3.5625, 13.625, 4.375 ], "texture": "#texture" },
        "south": { "uv": [ 2.375, 3.5625, 4.8125, 4.375 ], "texture": "#texture" },
        "west":  { "uv": [ 4.25, 3.5625, 5.25, 4.375 ], "texture": "#texture" },
        "east":  { "uv": [ 10.75, 3.5625, 11.75, 4.375 ], "texture": "#texture" }
    }
},
{
    "from": [ 12.8125, 11.625, 4.25 ],
    "to": [ 15.25, 12.4375, 5.25 ],
    "faces": {
        "down":  { "uv": [ 3.1875, 5.25, 0.75, 4.25 ], "texture": "#texture" },
        "up":    { "uv": [ 12.8125, 4.25, 15.25, 5.25 ], "texture": "#texture" },
        "north": { "uv": [ 0.75, 3.5625, 3.1875, 4.375 ], "texture": "#texture" },
        "south": { "uv": [ 12.8125, 3.5625, 15.25, 4.375 ], "texture": "#texture" },
        "west":  { "uv": [ 4.25, 3.5625, 5.25, 4.375 ], "texture": "#texture" },
        "east":  { "uv": [ 10.75, 3.5625, 11.75, 4.375 ], "texture": "#texture" }
    }
},
{
    "from": [ 12.8125, 11.5625, 4.25 ],
    "to": [ 15.25, 12.375, 5.25 ],
    "faces": {
        "down":  { "uv": [ 3.1875, 5.25, 0.75, 4.25 ], "texture": "#texture" },
        "up":    { "uv": [ 12.8125, 4.25, 15.25, 5.25 ], "texture": "#texture" },
        "north": { "uv": [ 0.75, 3.625, 3.1875, 4.4375 ], "texture": "#texture" },
        "south": { "uv": [ 12.8125, 3.625, 15.25, 4.4375 ], "texture": "#texture" },
        "west":  { "uv": [ 4.25, 3.625, 5.25, 4.4375 ], "texture": "#texture" },
        "east":  { "uv": [ 10.75, 3.625, 11.75, 4.4375 ], "texture": "#texture" }
    }
},
{
    "from": [ 12.8125, 8.625, 4.25 ],
    "to": [ 15.25, 9.4375, 5.25 ],
    "faces": {
        "down":  { "uv": [ 3.1875, 5.25, 0.75, 4.25 ], "texture": "#texture" },
        "up":    { "uv": [ 12.8125, 4.25, 15.25, 5.25 ], "texture": "#texture" },
        "north": { "uv": [ 0.75, 6.5625, 3.1875, 7.375 ], "texture": "#texture" },
        "south": { "uv": [ 12.8125, 6.5625, 15.25, 7.375 ], "texture": "#texture" },
        "west":  { "uv": [ 4.25, 6.5625, 5.25, 7.375 ], "texture": "#texture" },
        "east":  { "uv": [ 10.75, 6.5625, 11.75, 7.375 ], "texture": "#texture" }
    }
},
{
    "from": [ 2.25, 8.5625, 4.25 ],
    "to": [ 4.6875, 9.375, 5.25 ],
    "faces": {
        "down":  { "uv": [ 13.75, 5.25, 11.3125, 4.25 ], "texture": "#texture" },
        "up":    { "uv": [ 2.25, 4.25, 4.6875, 5.25 ], "texture": "#texture" },
        "north": { "uv": [ 11.3125, 6.625, 13.75, 7.4375 ], "texture": "#texture" },
        "south": { "uv": [ 2.25, 6.625, 4.6875, 7.4375 ], "texture": "#texture" },
        "west":  { "uv": [ 4.25, 6.625, 5.25, 7.4375 ], "texture": "#texture" },
        "east":  { "uv": [ 10.75, 6.625, 11.75, 7.4375 ], "texture": "#texture" }
    }
}
],
"display": {
    "thirdperson_righthand": {
        "rotation": [ 0, 99, 0 ],
        "translation": [ 1.7, -2.27, -4.16 ],
        "scale": [ 0.7, 0.8, 0.8 ]
    },
    "thirdperson_lefthand": {
        "rotation": [ 0, 99, 0 ],
        "translation": [ 1.7, -2.27, -4.16 ],
        "scale": [ 0.7, 0.8, 0.8 ]
    },
    "ground": {
        "rotation": [ 0, 0, 0 ],
        "translation": [ 0, 0, 0 ],
        "scale": [ 0.6, 0.6, 0.6 ]
    },
    "fixed": {
        "rotation": [ 0, 180, 0 ],
        "translation": [ 0, 0, -3.97 ],
        "scale": [ 1, 1, 1 ]
    },
    "firstperson_righthand": {
        "rotation": [ 52, -96, 0 ],
        "translation": [ -3.59, 3.21, 1.7 ],
        "scale": [ 0.76, 0.82, 0.91 ]
    },
    "firstperson_lefthand": {
        "rotation": [ 52, -96, 0 ],
        "translation": [ -3.59, 3.21, 1.7 ],
        "scale": [ 0.76, 0.82, 0.91 ]
    },
    "gui": {
        "rotation": [ -33, 38, 0 ],
        "translation": [ 1.89, -0.76, -7.18 ],
        "scale": [ 1.2, 1.2, 1.2 ]
    }
}
}