{
	"parent": "item/handheld",
	"textures": {
		"layer0": "items/iron_pickaxe"
	},
	"overrides": [
		{ "predicate": { "damage": 0 }, "model": "item/iron_pickaxe" },
		{ "predicate": { "damaged": 0, "damage": 0.004 }, "model": "custom/items/elytrabooster" },
		{ "predicate": { "damaged": 0, "damage": 0.008 }, "model": "custom/items/abilitycooldown" },
		{ "predicate": { "damaged": 0, "damage": 0.012 }, "model": "custom/items/extrauurloon" },
		{ "predicate": { "damaged": 0, "damage": 0.016 }, "model": "custom/items/featherfalling" },
		{ "predicate": { "damaged": 0, "damage": 0.02 }, "model": "custom/items/gold1" },
		{ "predicate": { "damaged": 0, "damage": 0.024 }, "model": "custom/items/gold2" },
		{ "predicate": { "damaged": 0, "damage": 0.028 }, "model": "custom/items/gold3" },
		{ "predicate": { "damaged": 0, "damage": 0.032 }, "model": "custom/items/gold4" },
		{ "predicate": { "damaged": 0, "damage": 0.036 }, "model": "custom/items/gold5" },
		{ "predicate": { "damaged": 0, "damage": 0.04 }, "model": "custom/items/grayshardbooster" },
		{ "predicate": { "damaged": 0, "damage": 0.044 }, "model": "custom/items/healthboost" },
		{ "predicate": { "damaged": 0, "damage": 0.048 }, "model": "custom/items/jumpboost" },
		{ "predicate": { "damaged": 0, "damage": 0.052 }, "model": "custom/items/kofferuitbreiding" },
		{ "predicate": { "damaged": 0, "damage": 0.056 }, "model": "custom/items/kortingreizen" },
		{ "predicate": { "damaged": 0, "damage": 0.06 }, "model": "custom/items/lobbyxp" },
		{ "predicate": { "damaged": 0, "damage": 0.064 }, "model": "custom/items/minderbenzine" },
		{ "predicate": { "damaged": 0, "damage": 0.068 }, "model": "custom/items/minderdrinken" },
		{ "predicate": { "damaged": 0, "damage": 0.072 }, "model": "custom/items/mineboost" },
		{ "predicate": { "damaged": 0, "damage": 0.076 }, "model": "custom/items/speedboost" },
		{ "predicate": { "damaged": 0, "damage": 0.08 }, "model": "custom/items/wapenstokcooldown" },
		{ "predicate": { "damaged": 0, "damage": 0.084 }, "model": "custom/items/waterbreathing" },
		{ "predicate": { "damaged": 0, "damage": 0.088 }, "model": "custom/items/zwemspeed" },
		{ "predicate": { "damaged": 0, "damage": 0.092 }, "model": "custom/items/badge_city1" },
		{ "predicate": { "damaged": 0, "damage": 0.096 }, "model": "custom/items/badge_duikbril1" },
		{ "predicate": { "damaged": 0, "damage": 0.1 }, "model": "custom/items/badge_elytra1" },
		{ "predicate": { "damaged": 0, "damage": 0.104 }, "model": "custom/items/badge_gatinschoen1" },
		{ "predicate": { "damaged": 0, "damage": 0.108 }, "model": "custom/items/badge_ladder1" },
		{ "predicate": { "damaged": 0, "damage": 0.112 }, "model": "custom/items/badge_lucky1" },
		{ "predicate": { "damaged": 0, "damage": 0.116 }, "model": "custom/items/badge_sportschoenen1" },
		{ "predicate": { "damaged": 0, "damage": 0.12 }, "model": "custom/items/badge_spring1" },
		{ "predicate": { "damaged": 0, "damage": 0.124 }, "model": "custom/items/badge_unlucky1" },
		{ "predicate": { "damaged": 0, "damage": 0.128 }, "model": "custom/items/badge_vergrootglas1" },
		{ "predicate": { "damaged": 0, "damage": 0.132 }, "model": "custom/items/badge_wandelschoen1" },
		{ "predicate": { "damaged": 0, "damage": 0.136 }, "model": "custom/items/badge_eten1" },
		{ "predicate": { "damaged": 0, "damage": 0.14 }, "model": "custom/items/badge_drinken1" },
		{ "predicate": { "damaged": 0, "damage": 0.144 }, "model": "custom/items/badge_aanwezig1" },
		{ "predicate": { "damaged": 0, "damage": 0.148 }, "model": "custom/items/badge_gezondeten1" },
		{ "predicate": { "damaged": 0, "damage": 0.152 }, "model": "custom/items/badge_kampeerder1" },
		{ "predicate": { "damaged": 0, "damage": 0.156 }, "model": "custom/items/badge_money1" },
		{ "predicate": { "damaged": 0, "damage": 0.16 }, "model": "custom/items/badge_social1" },
		{ "predicate": { "damaged": 0, "damage": 0.164 }, "model": "custom/items/badge_tropischeeter1" },
		{ "predicate": { "damaged": 0, "damage": 0.168 }, "model": "custom/items/silver1" },
		{ "predicate": { "damaged": 0, "damage": 0.172 }, "model": "custom/items/silver2" },
		{ "predicate": { "damaged": 0, "damage": 0.176 }, "model": "custom/items/silver3" },
		{ "predicate": { "damaged": 0, "damage": 0.18 }, "model": "custom/items/silver4" },
		{ "predicate": { "damaged": 0, "damage": 0.184 }, "model": "custom/items/silver5" },
		{ "predicate": { "damaged": 0, "damage": 0.188 }, "model": "custom/items/crimineel" },
		{ "predicate": { "damaged": 0, "damage": 0.192 }, "model": "custom/items/money" },
		{ "predicate": { "damaged": 0, "damage": 0.196 }, "model": "custom/items/battlefieldgun" },
		{ "predicate": { "damaged": 0, "damage": 0.2 }, "model": "custom/items/koelbox" },
		{ "predicate": { "damaged": 0, "damage": 0.204 }, "model": "custom/items/lowgravity" },
		{ "predicate": { "damaged": 0, "damage": 0.208 }, "model": "custom/items/travelbypass" },
		{ "predicate": { "damaged": 0, "damage": 0.212 }, "model": "custom/items/zakkenrollen" },
		{ "predicate": { "damaged": 1 }, "model": "item/iron_pickaxe" }
	]
}
