{
"__comment": "Designed by Eagleshooter217 with BDcraft Cubik PRO 0.96 Beta - http://bdcraft.net",
"textures": {
    "texture": "block/anvil_base",
    "hardened_clay_stained_yellow": "block/hardened_clay_stained_yellow",
    "redstone_torch_on": "block/redstone_torch_on",
    "iron_block": "block/iron_block"
},
"elements": [ 
{
    "from": [ 3.68733, 4.75, 5.9375 ],
    "to": [ 5.68733, 9.8125, 7.4375 ],
    "rotation": { "origin": [ 3.68733, 9.8125, 5.9375 ], "axis": "z", "angle": -22.5 },
    "faces": {
        "down":  { "uv": [ 3.6875, 5.9375, 5.6875, 7.4375 ], "texture": "#texture" },
        "up":    { "uv": [ 3.6875, 5.9375, 5.6875, 7.4375 ], "texture": "#texture" },
        "north": { "uv": [ 3.6875, 6.1875, 5.6875, 11.25 ], "texture": "#texture" },
        "south": { "uv": [ 3.6875, 6.1875, 5.6875, 11.25 ], "texture": "#texture" },
        "west":  { "uv": [ 5.9375, 6.1875, 7.4375, 11.25 ], "texture": "#texture" },
        "east":  { "uv": [ 5.9375, 6.1875, 7.4375, 11.25 ], "texture": "#texture" }
    }
},
{
    "from": [ 2.5, 7.5625, 5.75 ],
    "to": [ 10, 11.125, 7.625 ],
    "faces": {
        "down":  { "uv": [ 13.5, 7.6875, 6, 5.75 ], "texture": "#texture" },
        "up":    { "uv": [ 2.5, 5.75, 10, 7.6875 ], "texture": "#texture" },
        "north": { "uv": [ 6, 4.875, 13.5, 8.4375 ], "texture": "#hardened_clay_stained_yellow" },
        "south": { "uv": [ 2.5, 4.875, 10, 8.4375 ], "texture": "#hardened_clay_stained_yellow" },
        "west":  { "uv": [ 5.75, 4.875, 7.6875, 8.4375 ], "texture": "#texture" },
        "east":  { "uv": [ 8.3125, 4.875, 10.25, 8.4375 ], "texture": "#texture" }
    }
},
{
    "from": [ 8.5625, 7.5, 5.5625 ],
    "to": [ 10.3125, 11.1875, 7.8125 ],
    "faces": {
        "down":  { "uv": [ 8.5, 5.5, 10.25, 7.6875 ], "texture": "#texture" },
        "up":    { "uv": [ 8.5, 5.5, 10.25, 7.6875 ], "texture": "#texture" },
        "north": { "uv": [ 8.5, 4.8125, 10.25, 8.5 ], "texture": "#texture" },
        "south": { "uv": [ 8.5, 4.8125, 10.25, 8.5 ], "texture": "#texture" },
        "west":  { "uv": [ 5.5, 4.8125, 7.6875, 8.5 ], "texture": "#texture" },
        "east":  { "uv": [ 5.5, 4.8125, 7.6875, 8.5 ], "texture": "#texture" }
    }
},
{
    "from": [ 6.375, 6.5, 5.75 ],
    "to": [ 8.125, 7.5625, 7.625 ],
    "faces": {
        "down":  { "uv": [ 14.5, 5, 13.5, 4 ], "texture": "#texture" },
        "up":    { "uv": [ 1.5, 4, 2.5, 5 ], "texture": "#texture" },
        "north": { "uv": [ 13.5, 5.5, 14.5, 7 ], "texture": "#hardened_clay_stained_yellow" },
        "south": { "uv": [ 1.5, 5.5, 2.5, 7 ], "texture": "#hardened_clay_stained_yellow" },
        "west":  { "uv": [ 4, 5.5, 5, 7 ], "texture": "#texture" },
        "east":  { "uv": [ 11, 5.5, 12, 7 ], "texture": "#texture" }
    }
},
{
    "from": [ 4.9375, 6.5, 5.9375 ],
    "to": [ 5.3125, 7.75, 7.4375 ],
    "rotation": { "origin": [ 4.9375, 7.75, 5.9375 ], "axis": "z", "angle": 22.5 },
    "faces": {
        "down":  { "uv": [ 4.9375, 5.9375, 5.3125, 7.4375 ], "texture": "#texture" },
        "up":    { "uv": [ 4.9375, 5.9375, 5.3125, 7.4375 ], "texture": "#texture" },
        "north": { "uv": [ 4.9375, 8.25, 5.3125, 9.5 ], "texture": "#texture" },
        "south": { "uv": [ 4.9375, 8.25, 5.3125, 9.5 ], "texture": "#texture" },
        "west":  { "uv": [ 5.9375, 8.25, 7.4375, 9.5 ], "texture": "#texture" },
        "east":  { "uv": [ 5.9375, 8.25, 7.4375, 9.5 ], "texture": "#texture" }
    }
},
{
    "from": [ 6.125, 6.375, 5.9375 ],
    "to": [ 8.5, 8, 7.375 ],
    "faces": {
        "down":  { "uv": [ 6.4375, 5.9375, 9.3125, 7.4375 ], "texture": "#texture" },
        "up":    { "uv": [ 6.4375, 5.9375, 9.3125, 7.4375 ], "texture": "#texture" },
        "north": { "uv": [ 6.4375, 8, 9.3125, 9.625 ], "texture": "#texture" },
        "south": { "uv": [ 6.4375, 8, 9.3125, 9.625 ], "texture": "#texture" },
        "west":  { "uv": [ 5.9375, 8, 7.4375, 9.625 ], "texture": "#texture" },
        "east":  { "uv": [ 5.9375, 8, 7.4375, 9.625 ], "texture": "#texture" }
    }
},
{
    "from": [ 4.1875, 6, 6.0625 ],
    "to": [ 7.75, 6.375, 7.25 ],
    "faces": {
        "down":  { "uv": [ 6.4375, 5.9375, 7.75, 7.4375 ], "texture": "#texture" },
        "up":    { "uv": [ 6.4375, 5.9375, 7.75, 7.4375 ], "texture": "#texture" },
        "north": { "uv": [ 6.4375, 9.625, 7.75, 9.875 ], "texture": "#texture" },
        "south": { "uv": [ 6.4375, 9.625, 7.75, 9.875 ], "texture": "#texture" },
        "west":  { "uv": [ 5.9375, 9.625, 7.4375, 9.875 ], "texture": "#texture" },
        "east":  { "uv": [ 5.9375, 9.625, 7.4375, 9.875 ], "texture": "#texture" }
    }
},
{
    "from": [ 8.5, 6.5625, 6.375 ],
    "to": [ 8.5625, 7.0625, 6.875 ],
    "faces": {
        "down":  { "uv": [ 7.5, 6.875, 7.4375, 6.375 ], "texture": "#texture" },
        "up":    { "uv": [ 8.5, 6.375, 8.5625, 6.875 ], "texture": "#texture" },
        "north": { "uv": [ 7.4375, 8.9375, 7.5, 9.4375 ], "texture": "#texture" },
        "south": { "uv": [ 8.5, 8.9375, 8.5625, 9.4375 ], "texture": "#texture" },
        "west":  { "uv": [ 6.5, 5, 9.5, 8 ], "texture": "#texture" },
        "east":  { "uv": [ 7, 5.5, 9, 7.5 ], "texture": "#redstone_torch_on" }
    }
},
{
    "from": [ 8.5, 7.0625, 5.9375 ],
    "to": [ 9.5, 7.5625, 7.375 ],
    "faces": {
        "down":  { "uv": [ 8.5, 5.9375, 9.5, 7.375 ], "texture": "#texture" },
        "up":    { "uv": [ 8.5, 5.9375, 9.5, 7.375 ], "texture": "#texture" },
        "north": { "uv": [ 8.5, 8.4375, 9.5, 8.9375 ], "texture": "#texture" },
        "south": { "uv": [ 8.5, 8.4375, 9.5, 8.9375 ], "texture": "#texture" },
        "west":  { "uv": [ 5.9375, 8.4375, 7.375, 8.9375 ], "texture": "#texture" },
        "east":  { "uv": [ 5.9375, 8.4375, 7.375, 8.9375 ], "texture": "#texture" }
    }
},
{
    "from": [ 2.3125, 7.5, 5.5625 ],
    "to": [ 3.875, 11.1875, 7.8125 ],
    "faces": {
        "down":  { "uv": [ 8.5, 5.5, 10.25, 7.6875 ], "texture": "#texture" },
        "up":    { "uv": [ 8.5, 5.5, 10.25, 7.6875 ], "texture": "#texture" },
        "north": { "uv": [ 8.5, 4.8125, 10.25, 8.5 ], "texture": "#texture" },
        "south": { "uv": [ 8.5, 4.8125, 10.25, 8.5 ], "texture": "#texture" },
        "west":  { "uv": [ 5.5, 4.8125, 7.6875, 8.5 ], "texture": "#texture" },
        "east":  { "uv": [ 5.5, 4.8125, 7.6875, 8.5 ], "texture": "#texture" }
    }
},
{
    "from": [ 3.75, 10.625, 7.5 ],
    "to": [ 8.75, 11.125, 7.75 ],
    "faces": {
        "down":  { "uv": [ 12.25, 7.75, 7.25, 7.5 ], "texture": "#texture" },
        "up":    { "uv": [ 3.75, 7.5, 8.75, 7.75 ], "texture": "#texture" },
        "north": { "uv": [ 7.25, 4.875, 12.25, 5.375 ], "texture": "#texture" },
        "south": { "uv": [ 3.75, 4.875, 8.75, 5.375 ], "texture": "#texture" },
        "west":  { "uv": [ 7.5, 4.875, 7.75, 5.375 ], "texture": "#texture" },
        "east":  { "uv": [ 8.25, 4.875, 8.5, 5.375 ], "texture": "#texture" }
    }
},
{
    "from": [ 2.5, 11, 6.1875 ],
    "to": [ 3.3125, 11.5, 6.5 ],
    "faces": {
        "down":  { "uv": [ 13.5, 6.5, 12.6875, 6.1875 ], "texture": "#texture" },
        "up":    { "uv": [ 2.5, 6.1875, 3.3125, 6.5 ], "texture": "#texture" },
        "north": { "uv": [ 12.6875, 4.5, 13.5, 5 ], "texture": "#texture" },
        "south": { "uv": [ 2.5, 4.5, 3.3125, 5 ], "texture": "#texture" },
        "west":  { "uv": [ 6.1875, 4.5, 6.5, 5 ], "texture": "#texture" },
        "east":  { "uv": [ 9.5, 4.5, 9.8125, 5 ], "texture": "#texture" }
    }
},
{
    "from": [ 2.5, 11, 6.8125 ],
    "to": [ 3.3125, 11.5, 7.125 ],
    "faces": {
        "down":  { "uv": [ 13.5, 7.125, 12.6875, 6.8125 ], "texture": "#texture" },
        "up":    { "uv": [ 2.5, 6.8125, 3.3125, 7.125 ], "texture": "#texture" },
        "north": { "uv": [ 12.6875, 4.5, 13.5, 5 ], "texture": "#texture" },
        "south": { "uv": [ 2.5, 4.5, 3.3125, 5 ], "texture": "#texture" },
        "west":  { "uv": [ 6.8125, 4.5, 7.125, 5 ], "texture": "#texture" },
        "east":  { "uv": [ 8.875, 4.5, 9.1875, 5 ], "texture": "#texture" }
    }
},
{
    "from": [ 2.5625, 10.8125, 6.1875 ],
    "to": [ 3.375, 11.3125, 6.5 ],
    "rotation": { "origin": [ 2.5625, 11.3125, 6.1875 ], "axis": "z", "angle": 22.5 },
    "faces": {
        "down":  { "uv": [ 13.5, 6.5, 12.6875, 6.1875 ], "texture": "#texture" },
        "up":    { "uv": [ 2.5, 6.1875, 3.3125, 6.5 ], "texture": "#texture" },
        "north": { "uv": [ 12.6875, 4.5, 13.5, 5 ], "texture": "#texture" },
        "south": { "uv": [ 2.5, 4.5, 3.3125, 5 ], "texture": "#texture" },
        "west":  { "uv": [ 6.1875, 4.5, 6.5, 5 ], "texture": "#texture" },
        "east":  { "uv": [ 9.5, 4.5, 9.8125, 5 ], "texture": "#texture" }
    }
},
{
    "from": [ 2.5625, 10.8125, 6.8125 ],
    "to": [ 3.375, 11.3125, 7.125 ],
    "rotation": { "origin": [ 2.5625, 11.3125, 6.8125 ], "axis": "z", "angle": 22.5 },
    "faces": {
        "down":  { "uv": [ 13.5, 7.125, 12.6875, 6.8125 ], "texture": "#texture" },
        "up":    { "uv": [ 2.5, 6.8125, 3.3125, 7.125 ], "texture": "#texture" },
        "north": { "uv": [ 12.6875, 4.5, 13.5, 5 ], "texture": "#texture" },
        "south": { "uv": [ 2.5, 4.5, 3.3125, 5 ], "texture": "#texture" },
        "west":  { "uv": [ 6.8125, 4.5, 7.125, 5 ], "texture": "#texture" },
        "east":  { "uv": [ 8.875, 4.5, 9.1875, 5 ], "texture": "#texture" }
    }
},
{
    "from": [ 10.1875, 9.5, 5.875 ],
    "to": [ 10.625, 11, 7.4375 ],
    "faces": {
        "down":  { "uv": [ 12.5, 7.75, 7.5, 7.5 ], "texture": "#texture" },
        "up":    { "uv": [ 3.5, 7.5, 8.5, 7.75 ], "texture": "#texture" },
        "north": { "uv": [ 7.5, 6.5, 12.5, 7 ], "texture": "#texture" },
        "south": { "uv": [ 3.5, 6.5, 8.5, 7 ], "texture": "#texture" },
        "west":  { "uv": [ 7.5, 6.5, 7.75, 7 ], "texture": "#texture" },
        "east":  { "uv": [ 8.25, 6.5, 8.5, 7 ], "texture": "#texture" }
    }
},
{
    "from": [ 3.6875, 10.625, 5.625 ],
    "to": [ 8.6875, 11.125, 5.875 ],
    "faces": {
        "down":  { "uv": [ 12.3125, 5.875, 7.3125, 5.625 ], "texture": "#texture" },
        "up":    { "uv": [ 3.6875, 5.625, 8.6875, 5.875 ], "texture": "#texture" },
        "north": { "uv": [ 7.3125, 4.875, 12.3125, 5.375 ], "texture": "#texture" },
        "south": { "uv": [ 3.6875, 4.875, 8.6875, 5.375 ], "texture": "#texture" },
        "west":  { "uv": [ 5.625, 4.875, 5.875, 5.375 ], "texture": "#texture" },
        "east":  { "uv": [ 10.125, 4.875, 10.375, 5.375 ], "texture": "#texture" }
    }
},
{
    "from": [ 4.5, 8.1875, 7.5 ],
    "to": [ 5.0625, 10.25, 7.75 ],
    "faces": {
        "down":  { "uv": [ 11.5, 7.75, 10.9375, 7.5 ], "texture": "#texture" },
        "up":    { "uv": [ 4.5, 7.5, 5.0625, 7.75 ], "texture": "#texture" },
        "north": { "uv": [ 10.9375, 5.75, 11.5, 7.8125 ], "texture": "#texture" },
        "south": { "uv": [ 4.5, 5.75, 5.0625, 7.8125 ], "texture": "#texture" },
        "west":  { "uv": [ 7.5, 5.75, 7.75, 7.8125 ], "texture": "#texture" },
        "east":  { "uv": [ 8.25, 5.75, 8.5, 7.8125 ], "texture": "#texture" }
    }
},
{
    "from": [ 5.3125, 8.1875, 7.5 ],
    "to": [ 5.875, 10.25, 7.75 ],
    "faces": {
        "down":  { "uv": [ 10.6875, 7.75, 10.125, 7.5 ], "texture": "#texture" },
        "up":    { "uv": [ 5.3125, 7.5, 5.875, 7.75 ], "texture": "#texture" },
        "north": { "uv": [ 10.125, 5.75, 10.6875, 7.8125 ], "texture": "#texture" },
        "south": { "uv": [ 5.3125, 5.75, 5.875, 7.8125 ], "texture": "#texture" },
        "west":  { "uv": [ 7.5, 5.75, 7.75, 7.8125 ], "texture": "#texture" },
        "east":  { "uv": [ 8.25, 5.75, 8.5, 7.8125 ], "texture": "#texture" }
    }
},
{
    "from": [ 6.125, 8.1875, 7.5 ],
    "to": [ 6.6875, 10.25, 7.75 ],
    "faces": {
        "down":  { "uv": [ 9.875, 7.75, 9.3125, 7.5 ], "texture": "#texture" },
        "up":    { "uv": [ 6.125, 7.5, 6.6875, 7.75 ], "texture": "#texture" },
        "north": { "uv": [ 9.3125, 5.75, 9.875, 7.8125 ], "texture": "#texture" },
        "south": { "uv": [ 6.125, 5.75, 6.6875, 7.8125 ], "texture": "#texture" },
        "west":  { "uv": [ 7.5, 5.75, 7.75, 7.8125 ], "texture": "#texture" },
        "east":  { "uv": [ 8.25, 5.75, 8.5, 7.8125 ], "texture": "#texture" }
    }
},
{
    "from": [ 6.125, 8.1875, 5.625 ],
    "to": [ 6.6875, 10.25, 5.875 ],
    "faces": {
        "down":  { "uv": [ 9.875, 5.875, 9.3125, 5.625 ], "texture": "#texture" },
        "up":    { "uv": [ 6.125, 5.625, 6.6875, 5.875 ], "texture": "#texture" },
        "north": { "uv": [ 9.3125, 5.75, 9.875, 7.8125 ], "texture": "#texture" },
        "south": { "uv": [ 6.125, 5.75, 6.6875, 7.8125 ], "texture": "#texture" },
        "west":  { "uv": [ 5.625, 5.75, 5.875, 7.8125 ], "texture": "#texture" },
        "east":  { "uv": [ 10.125, 5.75, 10.375, 7.8125 ], "texture": "#texture" }
    }
},
{
    "from": [ 5.3125, 8.1875, 5.625 ],
    "to": [ 5.875, 10.25, 5.875 ],
    "faces": {
        "down":  { "uv": [ 10.6875, 5.875, 10.125, 5.625 ], "texture": "#texture" },
        "up":    { "uv": [ 5.3125, 5.625, 5.875, 5.875 ], "texture": "#texture" },
        "north": { "uv": [ 10.125, 5.75, 10.6875, 7.8125 ], "texture": "#texture" },
        "south": { "uv": [ 5.3125, 5.75, 5.875, 7.8125 ], "texture": "#texture" },
        "west":  { "uv": [ 5.625, 5.75, 5.875, 7.8125 ], "texture": "#texture" },
        "east":  { "uv": [ 10.125, 5.75, 10.375, 7.8125 ], "texture": "#texture" }
    }
},
{
    "from": [ 4.5, 8.1875, 5.625 ],
    "to": [ 5.0625, 10.25, 5.875 ],
    "faces": {
        "down":  { "uv": [ 11.5, 5.875, 10.9375, 5.625 ], "texture": "#texture" },
        "up":    { "uv": [ 4.5, 5.625, 5.0625, 5.875 ], "texture": "#texture" },
        "north": { "uv": [ 10.9375, 5.75, 11.5, 7.8125 ], "texture": "#texture" },
        "south": { "uv": [ 4.5, 5.75, 5.0625, 7.8125 ], "texture": "#texture" },
        "west":  { "uv": [ 5.625, 5.75, 5.875, 7.8125 ], "texture": "#texture" },
        "east":  { "uv": [ 10.125, 5.75, 10.375, 7.8125 ], "texture": "#texture" }
    }
},
{
    "from": [ 10.1875, 10.1875, 7 ],
    "to": [ 11, 10.5, 7.1875 ],
    "faces": {
        "down":  { "uv": [ 11, 6, 11.4375, 7.5625 ], "texture": "#iron_block" },
        "up":    { "uv": [ 11, 6, 11.4375, 7.5625 ], "texture": "#iron_block" },
        "north": { "uv": [ 11, 5, 11.4375, 6.5 ], "texture": "#iron_block" },
        "south": { "uv": [ 11, 5, 11.4375, 6.5 ], "texture": "#iron_block" },
        "west":  { "uv": [ 6, 5, 7.5625, 6.5 ], "texture": "#iron_block" },
        "east":  { "uv": [ 6, 5, 7.5625, 6.5 ], "texture": "#iron_block" }
    }
},
{
    "from": [ 10.1875, 10.1875, 6.125 ],
    "to": [ 11, 10.5, 6.3125 ],
    "faces": {
        "down":  { "uv": [ 11, 6, 11.4375, 7.5625 ], "texture": "#iron_block" },
        "up":    { "uv": [ 11, 6, 11.4375, 7.5625 ], "texture": "#iron_block" },
        "north": { "uv": [ 11, 5, 11.4375, 6.5 ], "texture": "#iron_block" },
        "south": { "uv": [ 11, 5, 11.4375, 6.5 ], "texture": "#iron_block" },
        "west":  { "uv": [ 6, 5, 7.5625, 6.5 ], "texture": "#iron_block" },
        "east":  { "uv": [ 6, 5, 7.5625, 6.5 ], "texture": "#iron_block" }
    }
}
],
"display": {
    "thirdperson_righthand": {
        "rotation": [ 0, 90, 0 ],
        "translation": [ 1.13, 0.57, -1.89 ],
        "scale": [ 0.8, 0.8, 0.8 ]
    },
    "thirdperson_lefthand": {
        "rotation": [ 0, -90, 0 ],
        "translation": [ -1.13, 0.56, -1.89 ],
        "scale": [ 0.8, 0.8, 0.8 ]
    },
    "ground": {
        "rotation": [ 0, 0, 0 ],
        "translation": [ 0, 2.65, 0 ],
        "scale": [ 0.6, 0.6, 0.6 ]
    },
    "fixed": {
        "rotation": [ 0, 0, 0 ],
        "translation": [ 3.21, 0, 0.57 ],
        "scale": [ 2, 2, 0.6 ]
    },
    "firstperson_righthand": {
        "rotation": [ 0, 88, 0 ],
        "translation": [ -0.5, 2, 0 ],
        "scale": [ 1, 1, 1 ]
    },
    "firstperson_lefthand": {
        "rotation": [ 0, 88, 0 ],
        "translation": [ -1.7, -2.08, 0 ],
        "scale": [ 1, 1, 1 ]
    },
    "gui": {
        "rotation": [ 20, -130, 0 ],
        "translation": [ -3.4, -1.13, 0 ],
        "scale": [ 1.6, 1.6, 1.6 ]
    }
}
}