{
	"parent": "item/generated",
	"textures": {
		"layer0": "item/shears"
	},
	"overrides": [
		{ "predicate": { "damage": 0 }, "model": "item/shears" },
		{ "predicate": { "damaged": 0, "damage": 0.004201680672269 }, "model": "custom/items/duikbril_geel" },
		{ "predicate": { "damaged": 0, "damage": 0.008403361344538 }, "model": "custom/items/duikbril_groen" },
		{ "predicate": { "damaged": 0, "damage": 0.012605042016807 }, "model": "custom/items/duikbril_roze" },
		{ "predicate": { "damaged": 0, "damage": 0.016806722689076 }, "model": "custom/items/duikbril_blauw" },
		{ "predicate": { "damaged": 0, "damage": 0.021008403361345 }, "model": "custom/items/duikbril_geel_duffy" },
		{ "predicate": { "damaged": 0, "damage": 0.025210084033613 }, "model": "custom/items/bouwhelm" },
		{ "predicate": { "damaged": 0, "damage": 0.029411764705882 }, "model": "custom/items/gokuhair" },
		{ "predicate": { "damaged": 0, "damage": 0.033613445378151 }, "model": "custom/items/pinguinhead" },
		{ "predicate": { "damaged": 0, "damage": 0.03781512605042 }, "model": "custom/items/eenhoornhead" },
		{ "predicate": { "damaged": 0, "damage": 0.042016806722689 }, "model": "custom/items/kerstmanhead" },
		{ "predicate": { "damaged": 0, "damage": 0.046218487394958 }, "model": "custom/items/beerhead" },
		{ "predicate": { "damaged": 0, "damage": 0.050420168067227 }, "model": "custom/items/ijsbeerhead" },
		{ "predicate": { "damaged": 0, "damage": 0.054621848739496 }, "model": "custom/items/koalahead" },
		{ "predicate": { "damaged": 0, "damage": 0.058823529411765 }, "model": "custom/items/marnickurhead" },
		{ "predicate": { "damaged": 0, "damage": 0.063025210084034 }, "model": "custom/items/duffyhead" },
		{ "predicate": { "damaged": 0, "damage": 0.067226890756303 }, "model": "custom/items/davidhead" },
		{ "predicate": { "damaged": 0, "damage": 0.071428571428571 }, "model": "custom/items/rotjochhead" },
		{ "predicate": { "damaged": 0, "damage": 0.07563025210084 }, "model": "custom/items/verrekijker" },
		{ "predicate": { "damaged": 0, "damage": 0.084033613445378 }, "model": "custom/items/rozepet" },
		{ "predicate": { "damaged": 0, "damage": 0.088235294117647 }, "model": "custom/items/wittebril" },
		{ "predicate": { "damaged": 0, "damage": 0.092436974789916 }, "model": "custom/items/diamondhogehoed" },
		{ "predicate": { "damaged": 0, "damage": 0.096638655462185 }, "model": "custom/items/sterrebril" },
		{ "predicate": { "damaged": 0, "damage": 0.100840336134454 }, "model": "custom/items/rodehogehoed" },
		{ "predicate": { "damaged": 0, "damage": 0.105042016806723 }, "model": "custom/items/twbril" },
		{ "predicate": { "damaged": 0, "damage": 0.109243697478992 }, "model": "custom/items/pet" },
		{ "predicate": { "damaged": 0, "damage": 0.113445378151261 }, "model": "custom/items/ddgpet" },
		{ "predicate": { "damaged": 0, "damage": 0.117647058823529 }, "model": "custom/items/bivak" },
		{ "predicate": { "damaged": 0, "damage": 0.121848739495798 }, "model": "custom/items/dhdpet" },
		{ "predicate": { "damaged": 0, "damage": 0.126050420168067 }, "model": "custom/items/kerstmuts" },
		{ "predicate": { "damaged": 0, "damage": 0.130252100840336 }, "model": "custom/items/kppet" },
		{ "predicate": { "damaged": 0, "damage": 0.134453781512605 }, "model": "custom/items/abubuhoed" },
		{ "predicate": { "damaged": 0, "damage": 0.138655462184874 }, "model": "custom/items/headset" },
		{ "predicate": { "damaged": 0, "damage": 0.142857142857143 }, "model": "custom/items/pokemonpet" },
		{ "predicate": { "damaged": 0, "damage": 0.147058823529412 }, "model": "custom/items/blauwehelm" },
		{ "predicate": { "damaged": 0, "damage": 0.151260504201681 }, "model": "custom/items/sombrero" },
		{ "predicate": { "damaged": 0, "damage": 0.15546218487395 }, "model": "custom/items/gelehelm" },
		{ "predicate": { "damaged": 0, "damage": 0.159663865546218 }, "model": "custom/items/rodehelm" },
		{ "predicate": { "damaged": 0, "damage": 0.163865546218487 }, "model": "custom/items/thuglifebril" },
		{ "predicate": { "damaged": 0, "damage": 0.168067226890756 }, "model": "custom/items/dollarbril" },
		{ "predicate": { "damaged": 0, "damage": 0.172268907563025 }, "model": "custom/items/groenedollarbril" },
		{ "predicate": { "damaged": 0, "damage": 0.176470588235294 }, "model": "custom/items/planga_paars" },
		{ "predicate": { "damaged": 0, "damage": 0.180672268907563 }, "model": "custom/items/planga_grijs" },
		{ "predicate": { "damaged": 0, "damage": 0.184873949579832 }, "model": "custom/items/planga_geel" },
		{ "predicate": { "damaged": 0, "damage": 0.189075630252101 }, "model": "custom/items/planga_goud" },
		{ "predicate": { "damaged": 0, "damage": 0.19327731092437 }, "model": "custom/items/planga_groen" },
		{ "predicate": { "damaged": 0, "damage": 0.197478991596639 }, "model": "custom/items/planga_oranje" },
		{ "predicate": { "damaged": 0, "damage": 0.201680672268908 }, "model": "custom/items/planga_roze" },
		{ "predicate": { "damaged": 0, "damage": 0.205882352941176 }, "model": "custom/items/planga_magenta" },
		{ "predicate": { "damaged": 0, "damage": 0.214285714285714 }, "model": "custom/items/duikfles" },
		{ "predicate": { "damaged": 0, "damage": 0.252100840336134 }, "model": "custom/items/planga_rood" },
		{ "predicate": { "damaged": 0, "damage": 0.256302521008403 }, "model": "custom/items/planga_wit" },
		{ "predicate": { "damaged": 0, "damage": 0.260504201680672 }, "model": "custom/items/ddgpet_back" },
		{ "predicate": { "damaged": 0, "damage": 0.264705882352941 }, "model": "custom/items/pet_back" },
		{ "predicate": { "damaged": 0, "damage": 0.26890756302521 }, "model": "custom/items/pokemonpet_back" },
		{ "predicate": { "damaged": 0, "damage": 0.273109243697479 }, "model": "custom/items/kppet_back" },
		{ "predicate": { "damaged": 0, "damage": 0.277310924369748 }, "model": "custom/items/dhdpet_back" },
		{ "predicate": { "damaged": 0, "damage": 0.281512605042017 }, "model": "custom/items/heroshead1" },
		{ "predicate": { "damaged": 0, "damage": 0.285714285714286 }, "model": "custom/items/heroshead2" },
		{ "predicate": { "damaged": 0, "damage": 0.289915966386555 }, "model": "custom/items/heroshead3" },
		{ "predicate": { "damaged": 0, "damage": 0.294117647058824 }, "model": "custom/items/heroshead4" },
		{ "predicate": { "damaged": 0, "damage": 0.298319327731092 }, "model": "custom/items/heroshead5" },
		{ "predicate": { "damaged": 0, "damage": 0.302521008403361 }, "model": "custom/items/heroshead6" },
		{ "predicate": { "damaged": 0, "damage": 0.30672268907563 }, "model": "custom/items/geslaagdhoed" },
		{ "predicate": { "damaged": 0, "damage": 0.310924369747899 }, "model": "custom/items/ghosthead" },
		{ "predicate": { "damaged": 0, "damage": 0.315126050420168 }, "model": "custom/items/halloweenmask" },
		{ "predicate": { "damaged": 0, "damage": 0.319327731092437 }, "model": "custom/items/pumpkinmask" },
		{ "predicate": { "damaged": 0, "damage": 0.323529411764706 }, "model": "custom/items/heksenhoed" },
		{ "predicate": { "damaged": 0, "damage": 0.327731092436975 }, "model": "custom/items/rendierhead" },
		{ "predicate": { "damaged": 0, "damage": 0.331932773109244 }, "model": "custom/items/wittestrik" },
		{ "predicate": { "damaged": 0, "damage": 0.336134453781513 }, "model": "custom/items/rodestrik" },
		{ "predicate": { "damaged": 0, "damage": 0.340336134453782 }, "model": "custom/items/blauwestrik" },
		{ "predicate": { "damaged": 0, "damage": 0.34453781512605 }, "model": "custom/items/elfenhoed" },
		{ "predicate": { "damaged": 0, "damage": 0.348739495798319 }, "model": "custom/items/danny026head" },
		{ "predicate": { "damaged": 0, "damage": 0.352941176470588 }, "model": "custom/items/goldherohead" },
		{ "predicate": { "damaged": 0, "damage": 0.357142857142857 }, "model": "custom/items/itsjustsstefanhead" },
		{ "predicate": { "damaged": 0, "damage": 0.361344537815126 }, "model": "custom/items/jephreauhead" },
		{ "predicate": { "damaged": 0, "damage": 0.365546218487395 }, "model": "custom/items/loena31chead" },
		{ "predicate": { "damaged": 0, "damage": 0.369747899159664 }, "model": "custom/items/willembouwenshead" },
		{ "predicate": { "damaged": 0, "damage": 0.373949579831933 }, "model": "custom/items/robertvdmhead" },
		{ "predicate": { "damaged": 0, "damage": 0.378151260504202 }, "model": "custom/items/tiara" },
		{ "predicate": { "damaged": 0, "damage": 0.382352941176471 }, "model": "custom/items/goudeheadset" },
		{ "predicate": { "damaged": 0, "damage": 0.386554621848739 }, "model": "custom/items/oranjepet" },
		{ "predicate": { "damaged": 0, "damage": 0.390756302521008 }, "model": "custom/items/whoamshead" },
		{ "predicate": { "damaged": 0, "damage": 0.394957983193277 }, "model": "custom/items/hollandbril" },
		{ "predicate": { "damaged": 0, "damage": 0.399159663865546 }, "model": "custom/items/helo" },
		{ "predicate": { "damaged": 0, "damage": 0.403361344537815 }, "model": "custom/items/nightriderhelm" },
		{ "predicate": { "damaged": 0, "damage": 0.407563025210084 }, "model": "custom/items/propellorpet" },
		{ "predicate": { "damaged": 0, "damage": 0.411764705882353 }, "model": "custom/items/drolhoed" },
		{ "predicate": { "damaged": 0, "damage": 0.415966386554622 }, "model": "custom/items/onstopperhead" },
		{ "predicate": { "damaged": 0, "damage": 0.420168067226891 }, "model": "custom/items/smilleymask" },
		{ "predicate": { "damaged": 0, "damage": 0.42436974789916 }, "model": "custom/items/wolfhead" },
		{ "predicate": { "damaged": 0, "damage": 0.428571428571429 }, "model": "custom/items/pinkgokuhair" },
		{ "predicate": { "damaged": 0, "damage": 0.432773109243697 }, "model": "custom/items/orangegokuhair" },
		{ "predicate": { "damaged": 0, "damage": 0.436974789915966 }, "model": "custom/items/bluegokuhair" },
		{ "predicate": { "damaged": 0, "damage": 0.441176470588235 }, "model": "custom/items/greengokuhair" },
		{ "predicate": { "damaged": 0, "damage": 0.445378151260504 }, "model": "custom/items/dennisv96head" },
		{ "predicate": { "damaged": 0, "damage": 0.449579831932773 }, "model": "custom/empty_space" },
		{ "predicate": { "damaged": 1 }, "model": "item/shears" }
	]
}
