{
"__comment": "Designed by Portalcrafter51 with BDcraft Cubik PRO 0.8 Beta - http://bdcraft.net",
"textures": {
    "dark_handle": "block/anvil_base",
    "texture": "block/iron_block",
    "handle": "block/planks_jungle"
},
"elements": [ 
{
    "from": [ 9.5, 0, 8.5 ],
    "to": [ 10, 1.5, 9 ],
    "faces": {
        "down":  { "uv": [ 4, 8.5, 4.5, 8 ], "texture": "#dark_handle" },
        "up":    { "uv": [ 4, 10, 4.5, 10.5 ], "texture": "#dark_handle" },
        "north": { "uv": [ 4, 12.5, 4.5, 14 ], "texture": "#dark_handle" },
        "south": { "uv": [ 4, 13.5, 4.5, 15 ], "texture": "#dark_handle" },
        "west":  { "uv": [ 3.5, 12.5, 4, 14 ], "texture": "#dark_handle" },
        "east":  { "uv": [ 4, 12.5, 4.5, 14 ], "texture": "#dark_handle" }
    }
},
{
    "from": [ 10, 0, 9 ],
    "to": [ 10.5, 1.5, 9.5 ],
    "faces": {
        "down":  { "uv": [ 4.5, 9, 5, 8.5 ], "texture": "#dark_handle" },
        "up":    { "uv": [ 4, 9.5, 4.5, 10 ], "texture": "#dark_handle" },
        "north": { "uv": [ 3.5, 13.5, 4, 15 ], "texture": "#dark_handle" },
        "south": { "uv": [ 4.5, 12.5, 5, 14 ], "texture": "#dark_handle" },
        "west":  { "uv": [ 3.5, 12.5, 4, 14 ], "texture": "#dark_handle" },
        "east":  { "uv": [ 4, 12, 4.5, 13.5 ], "texture": "#dark_handle" }
    }
},
{
    "from": [ 8, 0.5, 3.5 ],
    "to": [ 8.5, 1, 4 ],
    "faces": {
        "down":  { "uv": [ 9.5, 4.5, 10, 4 ], "texture": "#texture" },
        "up":    { "uv": [ 10, 4, 10.5, 4.5 ], "texture": "#texture" },
        "north": { "uv": [ 10, 4.5, 10.5, 5 ], "texture": "#texture" },
        "south": { "uv": [ 10, 4, 10.5, 4.5 ], "texture": "#texture" },
        "west":  { "uv": [ 10.5, 4, 11, 4.5 ], "texture": "#texture" },
        "east":  { "uv": [ 10, 4, 10.5, 4.5 ], "texture": "#texture" }
    }
},
{
    "from": [ 7.5, 0.5, 4 ],
    "to": [ 9, 1, 9.5 ],
    "faces": {
        "down":  { "uv": [ 9, 10.5, 11.5, 5 ], "texture": "#texture" },
        "up":    { "uv": [ 9, 5, 11.5, 10.5 ], "texture": "#texture" },
        "north": { "uv": [ 9, 8, 11.5, 8.5 ], "texture": "#texture" },
        "south": { "uv": [ 9, 5, 11.5, 5.5 ], "texture": "#texture" },
        "west":  { "uv": [ 9, 13, 9.5, 16 ], "texture": "#texture" },
        "east":  { "uv": [ 11, 9.5, 11.5, 13 ], "texture": "#texture" }
    }
},
{
    "from": [ 6.5, 0, 9.5 ],
    "to": [ 10, 1.5, 10 ],
    "faces": {
        "down":  { "uv": [ 3.5, 9, 5, 6.5 ], "texture": "#dark_handle" },
        "up":    { "uv": [ 3.5, 6, 5, 8 ], "texture": "#dark_handle" },
        "north": { "uv": [ 3.5, 7.5, 5, 10.5 ], "texture": "#dark_handle" },
        "south": { "uv": [ 3.5, 8.5, 5, 12 ], "texture": "#dark_handle" },
        "west":  { "uv": [ 3.5, 12, 4, 13.5 ], "texture": "#dark_handle" },
        "east":  { "uv": [ 3.5, 12.5, 4, 14 ], "texture": "#dark_handle" }
    }
},
{
    "from": [ 7.5, 0, 10 ],
    "to": [ 9, 1.5, 15 ],
    "faces": {
        "down":  { "uv": [ 0, 0, 1.5, 4.5 ], "texture": "#handle" },
        "up":    { "uv": [ 0, 0, 1.5, 4.5 ], "texture": "#handle" },
        "north": { "uv": [ 0, 0, 1.5, 1.5 ], "texture": "#handle" },
        "south": { "uv": [ 0, 14.5, 1.5, 16 ], "texture": "#handle" },
        "west":  { "uv": [ 5, 0, 9.5, 1.5 ], "texture": "#handle" },
        "east":  { "uv": [ 5, 0, 10, 1.5 ], "texture": "#handle" }
    }
},
{
    "from": [ 7, 0, 15 ],
    "to": [ 9.5, 1.5, 16 ],
    "faces": {
        "down":  { "uv": [ 9, 16, 11.5, 15 ], "texture": "#dark_handle" },
        "up":    { "uv": [ 9, 15, 11.5, 16 ], "texture": "#dark_handle" },
        "north": { "uv": [ 9, 14.5, 11.5, 16 ], "texture": "#dark_handle" },
        "south": { "uv": [ 9, 14.5, 11.5, 16 ], "texture": "#dark_handle" },
        "west":  { "uv": [ 9, 14.5, 10, 16 ], "texture": "#dark_handle" },
        "east":  { "uv": [ 10.5, 14.5, 11.5, 16 ], "texture": "#dark_handle" }
    }
}
],
"display": {
    "thirdperson_righthand": {
        "rotation": [ 92, 3, -83 ],
        "translation": [ 5.26, 3.48, 2.34 ],
        "scale": [ 0.7, 0.7, 0.7 ]
    },
    "thirdperson_lefthand": {
        "rotation": [ 92, 3, -83 ],
        "translation": [ 5.26, 3.48, 2.34 ],
        "scale": [ 0.7, 0.7, 0.7 ]
    },
    "ground": {
        "rotation": [ 0, 0, 0 ],
        "translation": [ 0, 7.16, 0 ],
        "scale": [ 0.6, 0.6, 0.6 ]
    },
    "fixed": {
        "rotation": [ 0, 0, 0 ],
        "translation": [ 1.84, -0.7, 0.19 ],
        "scale": [ 0.6, 0.6, 0.6 ]
    },
    "firstperson_righthand": {
        "rotation": [ 63, 0, 100 ],
        "translation": [ -6.02, 3.99, 0.95 ],
        "scale": [ 0.75, 0.75, 0.75 ]
    },
    "firstperson_lefthand": {
        "rotation": [ 63, 0, 100 ],
        "translation": [ -6.02, 3.99, 0.95 ],
        "scale": [ 0.75, 0.75, 0.75 ]
    },
    "gui": {
        "rotation": [ 100, 36, -37 ],
        "translation": [ 1.96, 2.72, -1.71 ],
        "scale": [ 1, 1, 1 ]
    }
}
}