{
"__comment": "Designed by NathanKuijt - In Order Of DusDavidGames",
"textures": {
    "texture": "custom/overige/giraffe",
    "daylight_detector_side": "block/daylight_detector_side",
    "destroy_stage_0": "block/snow"
},
"elements": [
{
    "from": [ 2.5, 6, 3.5 ],
    "to": [ 5, 22, 5.5 ],
    "faces": {
        "down":  { "uv": [ 14, 4.5, 12.5, 3.5 ], "texture": "#texture" },
        "up":    { "uv": [ 2, 3.5, 3.5, 4.5 ], "texture": "#texture" },
        "north": { "uv": [ 12.5, 0.5, 14, 16 ], "texture": "#texture" },
        "south": { "uv": [ 2, 0.5, 3.5, 16 ], "texture": "#texture" },
        "west":  { "uv": [ 3.5, 0.5, 4.5, 16 ], "texture": "#texture" },
        "east":  { "uv": [ 11.5, 0.5, 12.5, 16 ], "texture": "#texture" }
    }
},
{
    "from": [ 2, 20, 3 ],
    "to": [ 5.5, 23.5, 6 ],
    "faces": {
        "down":  { "uv": [ 2, 3, 5.5, 6 ], "texture": "#texture" },
        "up":    { "uv": [ 2, 3, 5.5, 6 ], "texture": "#texture" },
        "north": { "uv": [ 2, 0, 5.5, 3.5 ], "texture": "#texture" },
        "south": { "uv": [ 2, 0, 5.5, 3.5 ], "texture": "#texture" },
        "west":  { "uv": [ 3, 0, 7.5, 0 ], "texture": "#texture" },
        "east":  { "uv": [ 3, 0, 6, 3.5 ], "texture": "#texture" }
    }
},
{
    "from": [ 0, 20.125, 3.5 ],
    "to": [ 2.5, 21.625, 5.5 ],
    "faces": {
        "down":  { "uv": [ 16, 5.5, 13.5, 3.5 ], "texture": "#texture" },
        "up":    { "uv": [ 0, 3.5, 2.5, 5.5 ], "texture": "#texture" },
        "north": { "uv": [ 13.5, 0, 16, 0 ], "texture": "#texture" },
        "south": { "uv": [ 0, 0, 2.5, 0 ], "texture": "#texture" },
        "west":  { "uv": [ 3.5, 0, 5.5, 0 ], "texture": "#texture" },
        "east":  { "uv": [ 10.5, 0, 12.5, 0 ], "texture": "#texture" }
    }
},
{
    "from": [ 3.4375, 5.875, 2.5 ],
    "to": [ 7.4375, 8.875, 6.5 ],
    "rotation": { "origin": [ 3.4375, 8.875, 2.5 ], "axis": "z", "angle": -22.5 },
    "faces": {
        "down":  { "uv": [ 12, 5, 8, 4 ], "texture": "#texture" },
        "up":    { "uv": [ 4, 4, 8, 5 ], "texture": "#texture" },
        "north": { "uv": [ 8, 10, 12, 13 ], "texture": "#texture" },
        "south": { "uv": [ 4, 10, 8, 13 ], "texture": "#texture" },
        "west":  { "uv": [ 4, 10, 5, 13 ], "texture": "#texture" },
        "east":  { "uv": [ 11, 10, 12, 13 ], "texture": "#texture" }
    }
},
{
    "from": [ 2.25, 0.5625, 1.5 ],
    "to": [ 12.75, 7.5625, 7.5 ],
    "faces": {
        "down":  { "uv": [ 13.75, 7.5, 3.25, 1.5 ], "texture": "#texture" },
        "up":    { "uv": [ 2.25, 1.5, 12.75, 7.5 ], "texture": "#texture" },
        "north": { "uv": [ 3.25, 8.4375, 13.75, 15.4375 ], "texture": "#texture" },
        "south": { "uv": [ 2.25, 8.4375, 12.75, 15.4375 ], "texture": "#texture" },
        "west":  { "uv": [ 1.5, 8.4375, 7.5, 15.4375 ], "texture": "#texture" },
        "east":  { "uv": [ 8.5, 8.4375, 14.5, 15.4375 ], "texture": "#texture" }
    }
},
{
    "from": [ 11, -5, 6 ],
    "to": [ 12.5, 1.5, 7.5 ],
    "faces": {
        "down":  { "uv": [ 5, 7.5, 3.5, 6 ], "texture": "#texture" },
        "up":    { "uv": [ 11, 6, 12.5, 7.5 ], "texture": "#texture" },
        "north": { "uv": [ 3.5, 14.5, 5, 16 ], "texture": "#texture" },
        "south": { "uv": [ 11, 14.5, 12.5, 16 ], "texture": "#texture" },
        "west":  { "uv": [ 6, 14.5, 7.5, 16 ], "texture": "#texture" },
        "east":  { "uv": [ 8.5, 14.5, 10, 16 ], "texture": "#texture" }
    }
},
{
    "from": [ 11, -5, 1.5 ],
    "to": [ 12.5, 1.5, 3 ],
    "faces": {
        "down":  { "uv": [ 5, 3, 3.5, 1.5 ], "texture": "#texture" },
        "up":    { "uv": [ 11, 1.5, 12.5, 3 ], "texture": "#texture" },
        "north": { "uv": [ 3.5, 14.5, 5, 16 ], "texture": "#texture" },
        "south": { "uv": [ 11, 14.5, 12.5, 16 ], "texture": "#texture" },
        "west":  { "uv": [ 1.5, 14.5, 3, 16 ], "texture": "#texture" },
        "east":  { "uv": [ 13, 14.5, 14.5, 16 ], "texture": "#texture" }
    }
},
{
    "from": [ 4.44902, 23, 5 ],
    "to": [ 4.94902, 24.5, 5.5 ],
    "rotation": { "origin": [ 4.44902, 24.5, 5 ], "axis": "z", "angle": -22.5 },
    "faces": {
        "down":  { "uv": [ 16, 5, 16, 4 ], "texture": "#daylight_detector_side" },
        "up":    { "uv": [ 0, 4, 0, 5 ], "texture": "#daylight_detector_side" },
        "north": { "uv": [ 16, 0, 16, 0 ], "texture": "#daylight_detector_side" },
        "south": { "uv": [ 0, 0, 0, 0 ], "texture": "#daylight_detector_side" },
        "west":  { "uv": [ 4, 0, 5, 0 ], "texture": "#daylight_detector_side" },
        "east":  { "uv": [ 11, 0, 12, 0 ], "texture": "#daylight_detector_side" }
    }
},
{
    "from": [ 12, 1.5, 4 ],
    "to": [ 13, 6.5, 5 ],
    "rotation": { "origin": [ 12, 6.5, 4 ], "axis": "z", "angle": 22.5 },
    "faces": {
        "down":  { "uv": [ 1.5, 5, 0.5, 4 ], "texture": "#texture" },
        "up":    { "uv": [ 14.5, 4, 15.5, 5 ], "texture": "#texture" },
        "north": { "uv": [ 0.5, 9.5, 1.5, 14.5 ], "texture": "#texture" },
        "south": { "uv": [ 14.5, 9.5, 15.5, 14.5 ], "texture": "#texture" },
        "west":  { "uv": [ 4, 9.5, 5, 14.5 ], "texture": "#texture" },
        "east":  { "uv": [ 11, 9.5, 12, 14.5 ], "texture": "#texture" }
    }
},
{
    "from": [ 4.44902, 23, 3.5 ],
    "to": [ 4.94902, 24.5, 4 ],
    "rotation": { "origin": [ 4.44902, 24.5, 3.5 ], "axis": "z", "angle": -22.5 },
    "faces": {
        "down":  { "uv": [ 16, 5, 16, 4 ], "texture": "#daylight_detector_side" },
        "up":    { "uv": [ 0, 4, 0, 5 ], "texture": "#daylight_detector_side" },
        "north": { "uv": [ 16, 0, 16, 0 ], "texture": "#daylight_detector_side" },
        "south": { "uv": [ 0, 0, 0, 0 ], "texture": "#daylight_detector_side" },
        "west":  { "uv": [ 4, 0, 5, 0 ], "texture": "#daylight_detector_side" },
        "east":  { "uv": [ 11, 0, 12, 0 ], "texture": "#daylight_detector_side" }
    }
},
{
    "from": [ 13.5, 1, 3.75 ],
    "to": [ 15, 2.5, 5.25 ],
    "faces": {
        "down":  { "uv": [ 2.5, 5.25, 1, 3.75 ], "texture": "#daylight_detector_side" },
        "up":    { "uv": [ 13.5, 3.75, 15, 5.25 ], "texture": "#daylight_detector_side" },
        "north": { "uv": [ 1, 13.5, 2.5, 15 ], "texture": "#daylight_detector_side" },
        "south": { "uv": [ 13.5, 13.5, 15, 15 ], "texture": "#daylight_detector_side" },
        "west":  { "uv": [ 3.75, 13.5, 5.25, 15 ], "texture": "#daylight_detector_side" },
        "east":  { "uv": [ 10.75, 13.5, 12.25, 15 ], "texture": "#daylight_detector_side" }
    }
},
{
    "from": [ 2.5, -5, 1.5 ],
    "to": [ 4, 1.5, 3 ],
    "faces": {
        "down":  { "uv": [ 13.5, 3, 12, 1.5 ], "texture": "#texture" },
        "up":    { "uv": [ 2.5, 1.5, 4, 3 ], "texture": "#texture" },
        "north": { "uv": [ 12, 14.5, 13.5, 16 ], "texture": "#texture" },
        "south": { "uv": [ 2.5, 14.5, 4, 16 ], "texture": "#texture" },
        "west":  { "uv": [ 1.5, 14.5, 3, 16 ], "texture": "#texture" },
        "east":  { "uv": [ 13, 14.5, 14.5, 16 ], "texture": "#texture" }
    }
},
{
    "from": [ 2.5, -5, 6 ],
    "to": [ 4, 1.5, 7.5 ],
    "faces": {
        "down":  { "uv": [ 13.5, 7.5, 12, 6 ], "texture": "#texture" },
        "up":    { "uv": [ 2.5, 6, 4, 7.5 ], "texture": "#texture" },
        "north": { "uv": [ 12, 14.5, 13.5, 16 ], "texture": "#texture" },
        "south": { "uv": [ 2.5, 14.5, 4, 16 ], "texture": "#texture" },
        "west":  { "uv": [ 6, 14.5, 7.5, 16 ], "texture": "#texture" },
        "east":  { "uv": [ 8.5, 14.5, 10, 16 ], "texture": "#texture" }
    }
},
{
    "from": [ 2.5, 1, 1 ],
    "to": [ 11.5, 7, 2.5 ],
    "faces": {
        "down":  { "uv": [ 13.5, 2.5, 4.5, 1 ], "texture": "#texture" },
        "up":    { "uv": [ 2.5, 1, 11.5, 2.5 ], "texture": "#texture" },
        "north": { "uv": [ 4.5, 9, 13.5, 15 ], "texture": "#texture" },
        "south": { "uv": [ 2.5, 9, 11.5, 15 ], "texture": "#texture" },
        "west":  { "uv": [ 1, 9, 2.5, 15 ], "texture": "#texture" },
        "east":  { "uv": [ 13.5, 9, 15, 15 ], "texture": "#texture" }
    }
},
{
    "from": [ 2.5, 1, 6.5 ],
    "to": [ 11.5, 7, 8 ],
    "faces": {
        "down":  { "uv": [ 13.5, 8, 4.5, 6.5 ], "texture": "#texture" },
        "up":    { "uv": [ 2.5, 6.5, 11.5, 8 ], "texture": "#texture" },
        "north": { "uv": [ 4.5, 9, 13.5, 15 ], "texture": "#texture" },
        "south": { "uv": [ 2.5, 9, 11.5, 15 ], "texture": "#texture" },
        "west":  { "uv": [ 6.5, 9, 8, 15 ], "texture": "#texture" },
        "east":  { "uv": [ 8, 9, 9.5, 15 ], "texture": "#texture" }
    }
},
{
    "from": [ -0.0625, 20.75, 3.6875 ],
    "to": [ 0.9375, 21.75, 5.1875 ],
    "faces": {
        "down":  { "uv": [ 16, 5.1875, 15.0625, 3.6875 ], "texture": "#daylight_detector_side" },
        "up":    { "uv": [ 0, 3.6875, 0.9375, 5.1875 ], "texture": "#daylight_detector_side" },
        "north": { "uv": [ 15.0625, 0, 16, 0 ], "texture": "#daylight_detector_side" },
        "south": { "uv": [ 0, 0, 0.9375, 0 ], "texture": "#daylight_detector_side" },
        "west":  { "uv": [ 3.6875, 0, 5.1875, 0 ], "texture": "#daylight_detector_side" },
        "east":  { "uv": [ 10.8125, 0, 12.3125, 0 ], "texture": "#daylight_detector_side" }
    }
},
{
    "from": [ 1.8125, 22, 3.5 ],
    "to": [ 2.3125, 23, 4 ],
    "faces": {
        "down":  { "uv": [ 14.1875, 4, 13.6875, 3.5 ], "texture": "#daylight_detector_side" },
        "up":    { "uv": [ 1.8125, 3.5, 2.3125, 4 ], "texture": "#daylight_detector_side" },
        "north": { "uv": [ 13.6875, 0, 14.1875, 0 ], "texture": "#daylight_detector_side" },
        "south": { "uv": [ 1.8125, 0, 2.3125, 0 ], "texture": "#daylight_detector_side" },
        "west":  { "uv": [ 3.5, 0, 4, 0 ], "texture": "#daylight_detector_side" },
        "east":  { "uv": [ 12, 0, 12.5, 0 ], "texture": "#daylight_detector_side" }
    }
},
{
    "from": [ 1.8125, 22, 5 ],
    "to": [ 2.3125, 23, 5.5 ],
    "faces": {
        "down":  { "uv": [ 14.1875, 5.5, 13.6875, 5 ], "texture": "#daylight_detector_side" },
        "up":    { "uv": [ 1.8125, 5, 2.3125, 5.5 ], "texture": "#daylight_detector_side" },
        "north": { "uv": [ 13.6875, 0, 14.1875, 0 ], "texture": "#daylight_detector_side" },
        "south": { "uv": [ 1.8125, 0, 2.3125, 0 ], "texture": "#daylight_detector_side" },
        "west":  { "uv": [ 5, 0, 5.5, 0 ], "texture": "#daylight_detector_side" },
        "east":  { "uv": [ 10.5, 0, 11, 0 ], "texture": "#daylight_detector_side" }
    }
},
{
    "from": [ 1.75, 22.5, 3.5625 ],
    "to": [ 2, 22.9375, 3.8125 ],
    "faces": {
        "down":  { "uv": [ 14.25, 3.8125, 14, 3.5625 ], "texture": "#destroy_stage_0" },
        "up":    { "uv": [ 1.75, 3.5625, 2, 3.8125 ], "texture": "#destroy_stage_0" },
        "north": { "uv": [ 14, 0, 14.25, 0 ], "texture": "#destroy_stage_0" },
        "south": { "uv": [ 1.75, 0, 2, 0 ], "texture": "#destroy_stage_0" },
        "west":  { "uv": [ 3.5625, 0, 3.8125, 0 ], "texture": "#destroy_stage_0" },
        "east":  { "uv": [ 12.1875, 0, 12.4375, 0 ], "texture": "#destroy_stage_0" }
    }
},
{
    "from": [ 1.75, 22.5, 5.0625 ],
    "to": [ 2, 22.9375, 5.3125 ],
    "faces": {
        "down":  { "uv": [ 14.25, 5.3125, 14, 5.0625 ], "texture": "#destroy_stage_0" },
        "up":    { "uv": [ 1.75, 5.0625, 2, 5.3125 ], "texture": "#destroy_stage_0" },
        "north": { "uv": [ 14, 0, 14.25, 0 ], "texture": "#destroy_stage_0" },
        "south": { "uv": [ 1.75, 0, 2, 0 ], "texture": "#destroy_stage_0" },
        "west":  { "uv": [ 5.0625, 0, 5.3125, 0 ], "texture": "#destroy_stage_0" },
        "east":  { "uv": [ 10.6875, 0, 10.9375, 0 ], "texture": "#destroy_stage_0" }
    }
}
],
"display": {
    "thirdperson_righthand": {
        "rotation": [ 37, -61, -10 ],
        "translation": [ -1.7, 0.94, 0.94 ],
        "scale": [ 0.6, 0.6, 0.6 ]
    },
    "thirdperson_lefthand": {
        "rotation": [ 37, 61, -10 ],
        "translation": [ 0.94, 0.94, 0.94 ],
        "scale": [ 0.6, 0.6, 0.6 ]
    },
    "head": {
        "rotation": [ 0, -74, 0 ],
        "translation": [ -2.83, 18.33, 0 ],
        "scale": [ 1, 1, 1 ]
    },
    "ground": {
        "rotation": [ 0, 0, 0 ],
        "translation": [ 0, 4, 0 ],
        "scale": [ 0.45, 0.45, 0.45 ]
    },
    "fixed": {
        "rotation": [ 0, 0, 0 ],
        "translation": [ 0, -1.32, 2.46 ],
        "scale": [ 0.8, 0.8, 0.8 ]
    },
    "firstperson_righthand": {
        "rotation": [ 0, -72, 0 ],
        "translation": [ 2.83, 0.57, 0 ],
        "scale": [ 1, 1, 1 ]
    },
    "firstperson_lefthand": {
        "rotation": [ 0, 92, 0 ],
        "translation": [ 5.1, 0.56, 0 ],
        "scale": [ 1, 1, 1 ]
    },
    "gui": {
        "rotation": [ 30, 142, 0 ],
        "translation": [ 0, 1, 0 ],
        "scale": [ 0.6, 0.55, 0.6 ]
    }
}
}
